boll_lb,ticker,date
,v,2018-01-05
118.42118200635421,v,2018-01-08
118.62319786262621,v,2018-01-09
118.66153030923493,v,2018-01-10
118.45275147751079,v,2018-01-11
118.38207668976162,v,2018-01-12
118.3291888979077,v,2018-01-16
117.76387505964428,v,2018-01-17
117.2712779969622,v,2018-01-18
117.26369814967002,v,2018-01-19
116.97492030952283,v,2018-01-22
116.84720356198721,v,2018-01-23
116.8707075518743,v,2018-01-24
116.8600443923101,v,2018-01-25
116.75473032405908,v,2018-01-26
116.90980178920069,v,2018-01-29
117.11304870836017,v,2018-01-30
117.28796818723517,v,2018-01-31
117.3688224450449,v,2018-02-01
117.37456035222955,v,2018-02-02
116.7513649808678,v,2018-02-05
116.8469169221029,v,2018-02-06
116.9357858165539,v,2018-02-07
115.62697885470523,v,2018-02-08
115.01508337836157,v,2018-02-09
114.80646505015034,v,2018-02-12
114.55780515190307,v,2018-02-13
114.48966731466939,v,2018-02-14
114.47303366992465,v,2018-02-15
114.44663785084872,v,2018-02-16
114.44194877885738,v,2018-02-20
114.37776379665205,v,2018-02-21
114.33500643981682,v,2018-02-22
114.44307251616968,v,2018-02-23
114.61548793239757,v,2018-02-26
114.70586957376177,v,2018-02-27
114.727481508633,v,2018-02-28
114.75939507104927,v,2018-03-01
115.03569546079707,v,2018-03-02
115.0441571091934,v,2018-03-05
115.64214515930696,v,2018-03-06
115.71661212159643,v,2018-03-07
115.82783574745199,v,2018-03-08
117.30952092767919,v,2018-03-09
118.2748747556853,v,2018-03-12
118.82514806577997,v,2018-03-13
119.5368211672729,v,2018-03-14
119.69855932163023,v,2018-03-15
119.63711553053719,v,2018-03-16
119.70120996916471,v,2018-03-19
119.66564300339803,v,2018-03-20
119.9897184372059,v,2018-03-21
119.89508306545487,v,2018-03-22
118.61223368173425,v,2018-03-23
118.46209869695133,v,2018-03-26
117.62394360257085,v,2018-03-27
116.81655522107172,v,2018-03-28
116.72169170719881,v,2018-03-29
116.40168673847762,v,2018-04-02
116.16601944619026,v,2018-04-03
116.05643246993748,v,2018-04-04
116.0284391096895,v,2018-04-05
115.58368228515909,v,2018-04-06
115.45439763420438,v,2018-04-09
115.52919014142587,v,2018-04-10
115.4943063520526,v,2018-04-11
115.50993840654934,v,2018-04-12
115.58473517079653,v,2018-04-13
115.82970345383033,v,2018-04-16
115.76236146699492,v,2018-04-17
115.83621015375113,v,2018-04-18
115.74953936867878,v,2018-04-19
115.60598609482119,v,2018-04-20
115.92162212703867,v,2018-04-23
115.94768351623999,v,2018-04-24
116.40544111189303,v,2018-04-25
116.5429192030253,v,2018-04-26
116.54815309276294,v,2018-04-27
116.76024763006444,v,2018-04-30
116.8834601819981,v,2018-05-01
117.1393968380019,v,2018-05-02
117.20943854676239,v,2018-05-03
117.95015684412817,v,2018-05-04
118.47942754639072,v,2018-05-07
118.68552041947444,v,2018-05-08
119.13496810458835,v,2018-05-09
119.47354247300738,v,2018-05-10
119.95472782021125,v,2018-05-11
120.4372604294986,v,2018-05-14
120.6980601564895,v,2018-05-15
120.95053288403422,v,2018-05-16
121.38839125980579,v,2018-05-17
121.84472399789284,v,2018-05-18
122.30165768519456,v,2018-05-21
123.70968601397477,v,2018-05-22
125.53565024840401,v,2018-05-23
125.78967678646514,v,2018-05-24
126.39654323960235,v,2018-05-25
126.83608235300024,v,2018-05-29
127.21791217446865,v,2018-05-30
128.03614324526697,v,2018-05-31
128.76953146700603,v,2018-06-01
129.08674083384668,v,2018-06-04
129.09061553577143,v,2018-06-05
128.40973689407443,v,2018-06-06
128.38166503885319,v,2018-06-07
128.27648544436087,v,2018-06-08
128.24640659956444,v,2018-06-11
128.19990921990384,v,2018-06-12
128.249222244895,v,2018-06-13
128.3131586190024,v,2018-06-14
128.57332782820563,v,2018-06-15
128.80421946292242,v,2018-06-18
129.06978908915423,v,2018-06-19
129.35888466578797,v,2018-06-20
129.53097954531634,v,2018-06-21
129.7091881119619,v,2018-06-22
129.64402156882068,v,2018-06-25
130.20251279937355,v,2018-06-26
130.28859776471478,v,2018-06-27
130.6601369707225,v,2018-06-28
130.98989110979915,v,2018-06-29
130.91259245166407,v,2018-07-02
130.60410775383122,v,2018-07-03
130.63756210019093,v,2018-07-05
130.64693681861763,v,2018-07-06
130.61732508188624,v,2018-07-09
130.50914520342002,v,2018-07-10
130.21131477116606,v,2018-07-11
129.71021403210617,v,2018-07-12
129.4238071666411,v,2018-07-13
129.31711799938324,v,2018-07-16
129.1004223277105,v,2018-07-17
128.81579228340746,v,2018-07-18
128.68695987276766,v,2018-07-19
128.599404513579,v,2018-07-20
128.5973878656249,v,2018-07-23
129.25852731827538,v,2018-07-24
129.5191054319739,v,2018-07-25
130.26595837273248,v,2018-07-26
130.90963544014,v,2018-07-27
131.5588794834127,v,2018-07-30
132.2848333220681,v,2018-07-31
133.56737568052083,v,2018-08-01
134.52837479559517,v,2018-08-02
135.4517690923775,v,2018-08-03
136.09556178389116,v,2018-08-06
136.53072492547648,v,2018-08-07
136.71400986322837,v,2018-08-08
136.71845781923878,v,2018-08-09
136.73922257135357,v,2018-08-10
136.89187283448877,v,2018-08-13
136.92831376616138,v,2018-08-14
136.91051179024697,v,2018-08-15
136.9202242904069,v,2018-08-16
136.90906826665795,v,2018-08-17
136.9239126227557,v,2018-08-20
136.92439924927055,v,2018-08-21
137.05123668464236,v,2018-08-22
137.10111590636393,v,2018-08-23
136.69738617229325,v,2018-08-24
136.81572703433952,v,2018-08-27
137.13639718499252,v,2018-08-28
136.92723186597314,v,2018-08-29
136.8863214856229,v,2018-08-30
136.83674452048643,v,2018-08-31
136.80841792884928,v,2018-09-04
137.0284154625775,v,2018-09-05
137.2447669117512,v,2018-09-06
137.5665192367084,v,2018-09-07
137.99388288072237,v,2018-09-10
138.36967704945116,v,2018-09-11
138.6564266026259,v,2018-09-12
139.10942131411846,v,2018-09-13
139.50329503334635,v,2018-09-14
139.9329046512717,v,2018-09-17
140.4643341891505,v,2018-09-18
141.39148584814893,v,2018-09-19
142.0094546606804,v,2018-09-20
142.41310289584862,v,2018-09-21
142.593985124657,v,2018-09-24
142.6170556014037,v,2018-09-25
142.74018135842525,v,2018-09-26
142.67026753310563,v,2018-09-27
142.64502010724416,v,2018-09-28
142.58406691251835,v,2018-10-01
142.57918833584438,v,2018-10-02
143.42209546097706,v,2018-10-03
143.78880994744702,v,2018-10-04
144.32622992756765,v,2018-10-05
143.6424279528301,v,2018-10-08
142.90426769207906,v,2018-10-09
139.89216056095344,v,2018-10-10
137.03598294356718,v,2018-10-11
136.23636890350477,v,2018-10-12
135.01120781459224,v,2018-10-15
134.61073153439318,v,2018-10-16
134.32360480613633,v,2018-10-17
133.69259153075726,v,2018-10-18
133.3089030114323,v,2018-10-19
133.0286999491909,v,2018-10-22
132.67457913652333,v,2018-10-23
131.5924627201775,v,2018-10-24
131.6789052410092,v,2018-10-25
131.62341516463556,v,2018-10-26
131.36267685419642,v,2018-10-29
130.92459916720992,v,2018-10-30
131.56965537482318,v,2018-10-31
132.09876936818054,v,2018-11-01
132.517549148122,v,2018-11-02
132.58089687506939,v,2018-11-05
132.67409408500657,v,2018-11-06
132.65172417346506,v,2018-11-07
133.1100113174441,v,2018-11-08
132.99869298762485,v,2018-11-09
133.22191757632353,v,2018-11-12
133.1859689659128,v,2018-11-13
133.17008428445308,v,2018-11-14
133.21641081051172,v,2018-11-15
133.21988500574324,v,2018-11-16
132.58561844130276,v,2018-11-19
131.78539783854464,v,2018-11-20
131.81534430966104,v,2018-11-21
130.96001172214065,v,2018-11-23
130.7813019690124,v,2018-11-26
131.01195459381293,v,2018-11-27
131.89139132472806,v,2018-11-28
131.9788661591888,v,2018-11-29
131.9702512720374,v,2018-11-30
131.7874967290528,v,2018-12-03
131.7216447943293,v,2018-12-04
131.72419379679272,v,2018-12-06
131.70113054530128,v,2018-12-07
131.91760745381572,v,2018-12-10
131.98282117730747,v,2018-12-11
131.91630560274297,v,2018-12-12
131.8389459934227,v,2018-12-13
131.5110815411682,v,2018-12-14
130.64215187720123,v,2018-12-17
130.08349385491616,v,2018-12-18
129.50354377109835,v,2018-12-19
128.55884392412935,v,2018-12-20
126.36338217188259,v,2018-12-21
123.93351925420464,v,2018-12-24
123.4100192940381,v,2018-12-26
123.13162062048843,v,2018-12-27
122.860781622948,v,2018-12-28
122.65204467252143,v,2018-12-31
122.7618648403452,v,2019-01-02
123.01903812096941,v,2019-01-03
123.13335664454377,v,2019-01-04
123.57285945059947,v,2019-01-07
123.5910572892656,v,2019-01-08
123.54511786387391,v,2019-01-09
123.40841233609049,v,2019-01-10
123.38894267103609,v,2019-01-11
123.4157855886554,v,2019-01-14
123.3397530840141,v,2019-01-15
123.42286188913951,v,2019-01-16
123.45698369408413,v,2019-01-17
123.57741470196407,v,2019-01-18
124.10787513494643,v,2019-01-22
125.79595178522315,v,2019-01-23
128.92074820896758,v,2019-01-24
129.67101756485297,v,2019-01-25
130.13826549115626,v,2019-01-28
130.8191706113749,v,2019-01-29
131.4673285371979,v,2019-01-30
131.80395998969144,v,2019-01-31
134.2003701452636,v,2019-02-01
134.50692368540064,v,2019-02-04
134.22258990631968,v,2019-02-05
134.17717928941642,v,2019-02-06
134.16654662939627,v,2019-02-07
134.14570857534687,v,2019-02-08
134.1450756970351,v,2019-02-11
134.1713246740511,v,2019-02-12
134.0611781365303,v,2019-02-13
134.0946375089154,v,2019-02-14
134.01119890538902,v,2019-02-15
133.9635960582083,v,2019-02-19
134.01962912962907,v,2019-02-20
134.37047003797812,v,2019-02-21
134.53966966532303,v,2019-02-22
134.65621062306778,v,2019-02-25
135.2859544376058,v,2019-02-26
136.37719784141956,v,2019-02-27
136.91383724840142,v,2019-02-28
138.29321947296467,v,2019-03-01
138.6885081047836,v,2019-03-04
138.93911000406626,v,2019-03-05
139.11545264558796,v,2019-03-06
139.54674779244937,v,2019-03-07
140.34022736037886,v,2019-03-08
140.94456708330813,v,2019-03-11
141.49186477371717,v,2019-03-12
141.8321464471167,v,2019-03-13
141.75174324870497,v,2019-03-14
141.77537338240452,v,2019-03-15
141.81195676259904,v,2019-03-18
142.15303787774363,v,2019-03-19
142.66065798059307,v,2019-03-20
143.27566872862164,v,2019-03-21
143.85051470494813,v,2019-03-22
144.4764576467559,v,2019-03-25
144.8922695801072,v,2019-03-26
145.43621909929283,v,2019-03-27
145.8753950518991,v,2019-03-28
146.07629004733388,v,2019-03-29
146.54841404994886,v,2019-04-01
147.12110822740536,v,2019-04-02
147.83170101758674,v,2019-04-03
149.14452181175605,v,2019-04-04
150.6497173706188,v,2019-04-05
151.33280188242244,v,2019-04-08
151.88423399314286,v,2019-04-09
152.26721389981716,v,2019-04-10
152.44023603117523,v,2019-04-11
152.33117960951876,v,2019-04-12
152.24784541023453,v,2019-04-15
152.3380849568732,v,2019-04-16
152.64505699628597,v,2019-04-17
152.72393028526918,v,2019-04-18
153.37699225539865,v,2019-04-22
154.07768735376996,v,2019-04-23
154.37129309066,v,2019-04-24
155.09287316342582,v,2019-04-25
155.62184767832306,v,2019-04-26
155.70211545514329,v,2019-04-29
155.6898902929539,v,2019-04-30
155.90373295117905,v,2019-05-01
156.10619668008704,v,2019-05-02
156.4718445732419,v,2019-05-03
156.8870967778913,v,2019-05-06
157.27069555967935,v,2019-05-07
157.81176831050865,v,2019-05-08
158.03490178878755,v,2019-05-09
158.57896551851098,v,2019-05-10
158.00833455567104,v,2019-05-13
157.9834560804537,v,2019-05-14
158.07200862015756,v,2019-05-15
157.96499638424518,v,2019-05-16
158.05513019528098,v,2019-05-17
158.1905487287722,v,2019-05-20
158.20254179226546,v,2019-05-21
158.2237241475681,v,2019-05-22
158.2719803653107,v,2019-05-23
158.26705699594567,v,2019-05-24
158.2874751924636,v,2019-05-28
158.3422816730385,v,2019-05-29
158.34200085687647,v,2019-05-30
158.3624786562913,v,2019-05-31
157.87881963561637,v,2019-06-03
157.8802499846929,v,2019-06-04
157.9347748473705,v,2019-06-05
157.79671129684561,v,2019-06-06
157.3808228111948,v,2019-06-07
156.99332550985383,v,2019-06-10
157.6368535011426,v,2019-06-11
157.6797347830184,v,2019-06-12
157.77447639281812,v,2019-06-13
157.72545350833997,v,2019-06-14
157.78514401949676,v,2019-06-17
157.96785770566137,v,2019-06-18
158.0800793080594,v,2019-06-19
157.9410620207997,v,2019-06-20
158.3865045856281,v,2019-06-21
158.75728675577392,v,2019-06-24
159.22424057105852,v,2019-06-25
159.93875285493849,v,2019-06-26
160.7448120407567,v,2019-06-27
161.96538567639635,v,2019-06-28
164.51883318099146,v,2019-07-01
166.13640407360634,v,2019-07-02
166.81305920346256,v,2019-07-03
167.33299472334704,v,2019-07-05
167.41374682665815,v,2019-07-08
167.2913201022017,v,2019-07-09
167.14309964905294,v,2019-07-10
166.79042925983538,v,2019-07-11
167.04502335949786,v,2019-07-12
167.3938500674077,v,2019-07-15
168.04289230563765,v,2019-07-16
168.91655209919986,v,2019-07-17
169.52542406787342,v,2019-07-18
169.7807013501854,v,2019-07-19
170.0676057256938,v,2019-07-22
170.3486366547709,v,2019-07-23
171.03216679961847,v,2019-07-24
172.160660684398,v,2019-07-25
173.31612121634672,v,2019-07-26
174.10785797905322,v,2019-07-29
175.09268557401674,v,2019-07-30
175.64063428046964,v,2019-07-31
175.98646027477892,v,2019-08-01
176.14589494616445,v,2019-08-02
173.53571843018014,v,2019-08-05
172.5160343197914,v,2019-08-06
172.07036715508073,v,2019-08-07
172.0539598267784,v,2019-08-08
172.0074570444493,v,2019-08-09
171.71824628228003,v,2019-08-12
171.68320582839274,v,2019-08-13
171.00741559288858,v,2019-08-14
170.77616142084676,v,2019-08-15
170.7342768876182,v,2019-08-16
170.73339017002152,v,2019-08-19
170.73121842064631,v,2019-08-20
170.8779067366642,v,2019-08-21
170.92202436037715,v,2019-08-22
170.906627509285,v,2019-08-23
171.1515123330037,v,2019-08-26
171.28392075106834,v,2019-08-27
171.29133928118614,v,2019-08-28
171.192078492864,v,2019-08-29
171.16952133191344,v,2019-08-30
173.13741912422316,v,2019-09-03
174.08288475363926,v,2019-09-04
174.01032173963262,v,2019-09-05
173.45771127704882,v,2019-09-06
173.49533615010108,v,2019-09-09
173.49692557630615,v,2019-09-10
172.9990531920799,v,2019-09-11
173.79044869590373,v,2019-09-12
173.94165647344644,v,2019-09-13
173.65650200853898,v,2019-09-16
173.34848906799357,v,2019-09-17
172.89438071882523,v,2019-09-18
172.5703079782883,v,2019-09-19
171.9607948107616,v,2019-09-20
171.90980873490062,v,2019-09-23
171.52443160385613,v,2019-09-24
171.23709525796664,v,2019-09-25
171.00340142134218,v,2019-09-26
170.5968158159228,v,2019-09-27
169.89892427252659,v,2019-09-30
169.6080811382941,v,2019-10-01
168.72716602411205,v,2019-10-02
169.0963101843141,v,2019-10-03
170.54041560969412,v,2019-10-04
171.24899814589497,v,2019-10-07
170.95293584383825,v,2019-10-08
170.94902988926023,v,2019-10-09
171.11413662110468,v,2019-10-10
171.13692793463863,v,2019-10-11
171.03905825327857,v,2019-10-14
170.78030270760996,v,2019-10-15
170.67337389766794,v,2019-10-16
170.57559405456337,v,2019-10-17
170.66816237641441,v,2019-10-18
170.7021499907548,v,2019-10-21
170.13058786658743,v,2019-10-22
169.67153865253488,v,2019-10-23
169.67295935465935,v,2019-10-24
169.70090166230898,v,2019-10-25
169.8594863754264,v,2019-10-28
169.96085170464823,v,2019-10-29
170.88593679831465,v,2019-10-30
171.2556694834448,v,2019-10-31
171.0990103311815,v,2019-11-01
171.25804324140492,v,2019-11-04
171.84036304709326,v,2019-11-05
172.0266727400098,v,2019-11-06
172.2752331655115,v,2019-11-07
172.31005886354407,v,2019-11-08
172.3206672163546,v,2019-11-11
172.29719168932598,v,2019-11-12
172.3038288014366,v,2019-11-13
172.30414928983654,v,2019-11-14
172.50714831203254,v,2019-11-15
172.65302433370684,v,2019-11-18
173.9972393118228,v,2019-11-19
175.81906903177622,v,2019-11-20
176.3007749251762,v,2019-11-21
176.46036073132385,v,2019-11-22
176.43706167322375,v,2019-11-25
176.5062860635812,v,2019-11-26
176.1452615263561,v,2019-11-27
175.95514913490857,v,2019-11-29
175.95113952989013,v,2019-12-02
176.08653340826842,v,2019-12-03
176.73930543192782,v,2019-12-04
177.41262556000194,v,2019-12-05
177.75647626427875,v,2019-12-06
178.01037567814052,v,2019-12-09
178.22370761449238,v,2019-12-10
178.42629009919818,v,2019-12-11
178.71629547770561,v,2019-12-12
178.7525136968691,v,2019-12-13
178.71433185440102,v,2019-12-16
178.9478122796372,v,2019-12-17
178.90625529084284,v,2019-12-18
178.80871451755098,v,2019-12-19
178.88310168610337,v,2019-12-20
179.3492011292723,v,2019-12-23
179.55172590348585,v,2019-12-24
179.39317685624914,v,2019-12-26
179.1585687853442,v,2019-12-27
179.13861253446734,v,2019-12-30
179.46359436755853,v,2019-12-31
