date,rsi_30,ticker,date
2018-01-02,,ibm,2018-01-02
2018-01-03,100.0,ibm,2018-01-03
2018-01-04,100.0,ibm,2018-01-04
2018-01-05,100.0,ibm,2018-01-05
2018-01-08,100.0,ibm,2018-01-08
2018-01-09,100.0,ibm,2018-01-09
2018-01-10,100.0,ibm,2018-01-10
2018-01-11,100.0,ibm,2018-01-11
2018-01-12,88.50053225324788,ibm,2018-01-12
2018-01-16,89.34921718058962,ibm,2018-01-16
2018-01-17,92.97507126239634,ibm,2018-01-17
2018-01-18,93.20925248628421,ibm,2018-01-18
2018-01-19,62.33718077019782,ibm,2018-01-19
2018-01-22,62.77178554136014,ibm,2018-01-22
2018-01-23,68.70148049942368,ibm,2018-01-23
2018-01-24,66.07650159065449,ibm,2018-01-24
2018-01-25,66.2281214851532,ibm,2018-01-25
2018-01-26,68.91687690889738,ibm,2018-01-26
2018-01-29,67.31578507051378,ibm,2018-01-29
2018-01-30,58.97052434152468,ibm,2018-01-30
2018-01-31,59.10254223497464,ibm,2018-01-31
2018-02-01,56.07130291999494,ibm,2018-02-01
2018-02-02,49.29172867353832,ibm,2018-02-02
2018-02-05,39.7113748159921,ibm,2018-02-05
2018-02-06,44.53260021663589,ibm,2018-02-06
2018-02-07,42.66129141490842,ibm,2018-02-07
2018-02-08,37.4141624159055,ibm,2018-02-08
2018-02-09,40.469429472331285,ibm,2018-02-09
2018-02-12,43.2885657142742,ibm,2018-02-12
2018-02-13,42.57132576634258,ibm,2018-02-13
2018-02-14,48.06331248201896,ibm,2018-02-14
2018-02-15,49.617016312972055,ibm,2018-02-15
2018-02-16,49.828158749325695,ibm,2018-02-16
2018-02-20,48.564780232654535,ibm,2018-02-20
2018-02-21,47.111068089760714,ibm,2018-02-21
2018-02-22,46.18151586681324,ibm,2018-02-22
2018-02-23,49.28688898399783,ibm,2018-02-23
2018-02-26,52.95874770087649,ibm,2018-02-26
2018-02-27,50.451759084976956,ibm,2018-02-27
2018-02-28,49.59049701693824,ibm,2018-02-28
2018-03-01,47.249370969599816,ibm,2018-03-01
2018-03-02,48.102592940731604,ibm,2018-03-02
2018-03-05,51.06471243190448,ibm,2018-03-05
2018-03-06,49.60037207797466,ibm,2018-03-06
2018-03-07,52.5741637499791,ibm,2018-03-07
2018-03-08,50.09281326762436,ibm,2018-03-08
2018-03-09,53.43321685596827,ibm,2018-03-09
2018-03-12,54.40075206009929,ibm,2018-03-12
2018-03-13,53.26783576217457,ibm,2018-03-13
2018-03-14,51.842097411019516,ibm,2018-03-14
2018-03-15,53.442751651262256,ibm,2018-03-15
2018-03-16,54.13076366032323,ibm,2018-03-16
2018-03-19,50.66329763830113,ibm,2018-03-19
2018-03-20,49.370382487485266,ibm,2018-03-20
2018-03-21,49.93357617923414,ibm,2018-03-21
2018-03-22,45.065408421498496,ibm,2018-03-22
2018-03-23,42.11096220611531,ibm,2018-03-23
2018-03-26,47.130821797931176,ibm,2018-03-26
2018-03-27,45.79214013283884,ibm,2018-03-27
2018-03-28,46.449525227251,ibm,2018-03-28
2018-03-29,47.43336974122141,ibm,2018-03-29
2018-04-02,44.32299901384195,ibm,2018-04-02
2018-04-03,44.12699980197584,ibm,2018-04-03
2018-04-04,48.68315750124094,ibm,2018-04-04
2018-04-05,48.59670071255161,ibm,2018-04-05
2018-04-06,45.39266200936937,ibm,2018-04-06
2018-04-09,47.5832145148323,ibm,2018-04-09
2018-04-10,50.21442886646502,ibm,2018-04-10
2018-04-11,50.18546164315875,ibm,2018-04-11
2018-04-12,52.73256906591047,ibm,2018-04-12
2018-04-13,51.36898645593551,ibm,2018-04-13
2018-04-16,52.47208339182895,ibm,2018-04-16
2018-04-17,55.16473694698887,ibm,2018-04-17
2018-04-18,44.66036607899143,ibm,2018-04-18
2018-04-19,43.88298817834096,ibm,2018-04-19
2018-04-20,41.94279405712236,ibm,2018-04-20
2018-04-23,42.839156338681114,ibm,2018-04-23
2018-04-24,42.62639288102285,ibm,2018-04-24
2018-04-25,42.997364256217985,ibm,2018-04-25
2018-04-26,43.769351348959425,ibm,2018-04-26
2018-04-27,43.58146450105523,ibm,2018-04-27
2018-04-30,42.389421939352616,ibm,2018-04-30
2018-05-01,42.4322554669242,ibm,2018-05-01
2018-05-02,40.44750201009786,ibm,2018-05-02
2018-05-03,40.09749135837385,ibm,2018-05-03
2018-05-04,42.25502874745925,ibm,2018-05-04
2018-05-07,41.69670527080782,ibm,2018-05-07
2018-05-08,41.515764846359104,ibm,2018-05-08
2018-05-09,42.90570558044605,ibm,2018-05-09
2018-05-10,44.780966237175505,ibm,2018-05-10
2018-05-11,44.68783149323255,ibm,2018-05-11
2018-05-14,44.8775689267988,ibm,2018-05-14
2018-05-15,44.32690699548095,ibm,2018-05-15
2018-05-16,45.427857224148624,ibm,2018-05-16
2018-05-17,45.29252198733177,ibm,2018-05-17
2018-05-18,44.8459769954692,ibm,2018-05-18
2018-05-21,46.67194729226314,ibm,2018-05-21
2018-05-22,46.22284664515486,ibm,2018-05-22
2018-05-23,45.74475729883237,ibm,2018-05-23
2018-05-24,45.055977925815796,ibm,2018-05-24
2018-05-25,44.55863531604493,ibm,2018-05-25
2018-05-29,41.86780743467482,ibm,2018-05-29
2018-05-30,43.89541294780243,ibm,2018-05-30
2018-05-31,42.4617761300556,ibm,2018-05-31
2018-06-01,43.39612167735007,ibm,2018-06-01
2018-06-04,44.97048728438867,ibm,2018-06-04
2018-06-05,45.91279129708112,ibm,2018-06-05
2018-06-06,47.34031003773,ibm,2018-06-06
2018-06-07,48.24959449085537,ibm,2018-06-07
2018-06-08,49.33558435072449,ibm,2018-06-08
2018-06-11,49.94857513827604,ibm,2018-06-11
2018-06-12,50.358023621021815,ibm,2018-06-12
2018-06-13,49.6052503402405,ibm,2018-06-13
2018-06-14,47.964850408948266,ibm,2018-06-14
2018-06-15,48.25726139367487,ibm,2018-06-15
2018-06-18,46.94992132544703,ibm,2018-06-18
2018-06-19,46.12597778059168,ibm,2018-06-19
2018-06-20,44.362506958208876,ibm,2018-06-20
2018-06-21,42.534543881959976,ibm,2018-06-21
2018-06-22,42.58774806146216,ibm,2018-06-22
2018-06-25,39.45170278330683,ibm,2018-06-25
2018-06-26,39.984148485000105,ibm,2018-06-26
2018-06-27,38.073210593856984,ibm,2018-06-27
2018-06-28,42.61278496700178,ibm,2018-06-28
2018-06-29,42.18789059361963,ibm,2018-06-29
2018-07-02,42.46721903320365,ibm,2018-07-02
2018-07-03,42.08603007294252,ibm,2018-07-03
2018-07-05,45.34129414897001,ibm,2018-07-05
2018-07-06,47.078480647069334,ibm,2018-07-06
2018-07-09,50.064901407090346,ibm,2018-07-09
2018-07-10,50.548615043911646,ibm,2018-07-10
2018-07-11,50.90214522888326,ibm,2018-07-11
2018-07-12,53.176026150185756,ibm,2018-07-12
2018-07-13,52.263968247872114,ibm,2018-07-13
2018-07-16,51.532522630695496,ibm,2018-07-16
2018-07-17,48.395407692740875,ibm,2018-07-17
2018-07-18,50.040375059183326,ibm,2018-07-18
2018-07-19,56.59882260236708,ibm,2018-07-19
2018-07-20,52.2539584297327,ibm,2018-07-20
2018-07-23,51.337009383834456,ibm,2018-07-23
2018-07-24,52.24392772024295,ibm,2018-07-24
2018-07-25,52.56671952603039,ibm,2018-07-25
2018-07-26,52.690737179142076,ibm,2018-07-26
2018-07-27,50.33071461100072,ibm,2018-07-27
2018-07-30,50.82731119938328,ibm,2018-07-30
2018-07-31,49.97600064508997,ibm,2018-07-31
2018-08-01,47.85857096683078,ibm,2018-08-01
2018-08-02,47.079340578703636,ibm,2018-08-02
2018-08-03,53.895744287433345,ibm,2018-08-03
2018-08-06,51.479037582120824,ibm,2018-08-06
2018-08-07,52.76479098070127,ibm,2018-08-07
2018-08-08,52.58828596426039,ibm,2018-08-08
2018-08-09,51.75839215322776,ibm,2018-08-09
2018-08-10,51.316678369760226,ibm,2018-08-10
2018-08-13,48.69290632308587,ibm,2018-08-13
2018-08-14,49.670509417106175,ibm,2018-08-14
2018-08-15,50.4961442959536,ibm,2018-08-15
2018-08-16,52.58806993000852,ibm,2018-08-16
2018-08-17,53.609130429694844,ibm,2018-08-17
2018-08-20,54.246222455613406,ibm,2018-08-20
2018-08-21,53.336945613147805,ibm,2018-08-21
2018-08-22,52.11531962053523,ibm,2018-08-22
2018-08-23,52.316510300757685,ibm,2018-08-23
2018-08-24,53.36127024226971,ibm,2018-08-24
2018-08-27,54.364847531491904,ibm,2018-08-27
2018-08-28,54.1792678482161,ibm,2018-08-28
2018-08-29,55.66622148159133,ibm,2018-08-29
2018-08-30,52.669649725227394,ibm,2018-08-30
2018-08-31,53.55325464637967,ibm,2018-08-31
2018-09-04,52.09004001596586,ibm,2018-09-04
2018-09-05,53.693365329554396,ibm,2018-09-05
2018-09-06,53.18611976300317,ibm,2018-09-06
2018-09-07,51.43589962632066,ibm,2018-09-07
2018-09-10,51.78513234500446,ibm,2018-09-10
2018-09-11,53.24588309064553,ibm,2018-09-11
2018-09-12,53.3849724385119,ibm,2018-09-12
2018-09-13,57.2961712374578,ibm,2018-09-13
2018-09-14,56.02936127709226,ibm,2018-09-14
2018-09-17,55.23460224280215,ibm,2018-09-17
2018-09-18,56.25501611689005,ibm,2018-09-18
2018-09-19,57.07136060849758,ibm,2018-09-19
2018-09-20,60.27687109163586,ibm,2018-09-20
2018-09-21,60.56845988938843,ibm,2018-09-21
2018-09-24,57.67877585115582,ibm,2018-09-24
2018-09-25,55.360463131137486,ibm,2018-09-25
2018-09-26,59.427287732366054,ibm,2018-09-26
2018-09-27,59.19994991960447,ibm,2018-09-27
2018-09-28,58.58873420629778,ibm,2018-09-28
2018-10-01,61.14980219699001,ibm,2018-10-01
2018-10-02,62.16400222075594,ibm,2018-10-02
2018-10-03,60.9998187941584,ibm,2018-10-03
2018-10-04,57.01919794525612,ibm,2018-10-04
2018-10-05,52.766810820851205,ibm,2018-10-05
2018-10-08,51.64830051108081,ibm,2018-10-08
2018-10-09,49.69041967465278,ibm,2018-10-09
2018-10-10,43.01633062258936,ibm,2018-10-10
2018-10-11,38.681188125559785,ibm,2018-10-11
2018-10-12,41.71130965406436,ibm,2018-10-12
2018-10-15,42.163681375790894,ibm,2018-10-15
2018-10-16,48.101267698327995,ibm,2018-10-16
2018-10-17,37.15389555140255,ibm,2018-10-17
2018-10-18,34.579830480708395,ibm,2018-10-18
2018-10-19,33.58271073328487,ibm,2018-10-19
2018-10-22,34.81637641592661,ibm,2018-10-22
2018-10-23,36.39725243483029,ibm,2018-10-23
2018-10-24,33.56653420929173,ibm,2018-10-24
2018-10-25,33.06115969555708,ibm,2018-10-25
2018-10-26,31.97343713112724,ibm,2018-10-26
2018-10-29,28.919775908112626,ibm,2018-10-29
2018-10-30,26.74435490970069,ibm,2018-10-30
2018-10-31,26.784637444001845,ibm,2018-10-31
2018-11-01,28.67932084702791,ibm,2018-11-01
2018-11-02,28.056978772868973,ibm,2018-11-02
2018-11-05,33.690331107757586,ibm,2018-11-05
2018-11-06,37.234186318698875,ibm,2018-11-06
2018-11-07,39.12594646842978,ibm,2018-11-07
2018-11-08,39.24863532721354,ibm,2018-11-08
2018-11-09,39.43233315577392,ibm,2018-11-09
2018-11-12,37.49727117687795,ibm,2018-11-12
2018-11-13,37.4540601334502,ibm,2018-11-13
2018-11-14,36.98376440308746,ibm,2018-11-14
2018-11-15,38.53077030071909,ibm,2018-11-15
2018-11-16,38.69400371941077,ibm,2018-11-16
2018-11-19,37.69052349514942,ibm,2018-11-19
2018-11-20,35.349683153230416,ibm,2018-11-20
2018-11-21,37.12907011543293,ibm,2018-11-21
2018-11-23,36.09388493730284,ibm,2018-11-23
2018-11-26,39.10993428265682,ibm,2018-11-26
2018-11-27,39.69384476826015,ibm,2018-11-27
2018-11-28,43.25117948954364,ibm,2018-11-28
2018-11-29,41.941343586988374,ibm,2018-11-29
2018-11-30,45.09845603893352,ibm,2018-11-30
2018-12-03,46.226035412208816,ibm,2018-12-03
2018-12-04,42.96928678563956,ibm,2018-12-04
2018-12-06,45.44495565056803,ibm,2018-12-06
2018-12-07,41.73702914337332,ibm,2018-12-07
2018-12-10,43.601577555600755,ibm,2018-12-10
2018-12-11,43.408894032955025,ibm,2018-12-11
2018-12-12,43.698442604424315,ibm,2018-12-12
2018-12-13,43.33315024860914,ibm,2018-12-13
2018-12-14,42.62172492155623,ibm,2018-12-14
2018-12-17,39.5466621978191,ibm,2018-12-17
2018-12-18,40.192762878901476,ibm,2018-12-18
2018-12-19,40.01577976602112,ibm,2018-12-19
2018-12-20,37.377113945044904,ibm,2018-12-20
2018-12-21,35.88405057916212,ibm,2018-12-21
2018-12-24,33.63225268661475,ibm,2018-12-24
2018-12-26,38.1811145500786,ibm,2018-12-26
2018-12-27,40.80698732972729,ibm,2018-12-27
2018-12-28,40.25195557365128,ibm,2018-12-28
2018-12-31,40.960815028148616,ibm,2018-12-31
2019-01-02,42.65443627713045,ibm,2019-01-02
2019-01-03,40.84420110053452,ibm,2019-01-03
2019-01-04,45.43727406162323,ibm,2019-01-04
2019-01-07,46.24979049875981,ibm,2019-01-07
2019-01-08,47.87515222792078,ibm,2019-01-08
2019-01-09,48.69668963336661,ibm,2019-01-09
2019-01-10,49.74472235207022,ibm,2019-01-10
2019-01-11,49.431344062729686,ibm,2019-01-11
2019-01-14,48.40841956371305,ibm,2019-01-14
2019-01-15,49.75544550119862,ibm,2019-01-15
2019-01-16,49.645363796569136,ibm,2019-01-16
2019-01-17,50.23555212667609,ibm,2019-01-17
2019-01-18,51.90314532731793,ibm,2019-01-18
2019-01-22,50.5067761370236,ibm,2019-01-22
2019-01-23,59.49836860435996,ibm,2019-01-23
2019-01-24,59.112668763793664,ibm,2019-01-24
2019-01-25,60.180714136345905,ibm,2019-01-25
2019-01-28,60.40364934915698,ibm,2019-01-28
2019-01-29,60.44943513103122,ibm,2019-01-29
2019-01-30,60.48885428166728,ibm,2019-01-30
2019-01-31,60.5214053334351,ibm,2019-01-31
2019-02-01,60.11155109314461,ibm,2019-02-01
2019-02-04,61.04121104047786,ibm,2019-02-04
2019-02-05,61.34898074212901,ibm,2019-02-05
2019-02-06,62.013003367916006,ibm,2019-02-06
2019-02-07,59.83354768382235,ibm,2019-02-07
2019-02-08,60.31448828989744,ibm,2019-02-08
2019-02-11,60.57744562961251,ibm,2019-02-11
2019-02-12,62.469968550982486,ibm,2019-02-12
2019-02-13,63.75443845624843,ibm,2019-02-13
2019-02-14,62.196509417107805,ibm,2019-02-14
2019-02-15,63.569073285206386,ibm,2019-02-15
2019-02-19,64.1511040974971,ibm,2019-02-19
2019-02-20,63.06218183158084,ibm,2019-02-20
2019-02-21,62.81011021807389,ibm,2019-02-21
2019-02-22,64.11774963228484,ibm,2019-02-22
2019-02-25,64.31109007835178,ibm,2019-02-25
2019-02-26,64.55570757173344,ibm,2019-02-26
2019-02-27,63.6017536685152,ibm,2019-02-27
2019-02-28,61.81499633304499,ibm,2019-02-28
2019-03-01,62.923588348207495,ibm,2019-03-01
2019-03-04,61.59242416063382,ibm,2019-03-04
2019-03-05,60.64438303696026,ibm,2019-03-05
2019-03-06,59.104475722536236,ibm,2019-03-06
2019-03-07,56.43597492699206,ibm,2019-03-07
2019-03-08,56.00005679701709,ibm,2019-03-08
2019-03-11,59.16619974155965,ibm,2019-03-11
2019-03-12,59.81695403703614,ibm,2019-03-12
2019-03-13,60.13976863813254,ibm,2019-03-13
2019-03-14,60.41001957130598,ibm,2019-03-14
2019-03-15,61.16790450703035,ibm,2019-03-15
2019-03-18,62.08305255389148,ibm,2019-03-18
2019-03-19,62.412014712442954,ibm,2019-03-19
2019-03-20,60.6809549612551,ibm,2019-03-20
2019-03-21,62.88272024767147,ibm,2019-03-21
2019-03-22,59.175372111700334,ibm,2019-03-22
2019-03-25,58.689663833141694,ibm,2019-03-25
2019-03-26,59.9978534049767,ibm,2019-03-26
2019-03-27,58.20121645220684,ibm,2019-03-27
2019-03-28,59.08077851599315,ibm,2019-03-28
2019-03-29,60.570204614151535,ibm,2019-03-29
2019-04-01,63.156668763701965,ibm,2019-04-01
2019-04-02,62.577575686763645,ibm,2019-04-02
2019-04-03,63.3084077963661,ibm,2019-04-03
2019-04-04,61.62853845677268,ibm,2019-04-04
2019-04-05,62.2382584279691,ibm,2019-04-05
2019-04-08,62.37432827202835,ibm,2019-04-08
2019-04-09,59.78135205138501,ibm,2019-04-09
2019-04-10,60.974537981877866,ibm,2019-04-10
2019-04-11,61.94980551469858,ibm,2019-04-11
2019-04-12,62.67353926995045,ibm,2019-04-12
2019-04-15,61.714841940877974,ibm,2019-04-15
2019-04-16,63.31446527488197,ibm,2019-04-16
2019-04-17,52.31790150653903,ibm,2019-04-17
2019-04-18,53.99042835160855,ibm,2019-04-18
2019-04-22,51.77300938048441,ibm,2019-04-22
2019-04-23,53.882078555694406,ibm,2019-04-23
2019-04-24,53.12233872034098,ibm,2019-04-24
2019-04-25,51.11391527019369,ibm,2019-04-25
2019-04-26,52.25971183217266,ibm,2019-04-26
2019-04-29,51.65664957704715,ibm,2019-04-29
2019-04-30,53.396875308742544,ibm,2019-04-30
2019-05-01,53.80580868791814,ibm,2019-05-01
2019-05-02,52.22034282415523,ibm,2019-05-02
2019-05-03,53.19116966031142,ibm,2019-05-03
2019-05-06,53.3841750684353,ibm,2019-05-06
2019-05-07,48.98085602272166,ibm,2019-05-07
2019-05-08,49.54648515127112,ibm,2019-05-08
2019-05-09,47.93926786375112,ibm,2019-05-09
2019-05-10,47.908337715565175,ibm,2019-05-10
2019-05-13,42.393213351691166,ibm,2019-05-13
2019-05-14,45.536415448421366,ibm,2019-05-14
2019-05-15,47.25350619470694,ibm,2019-05-15
2019-05-16,49.490211773774156,ibm,2019-05-16
2019-05-17,47.30296994248252,ibm,2019-05-17
2019-05-20,48.510163993519846,ibm,2019-05-20
2019-05-21,50.46187037154432,ibm,2019-05-21
2019-05-22,50.31355016823533,ibm,2019-05-22
2019-05-23,44.90587133950305,ibm,2019-05-23
2019-05-24,44.76762233457419,ibm,2019-05-24
2019-05-28,42.52647699845091,ibm,2019-05-28
2019-05-29,41.61469196146414,ibm,2019-05-29
2019-05-30,41.47132428238452,ibm,2019-05-30
2019-05-31,38.52013871116531,ibm,2019-05-31
2019-06-03,40.68644231180207,ibm,2019-06-03
2019-06-04,47.317565506660436,ibm,2019-06-04
2019-06-05,45.87706775994498,ibm,2019-06-05
2019-06-06,46.894482041756085,ibm,2019-06-06
2019-06-07,48.39292369936024,ibm,2019-06-07
2019-06-10,50.29633127217233,ibm,2019-06-10
2019-06-11,51.85079350459883,ibm,2019-06-11
2019-06-12,50.395525998608555,ibm,2019-06-12
2019-06-13,51.554651878604126,ibm,2019-06-13
2019-06-14,50.71440231723825,ibm,2019-06-14
2019-06-17,50.43559260610859,ibm,2019-06-17
2019-06-18,52.37226843063517,ibm,2019-06-18
2019-06-19,53.29638915850575,ibm,2019-06-19
2019-06-20,55.55223336346063,ibm,2019-06-20
2019-06-21,55.98709156747219,ibm,2019-06-21
2019-06-24,56.17721014699765,ibm,2019-06-24
2019-06-25,54.56814153609342,ibm,2019-06-25
2019-06-26,54.78466458750389,ibm,2019-06-26
2019-06-27,54.78466458750389,ibm,2019-06-27
2019-06-28,53.72287001366192,ibm,2019-06-28
2019-07-01,56.507570967155694,ibm,2019-07-01
2019-07-02,56.96760066271135,ibm,2019-07-02
2019-07-03,58.72102617793091,ibm,2019-07-03
2019-07-05,58.4224870812676,ibm,2019-07-05
2019-07-08,56.907530424285326,ibm,2019-07-08
2019-07-09,54.662746327153585,ibm,2019-07-09
2019-07-10,56.30208829191362,ibm,2019-07-10
2019-07-11,57.37891989329064,ibm,2019-07-11
2019-07-12,59.395354857695786,ibm,2019-07-12
2019-07-15,60.149519327839215,ibm,2019-07-15
2019-07-16,60.424843932142736,ibm,2019-07-16
2019-07-17,59.493419573316906,ibm,2019-07-17
2019-07-18,66.99780563082098,ibm,2019-07-18
2019-07-19,67.04594198700698,ibm,2019-07-19
2019-07-22,67.10551162853866,ibm,2019-07-22
2019-07-23,67.74867828140049,ibm,2019-07-23
2019-07-24,67.00749474482117,ibm,2019-07-24
2019-07-25,67.38715454962869,ibm,2019-07-25
2019-07-26,68.40078574491864,ibm,2019-07-26
2019-07-29,67.32948728273968,ibm,2019-07-29
2019-07-30,64.89807377014347,ibm,2019-07-30
2019-07-31,61.720032573674466,ibm,2019-07-31
2019-08-01,64.18651711745983,ibm,2019-08-01
2019-08-02,58.43745961014686,ibm,2019-08-02
2019-08-05,48.865819653089765,ibm,2019-08-05
2019-08-06,48.82754152053216,ibm,2019-08-06
2019-08-07,46.78226438762742,ibm,2019-08-07
2019-08-08,50.29332377160759,ibm,2019-08-08
2019-08-09,45.563229018168656,ibm,2019-08-09
2019-08-12,42.972538479259065,ibm,2019-08-12
2019-08-13,45.72382375573459,ibm,2019-08-13
2019-08-14,41.30872601770174,ibm,2019-08-14
2019-08-15,42.16135682413952,ibm,2019-08-15
2019-08-16,44.45381763956238,ibm,2019-08-16
2019-08-19,45.9942447740919,ibm,2019-08-19
2019-08-20,43.98323023894922,ibm,2019-08-20
2019-08-21,45.49387849696201,ibm,2019-08-21
2019-08-22,45.578872701758264,ibm,2019-08-22
2019-08-23,41.08071215794602,ibm,2019-08-23
2019-08-26,41.60785865034318,ibm,2019-08-26
2019-08-27,43.0876647287175,ibm,2019-08-27
2019-08-28,45.02955943870246,ibm,2019-08-28
2019-08-29,47.50032892611715,ibm,2019-08-29
2019-08-30,48.23827144415685,ibm,2019-08-30
2019-09-03,46.74301077652275,ibm,2019-09-03
2019-09-04,49.26847984683942,ibm,2019-09-04
2019-09-05,53.995584329937586,ibm,2019-09-05
2019-09-06,53.551534715905895,ibm,2019-09-06
2019-09-09,55.47387822096733,ibm,2019-09-09
2019-09-10,57.661625041428344,ibm,2019-09-10
2019-09-11,55.97769748877138,ibm,2019-09-11
2019-09-12,55.996045829767844,ibm,2019-09-12
2019-09-13,56.0433800152514,ibm,2019-09-13
2019-09-16,54.59693090870028,ibm,2019-09-16
2019-09-17,54.25608094429051,ibm,2019-09-17
2019-09-18,54.27717734434564,ibm,2019-09-18
2019-09-19,55.08067265908133,ibm,2019-09-19
2019-09-20,53.66292846854648,ibm,2019-09-20
2019-09-23,53.876998947228614,ibm,2019-09-23
2019-09-24,53.35358044468774,ibm,2019-09-24
2019-09-25,55.067220311544446,ibm,2019-09-25
2019-09-26,55.51272532824947,ibm,2019-09-26
2019-09-27,55.063812036571946,ibm,2019-09-27
2019-09-30,57.56058876818619,ibm,2019-09-30
2019-10-01,55.00795334445241,ibm,2019-10-01
2019-10-02,52.32127035079302,ibm,2019-10-02
2019-10-03,52.72143315583495,ibm,2019-10-03
2019-10-04,53.897963892370676,ibm,2019-10-04
2019-10-07,51.55812997082185,ibm,2019-10-07
2019-10-08,47.90925969919691,ibm,2019-10-08
2019-10-09,49.552185635515116,ibm,2019-10-09
2019-10-10,51.34875156875902,ibm,2019-10-10
2019-10-11,53.270662049863574,ibm,2019-10-11
2019-10-14,52.32611555434411,ibm,2019-10-14
2019-10-15,53.46427126695338,ibm,2019-10-15
2019-10-16,52.26752613092947,ibm,2019-10-16
2019-10-17,43.403129052070035,ibm,2019-10-17
2019-10-18,43.23883691429409,ibm,2019-10-18
2019-10-21,41.7855590883045,ibm,2019-10-21
2019-10-22,43.57843661849826,ibm,2019-10-22
2019-10-23,44.12026573963184,ibm,2019-10-23
2019-10-24,43.79909519081783,ibm,2019-10-24
2019-10-25,45.609153426121395,ibm,2019-10-25
2019-10-28,46.30126610800846,ibm,2019-10-28
2019-10-29,43.95407462095836,ibm,2019-10-29
2019-10-30,45.84308310359492,ibm,2019-10-30
2019-10-31,44.204814691570064,ibm,2019-10-31
2019-11-01,46.54501493181309,ibm,2019-11-01
2019-11-04,49.16719732219477,ibm,2019-11-04
2019-11-05,49.431031723142404,ibm,2019-11-05
2019-11-06,50.505956220726084,ibm,2019-11-06
2019-11-07,51.15317459450893,ibm,2019-11-07
2019-11-08,51.04896617388284,ibm,2019-11-08
2019-11-11,48.32398051195273,ibm,2019-11-11
2019-11-12,48.483496639282286,ibm,2019-11-12
2019-11-13,47.09245871568909,ibm,2019-11-13
2019-11-14,46.49569772537111,ibm,2019-11-14
2019-11-15,47.07390749922009,ibm,2019-11-15
2019-11-18,46.955793172285965,ibm,2019-11-18
2019-11-19,47.27506269716399,ibm,2019-11-19
2019-11-20,45.49433291143476,ibm,2019-11-20
2019-11-21,46.50501973127967,ibm,2019-11-21
2019-11-22,47.29487532320315,ibm,2019-11-22
2019-11-25,49.79468804044004,ibm,2019-11-25
2019-11-26,48.50967218105398,ibm,2019-11-26
2019-11-27,46.641974789775766,ibm,2019-11-27
2019-11-29,47.71476197355523,ibm,2019-11-29
2019-12-02,45.56830500664124,ibm,2019-12-02
2019-12-03,44.50585294913534,ibm,2019-12-03
2019-12-04,44.32990218200606,ibm,2019-12-04
2019-12-05,44.218608211674166,ibm,2019-12-05
2019-12-06,46.49399004048854,ibm,2019-12-06
2019-12-09,47.67386525473435,ibm,2019-12-09
2019-12-10,47.65834394023101,ibm,2019-12-10
2019-12-11,47.418626581000574,ibm,2019-12-11
2019-12-12,50.117863762270275,ibm,2019-12-12
2019-12-13,48.29308313915526,ibm,2019-12-13
2019-12-16,48.16231634106312,ibm,2019-12-16
2019-12-17,48.32514448022994,ibm,2019-12-17
2019-12-18,48.67720108032681,ibm,2019-12-18
2019-12-19,48.961150710417705,ibm,2019-12-19
2019-12-20,50.89129562276133,ibm,2019-12-20
2019-12-23,50.814125197503,ibm,2019-12-23
2019-12-24,49.70267798350545,ibm,2019-12-24
2019-12-26,49.56490758263367,ibm,2019-12-26
2019-12-27,50.29766587848916,ibm,2019-12-27
2019-12-30,45.613104844619244,ibm,2019-12-30
2019-12-31,48.11271394084765,ibm,2019-12-31
2020-01-02,50.74040373336328,ibm,2020-01-02
2020-01-03,48.7420290141889,ibm,2020-01-03
2020-01-06,48.30467248855104,ibm,2020-01-06
2020-01-07,48.48394987857608,ibm,2020-01-07
2020-01-08,50.68607245121698,ibm,2020-01-08
2020-01-09,53.32149372640807,ibm,2020-01-09
2020-01-10,53.218609463867566,ibm,2020-01-10
2020-01-13,53.02810891908157,ibm,2020-01-13
2020-01-14,51.37920470898658,ibm,2020-01-14
2020-01-15,52.93211266347637,ibm,2020-01-15
2020-01-16,55.435198221347775,ibm,2020-01-16
2020-01-17,56.02227241765991,ibm,2020-01-17
2020-01-21,57.53054951469688,ibm,2020-01-21
2020-01-22,64.45243401340053,ibm,2020-01-22
2020-01-23,62.186626295543,ibm,2020-01-23
2020-01-24,57.45457185782289,ibm,2020-01-24
2020-01-27,53.89181813784254,ibm,2020-01-27
2020-01-28,55.26740057857291,ibm,2020-01-28
2020-01-29,52.054325931492706,ibm,2020-01-29
2020-01-30,50.55057201776606,ibm,2020-01-30
2020-01-31,59.66873312392435,ibm,2020-01-31
2020-02-03,62.2936221347315,ibm,2020-02-03
2020-02-04,64.9333965272793,ibm,2020-02-04
2020-02-05,70.38586961951344,ibm,2020-02-05
2020-02-06,70.66686543265304,ibm,2020-02-06
2020-02-07,67.9551176487976,ibm,2020-02-07
2020-02-10,68.68798688521052,ibm,2020-02-10
2020-02-11,67.20704974075066,ibm,2020-02-11
2020-02-12,68.5579066975214,ibm,2020-02-12
2020-02-13,66.99776266715187,ibm,2020-02-13
2020-02-14,61.75011390225059,ibm,2020-02-14
2020-02-18,62.090441460361674,ibm,2020-02-18
2020-02-19,61.749445959039164,ibm,2020-02-19
2020-02-20,62.07268431701472,ibm,2020-02-20
2020-02-21,60.05991031942769,ibm,2020-02-21
2020-02-24,55.46267062428851,ibm,2020-02-24
2020-02-25,49.98422289180434,ibm,2020-02-25
2020-02-26,47.94964638438227,ibm,2020-02-26
2020-02-27,41.963423965263964,ibm,2020-02-27
2020-02-28,39.6790292505157,ibm,2020-02-28
2020-03-02,44.09316757419961,ibm,2020-03-02
2020-03-03,40.139345103930246,ibm,2020-03-03
2020-03-04,45.15180298046167,ibm,2020-03-04
2020-03-05,41.96110822565352,ibm,2020-03-05
2020-03-06,40.79875266702105,ibm,2020-03-06
2020-03-09,35.28727617278926,ibm,2020-03-09
2020-03-10,41.065724052744194,ibm,2020-03-10
2020-03-11,37.6663534100488,ibm,2020-03-11
2020-03-12,31.628177504869115,ibm,2020-03-12
2020-03-13,35.267830370735126,ibm,2020-03-13
2020-03-16,32.20714427056929,ibm,2020-03-16
2020-03-17,37.03169346110108,ibm,2020-03-17
2020-03-18,35.94792427239949,ibm,2020-03-18
2020-03-19,34.855237077551834,ibm,2020-03-19
2020-03-20,33.243286893208136,ibm,2020-03-20
2020-03-23,33.04527275068044,ibm,2020-03-23
2020-03-24,39.48653755390114,ibm,2020-03-24
2020-03-25,39.69387976193979,ibm,2020-03-25
2020-03-26,43.50406773387382,ibm,2020-03-26
2020-03-27,41.625889850233534,ibm,2020-03-27
2020-03-30,44.141140175706944,ibm,2020-03-30
2020-03-31,43.352410267167784,ibm,2020-03-31
2020-04-01,41.15032963970804,ibm,2020-04-01
2020-04-02,43.636318630817485,ibm,2020-04-02
2020-04-03,42.24602072611343,ibm,2020-04-03
2020-04-06,46.34354322836714,ibm,2020-04-06
2020-04-07,46.39920924211248,ibm,2020-04-07
2020-04-08,48.406554409694415,ibm,2020-04-08
2020-04-09,49.402434481363564,ibm,2020-04-09
2020-04-13,49.24670017101497,ibm,2020-04-13
2020-04-14,50.51914835799904,ibm,2020-04-14
2020-04-15,48.156925903355365,ibm,2020-04-15
2020-04-16,46.87129487607433,ibm,2020-04-16
2020-04-17,48.96178435892443,ibm,2020-04-17
2020-04-20,49.09866221970002,ibm,2020-04-20
2020-04-21,47.44214704093001,ibm,2020-04-21
2020-04-22,48.69318378062464,ibm,2020-04-22
2020-04-23,49.684352563393915,ibm,2020-04-23
2020-04-24,51.292384879480345,ibm,2020-04-24
2020-04-27,51.85911377662822,ibm,2020-04-27
2020-04-28,52.027523723089686,ibm,2020-04-28
2020-04-29,53.19864766333385,ibm,2020-04-29
2020-04-30,51.51596884345567,ibm,2020-04-30
2020-05-01,49.602548719449686,ibm,2020-05-01
2020-05-04,49.50461522706439,ibm,2020-05-04
2020-05-05,49.988496291472636,ibm,2020-05-05
2020-05-06,50.31140852970206,ibm,2020-05-06
2020-05-07,50.13309975445135,ibm,2020-05-07
2020-05-08,51.149878163366076,ibm,2020-05-08
2020-05-11,50.90585142154885,ibm,2020-05-11
2020-05-12,49.483242221309304,ibm,2020-05-12
2020-05-13,46.849986590985985,ibm,2020-05-13
2020-05-14,47.62647808895352,ibm,2020-05-14
2020-05-15,47.64593611452987,ibm,2020-05-15
2020-05-18,50.54733094778275,ibm,2020-05-18
2020-05-19,49.756348953230706,ibm,2020-05-19
2020-05-20,50.44484368787435,ibm,2020-05-20
2020-05-21,49.00451694884318,ibm,2020-05-21
2020-05-22,48.541378492873754,ibm,2020-05-22
2020-05-26,50.76356751527017,ibm,2020-05-26
2020-05-27,53.11296040368868,ibm,2020-05-27
2020-05-28,52.42155361761665,ibm,2020-05-28
2020-05-29,52.65512084323795,ibm,2020-05-29
2020-06-01,52.647896290393405,ibm,2020-06-01
2020-06-02,53.38250946656939,ibm,2020-06-02
2020-06-03,55.35140790490762,ibm,2020-06-03
2020-06-04,55.22483670192724,ibm,2020-06-04
2020-06-05,57.2294633319451,ibm,2020-06-05
2020-06-08,59.4173584772394,ibm,2020-06-08
2020-06-09,56.285457157161524,ibm,2020-06-09
2020-06-10,54.746695412781754,ibm,2020-06-10
2020-06-11,46.88388023847742,ibm,2020-06-11
2020-06-12,49.35807813909009,ibm,2020-06-12
2020-06-15,49.200020248777854,ibm,2020-06-15
2020-06-16,51.36862899083458,ibm,2020-06-16
2020-06-17,50.72856200227685,ibm,2020-06-17
2020-06-18,50.734916498025946,ibm,2020-06-18
2020-06-19,49.6169382597198,ibm,2020-06-19
2020-06-22,48.69733337304774,ibm,2020-06-22
2020-06-23,47.614874291052864,ibm,2020-06-23
2020-06-24,45.72117501292775,ibm,2020-06-24
2020-06-25,47.60295667181111,ibm,2020-06-25
2020-06-26,46.42905840014378,ibm,2020-06-26
2020-06-29,48.26527197338518,ibm,2020-06-29
2020-06-30,48.985994206084015,ibm,2020-06-30
2020-07-01,47.48971096020969,ibm,2020-07-01
2020-07-02,48.33885927059117,ibm,2020-07-02
2020-07-06,48.70134978804594,ibm,2020-07-06
2020-07-07,46.88846624892321,ibm,2020-07-07
2020-07-08,46.99013350667194,ibm,2020-07-08
2020-07-09,45.6007964705666,ibm,2020-07-09
2020-07-10,47.71185761663679,ibm,2020-07-10
2020-07-13,48.37907373721246,ibm,2020-07-13
2020-07-14,49.47754889833421,ibm,2020-07-14
2020-07-15,51.314771323871696,ibm,2020-07-15
2020-07-16,52.073502707890604,ibm,2020-07-16
2020-07-17,52.90050766632929,ibm,2020-07-17
2020-07-20,53.84424917349033,ibm,2020-07-20
2020-07-21,53.57104395010693,ibm,2020-07-21
2020-07-22,55.5359981332091,ibm,2020-07-22
2020-07-23,54.315112225637854,ibm,2020-07-23
2020-07-24,52.931702731590725,ibm,2020-07-24
2020-07-27,53.267519508740406,ibm,2020-07-27
2020-07-28,51.687071189821864,ibm,2020-07-28
2020-07-29,52.40076658481156,ibm,2020-07-29
2020-07-30,50.215990931607756,ibm,2020-07-30
2020-07-31,50.25144217486574,ibm,2020-07-31
2020-08-03,51.476257695582916,ibm,2020-08-03
2020-08-04,52.81826018384313,ibm,2020-08-04
2020-08-05,52.43584788285141,ibm,2020-08-05
2020-08-06,53.04007726734262,ibm,2020-08-06
2020-08-07,53.47460664314586,ibm,2020-08-07
2020-08-10,55.42633064827938,ibm,2020-08-10
2020-08-11,55.026502438575676,ibm,2020-08-11
2020-08-12,54.969520770137926,ibm,2020-08-12
2020-08-13,53.070878920754474,ibm,2020-08-13
2020-08-14,53.31063791260114,ibm,2020-08-14
2020-08-17,52.35377298352222,ibm,2020-08-17
2020-08-18,52.85995815707504,ibm,2020-08-18
2020-08-19,51.584373696856304,ibm,2020-08-19
2020-08-20,50.774565651776264,ibm,2020-08-20
2020-08-21,50.78614789167372,ibm,2020-08-21
2020-08-24,53.630536255504495,ibm,2020-08-24
2020-08-25,52.33906059484905,ibm,2020-08-25
2020-08-26,51.7563977655028,ibm,2020-08-26
2020-08-27,52.317222231369094,ibm,2020-08-27
2020-08-28,52.8137442967635,ibm,2020-08-28
2020-08-31,50.53271764746387,ibm,2020-08-31
2020-09-01,50.6454611364095,ibm,2020-09-01
2020-09-02,56.13877190001652,ibm,2020-09-02
2020-09-03,51.510634317873375,ibm,2020-09-03
2020-09-04,49.097094021905406,ibm,2020-09-04
2020-09-08,47.9195345089324,ibm,2020-09-08
2020-09-09,49.135228357404486,ibm,2020-09-09
2020-09-10,47.286509046817145,ibm,2020-09-10
2020-09-11,48.350822086078544,ibm,2020-09-11
2020-09-14,49.09506545620624,ibm,2020-09-14
2020-09-15,49.513163437199516,ibm,2020-09-15
2020-09-16,51.60440982302306,ibm,2020-09-16
2020-09-17,52.40642296027294,ibm,2020-09-17
2020-09-18,49.77343069154448,ibm,2020-09-18
2020-09-21,46.93853744430025,ibm,2020-09-21
2020-09-22,47.260421257074704,ibm,2020-09-22
2020-09-23,45.41874959226376,ibm,2020-09-23
2020-09-24,44.626330122099745,ibm,2020-09-24
2020-09-25,45.76395244217266,ibm,2020-09-25
2020-09-28,49.2504876631693,ibm,2020-09-28
2020-09-29,48.33703313460557,ibm,2020-09-29
2020-09-30,49.237026408710896,ibm,2020-09-30
2020-10-01,48.541963591838574,ibm,2020-10-01
2020-10-02,47.91465404822951,ibm,2020-10-02
2020-10-05,49.77410341736162,ibm,2020-10-05
2020-10-06,49.723098010551595,ibm,2020-10-06
2020-10-07,52.373863490403494,ibm,2020-10-07
2020-10-08,60.06902881261904,ibm,2020-10-08
2020-10-09,55.44758259133034,ibm,2020-10-09
2020-10-12,54.764345926708266,ibm,2020-10-12
2020-10-13,52.33729792007556,ibm,2020-10-13
2020-10-14,53.191616433461824,ibm,2020-10-14
2020-10-15,51.98667600241736,ibm,2020-10-15
2020-10-16,53.07583206079054,ibm,2020-10-16
2020-10-19,52.589310815639195,ibm,2020-10-19
2020-10-20,44.248606854182015,ibm,2020-10-20
2020-10-21,42.28233952145343,ibm,2020-10-21
2020-10-22,43.075278792054426,ibm,2020-10-22
2020-10-23,43.35133921383018,ibm,2020-10-23
2020-10-26,40.17702576740064,ibm,2020-10-26
2020-10-27,38.883567952177,ibm,2020-10-27
2020-10-28,36.05519944673061,ibm,2020-10-28
2020-10-29,38.72045061400531,ibm,2020-10-29
2020-10-30,41.77530905389129,ibm,2020-10-30
2020-11-02,43.10889338626616,ibm,2020-11-02
2020-11-03,44.42564816472059,ibm,2020-11-03
2020-11-04,42.58227347443477,ibm,2020-11-04
2020-11-05,45.550342070055066,ibm,2020-11-05
2020-11-06,44.93909251758466,ibm,2020-11-06
2020-11-09,48.06510927743217,ibm,2020-11-09
2020-11-10,50.29209202886904,ibm,2020-11-10
2020-11-11,49.63526269778142,ibm,2020-11-11
2020-11-12,47.20969828808402,ibm,2020-11-12
2020-11-13,49.43455636172571,ibm,2020-11-13
2020-11-16,50.81252737697347,ibm,2020-11-16
2020-11-17,50.19405959683053,ibm,2020-11-17
2020-11-18,49.31899614134549,ibm,2020-11-18
2020-11-19,49.718777462881086,ibm,2020-11-19
2020-11-20,49.482407646663596,ibm,2020-11-20
2020-11-23,52.54540826990051,ibm,2020-11-23
2020-11-24,56.312139265454164,ibm,2020-11-24
2020-11-25,56.07819787825564,ibm,2020-11-25
2020-11-27,56.20653206590262,ibm,2020-11-27
2020-11-30,55.28192740095707,ibm,2020-11-30
2020-12-01,54.876883911366406,ibm,2020-12-01
2020-12-02,56.22257002964259,ibm,2020-12-02
2020-12-03,55.04773100360211,ibm,2020-12-03
2020-12-04,58.25520530082618,ibm,2020-12-04
2020-12-07,55.40718300990364,ibm,2020-12-07
2020-12-08,56.300062643115,ibm,2020-12-08
2020-12-09,57.24700528742117,ibm,2020-12-09
2020-12-10,55.15214288123967,ibm,2020-12-10
2020-12-11,54.37601619801365,ibm,2020-12-11
2020-12-14,53.54011052731318,ibm,2020-12-14
2020-12-15,55.81882402767687,ibm,2020-12-15
2020-12-16,55.37396189810444,ibm,2020-12-16
2020-12-17,55.37396189810444,ibm,2020-12-17
2020-12-18,55.67243425598189,ibm,2020-12-18
2020-12-21,52.68352214490569,ibm,2020-12-21
2020-12-22,52.91736678568465,ibm,2020-12-22
2020-12-23,53.232566460999024,ibm,2020-12-23
2020-12-24,54.09851144990883,ibm,2020-12-24
2020-12-28,54.2427537483532,ibm,2020-12-28
2020-12-29,52.89376269637101,ibm,2020-12-29
2020-12-30,53.526741748185806,ibm,2020-12-30
2020-12-31,55.29877042026693,ibm,2020-12-31
2021-01-04,52.68101671883693,ibm,2021-01-04
2021-01-05,55.17056841758195,ibm,2021-01-05
2021-01-06,58.41150465101701,ibm,2021-01-06
2021-01-07,57.99838760822434,ibm,2021-01-07
2021-01-08,57.3549902358664,ibm,2021-01-08
2021-01-11,57.40812325290745,ibm,2021-01-11
2021-01-12,58.08870957259512,ibm,2021-01-12
2021-01-13,54.79616681477062,ibm,2021-01-13
2021-01-14,57.05060692623104,ibm,2021-01-14
2021-01-15,56.229844461071316,ibm,2021-01-15
2021-01-19,56.92617533457723,ibm,2021-01-19
2021-01-20,58.08676401770206,ibm,2021-01-20
2021-01-21,59.748519808066405,ibm,2021-01-21
2021-01-22,44.56662091742922,ibm,2021-01-22
2021-01-25,44.53969519039804,ibm,2021-01-25
2021-01-26,48.71840912070468,ibm,2021-01-26
2021-01-27,48.698996936577934,ibm,2021-01-27
2021-01-28,46.41239824062511,ibm,2021-01-28
2021-01-29,45.51512282571022,ibm,2021-01-29
2021-02-01,47.07551656408144,ibm,2021-02-01
2021-02-02,46.02659365166391,ibm,2021-02-02
2021-02-03,45.720011251070815,ibm,2021-02-03
2021-02-04,47.853467927818684,ibm,2021-02-04
2021-02-05,48.69879653305835,ibm,2021-02-05
2021-02-08,50.65471052911821,ibm,2021-02-08
2021-02-09,50.78442064532094,ibm,2021-02-09
2021-02-10,50.94003546654885,ibm,2021-02-10
2021-02-11,49.40474633474067,ibm,2021-02-11
2021-02-12,49.277677021815215,ibm,2021-02-12
2021-02-16,48.42265067436018,ibm,2021-02-16
2021-02-17,48.30387809074588,ibm,2021-02-17
2021-02-18,49.28193316806618,ibm,2021-02-18
2021-02-19,47.16837411157255,ibm,2021-02-19
2021-02-22,49.57278016292379,ibm,2021-02-22
2021-02-23,49.386267061843604,ibm,2021-02-23
2021-02-24,52.46941625892315,ibm,2021-02-24
2021-02-25,51.508645627560526,ibm,2021-02-25
2021-02-26,47.228892769967715,ibm,2021-02-26
2021-03-01,49.45043824534534,ibm,2021-03-01
2021-03-02,48.967395547462694,ibm,2021-03-02
2021-03-03,51.39904099252047,ibm,2021-03-03
2021-03-04,48.73637423056,ibm,2021-03-04
2021-03-05,51.855406188003904,ibm,2021-03-05
2021-03-08,53.964627354195976,ibm,2021-03-08
2021-03-09,53.1975066731911,ibm,2021-03-09
2021-03-10,56.90901605745791,ibm,2021-03-10
2021-03-11,56.00017936706807,ibm,2021-03-11
2021-03-12,56.463263463325475,ibm,2021-03-12
2021-03-15,57.42005134439964,ibm,2021-03-15
2021-03-16,56.96610059813484,ibm,2021-03-16
2021-03-17,57.76861134172945,ibm,2021-03-17
2021-03-18,58.80475664589155,ibm,2021-03-18
2021-03-19,57.17057844067401,ibm,2021-03-19
2021-03-22,58.85313099135841,ibm,2021-03-22
2021-03-23,58.72297719400288,ibm,2021-03-23
2021-03-24,58.89019576957536,ibm,2021-03-24
2021-03-25,61.369288990418646,ibm,2021-03-25
2021-03-26,64.37206056048277,ibm,2021-03-26
2021-03-29,63.56903881925759,ibm,2021-03-29
2021-03-30,61.82003267243694,ibm,2021-03-30
2021-03-31,59.6458232829483,ibm,2021-03-31
2021-04-01,59.60127730930732,ibm,2021-04-01
2021-04-05,62.228310411132306,ibm,2021-04-05
2021-04-06,59.685450177555914,ibm,2021-04-06
2021-04-07,60.380832322654236,ibm,2021-04-07
2021-04-08,60.56913988307934,ibm,2021-04-08
2021-04-09,61.18182676369165,ibm,2021-04-09
2021-04-12,59.39749540091251,ibm,2021-04-12
2021-04-13,54.48081571108242,ibm,2021-04-13
2021-04-14,56.080009863827044,ibm,2021-04-14
2021-04-15,56.00982140339792,ibm,2021-04-15
2021-04-16,57.1310827140174,ibm,2021-04-16
2021-04-19,56.43857751807087,ibm,2021-04-19
2021-04-20,61.601791295982544,ibm,2021-04-20
2021-04-21,66.05321486651495,ibm,2021-04-21
2021-04-22,62.87751783641848,ibm,2021-04-22
2021-04-23,63.78989010107313,ibm,2021-04-23
2021-04-26,62.599636238811435,ibm,2021-04-26
2021-04-27,62.965381691154704,ibm,2021-04-27
2021-04-28,63.78957576605531,ibm,2021-04-28
2021-04-29,64.80445843784872,ibm,2021-04-29
2021-04-30,61.41541776913546,ibm,2021-04-30
2021-05-03,63.79723656487883,ibm,2021-05-03
2021-05-04,64.58523368574433,ibm,2021-05-04
2021-05-05,63.82352088027106,ibm,2021-05-05
2021-05-06,66.30542290751558,ibm,2021-05-06
2021-05-07,64.39905665467671,ibm,2021-05-07
2021-05-10,64.95964228571816,ibm,2021-05-10
2021-05-11,62.17796396984119,ibm,2021-05-11
2021-05-12,58.30999957235804,ibm,2021-05-12
2021-05-13,60.79006764817343,ibm,2021-05-13
2021-05-14,61.21420482553657,ibm,2021-05-14
2021-05-17,61.57671728079564,ibm,2021-05-17
2021-05-18,59.958829288278544,ibm,2021-05-18
2021-05-19,58.99669404289403,ibm,2021-05-19
2021-05-20,59.6387743850501,ibm,2021-05-20
2021-05-21,60.437559333273704,ibm,2021-05-21
2021-05-24,60.40878491427708,ibm,2021-05-24
2021-05-25,59.05686597215926,ibm,2021-05-25
2021-05-26,58.46019438913079,ibm,2021-05-26
2021-05-27,58.92095374200345,ibm,2021-05-27
2021-05-28,58.79828005171997,ibm,2021-05-28
2021-06-01,59.29145487472544,ibm,2021-06-01
2021-06-02,60.936081569472044,ibm,2021-06-02
2021-06-03,60.65440942120299,ibm,2021-06-03
2021-06-04,62.62048206922588,ibm,2021-06-04
2021-06-07,63.23033165503891,ibm,2021-06-07
2021-06-08,64.28521707222649,ibm,2021-06-08
2021-06-09,65.83048718290263,ibm,2021-06-09
2021-06-10,65.59193874540581,ibm,2021-06-10
2021-06-11,66.31079623204096,ibm,2021-06-11
2021-06-14,63.97525837030456,ibm,2021-06-14
2021-06-15,62.74978297787047,ibm,2021-06-15
2021-06-16,60.03322787931032,ibm,2021-06-16
2021-06-17,56.35475149691509,ibm,2021-06-17
2021-06-18,52.64366985006529,ibm,2021-06-18
2021-06-21,56.82967455469717,ibm,2021-06-21
2021-06-22,56.40592722965876,ibm,2021-06-22
2021-06-23,53.89721989090859,ibm,2021-06-23
2021-06-24,54.88176339985557,ibm,2021-06-24
2021-06-25,56.50265764900607,ibm,2021-06-25
2021-06-28,54.26969728935583,ibm,2021-06-28
2021-06-29,54.581159214274095,ibm,2021-06-29
2021-06-30,55.82612281092721,ibm,2021-06-30
2021-07-01,56.12519772108426,ibm,2021-07-01
2021-07-02,47.12214626940657,ibm,2021-07-02
2021-07-06,45.742022868256925,ibm,2021-07-06
2021-07-07,47.086591602742836,ibm,2021-07-07
2021-07-08,48.25997051488339,ibm,2021-07-08
2021-07-09,49.24701534708589,ibm,2021-07-09
2021-07-12,48.51055447680945,ibm,2021-07-12
2021-07-13,47.72308595204802,ibm,2021-07-13
2021-07-14,47.15393797761003,ibm,2021-07-14
2021-07-15,48.03203674774821,ibm,2021-07-15
2021-07-16,46.08315982412927,ibm,2021-07-16
2021-07-19,44.891827141053994,ibm,2021-07-19
2021-07-20,47.81140846226818,ibm,2021-07-20
2021-07-21,49.603357351345124,ibm,2021-07-21
2021-07-22,48.83387031560045,ibm,2021-07-22
2021-07-23,49.6958675822148,ibm,2021-07-23
2021-07-26,51.61007269930075,ibm,2021-07-26
2021-07-27,51.58166142549161,ibm,2021-07-27
2021-07-28,50.181976480694615,ibm,2021-07-28
2021-07-29,50.409257870090464,ibm,2021-07-29
2021-07-30,49.007095760734714,ibm,2021-07-30
2021-08-02,49.69354805901342,ibm,2021-08-02
2021-08-03,53.42977848055273,ibm,2021-08-03
2021-08-04,51.47476041300926,ibm,2021-08-04
2021-08-05,51.48878389716637,ibm,2021-08-05
2021-08-06,53.3297187874613,ibm,2021-08-06
2021-08-09,51.47164399712189,ibm,2021-08-09
2021-08-10,51.66039420486359,ibm,2021-08-10
2021-08-11,52.75704561202806,ibm,2021-08-11
2021-08-12,54.10690954004295,ibm,2021-08-12
2021-08-13,54.26511368586692,ibm,2021-08-13
2021-08-16,54.86501408657909,ibm,2021-08-16
2021-08-17,52.81977035968635,ibm,2021-08-17
2021-08-18,48.139026899226984,ibm,2021-08-18
2021-08-19,46.06344830205828,ibm,2021-08-19
2021-08-20,47.81322359295752,ibm,2021-08-20
2021-08-23,48.62002182064477,ibm,2021-08-23
2021-08-24,48.97204898042944,ibm,2021-08-24
2021-08-25,49.00490204162062,ibm,2021-08-25
2021-08-26,47.30333229958625,ibm,2021-08-26
2021-08-27,48.38486515715089,ibm,2021-08-27
2021-08-30,47.67784916372354,ibm,2021-08-30
2021-08-31,50.029652284785946,ibm,2021-08-31
2021-09-01,48.32393987172593,ibm,2021-09-01
2021-09-02,49.53893018116611,ibm,2021-09-02
2021-09-03,48.81980333420585,ibm,2021-09-03
2021-09-07,46.35880452818485,ibm,2021-09-07
2021-09-08,47.45839337232036,ibm,2021-09-08
2021-09-09,45.97213653050093,ibm,2021-09-09
2021-09-10,44.847269748029326,ibm,2021-09-10
2021-09-13,46.95453179387292,ibm,2021-09-13
2021-09-14,43.98519878008939,ibm,2021-09-14
2021-09-15,45.78605707694179,ibm,2021-09-15
2021-09-16,44.6200634762277,ibm,2021-09-16
2021-09-17,42.86038640170491,ibm,2021-09-17
2021-09-20,41.56046734227361,ibm,2021-09-20
2021-09-21,39.744223625722505,ibm,2021-09-21
2021-09-22,42.93981624420484,ibm,2021-09-22
2021-09-23,46.64303640154444,ibm,2021-09-23
2021-09-24,47.90874042353721,ibm,2021-09-24
2021-09-27,49.64831093050356,ibm,2021-09-27
2021-09-28,47.96048121245421,ibm,2021-09-28
2021-09-29,50.68150877025582,ibm,2021-09-29
2021-09-30,50.2838468553523,ibm,2021-09-30
2021-10-01,56.48569846159201,ibm,2021-10-01
2021-10-04,57.47325569391801,ibm,2021-10-04
2021-10-05,55.87901804066764,ibm,2021-10-05
2021-10-06,54.58995988163498,ibm,2021-10-06
2021-10-07,53.697773469555074,ibm,2021-10-07
2021-10-08,55.62127014527232,ibm,2021-10-08
2021-10-11,54.31348647565358,ibm,2021-10-11
2021-10-12,51.22249007670484,ibm,2021-10-12
2021-10-13,51.64371943857491,ibm,2021-10-13
2021-10-14,55.26775032545232,ibm,2021-10-14
2021-10-15,56.820642205097506,ibm,2021-10-15
2021-10-18,53.232291685654275,ibm,2021-10-18
2021-10-19,52.7209337330544,ibm,2021-10-19
2021-10-20,52.59791561199236,ibm,2021-10-20
2021-10-21,37.320650830105215,ibm,2021-10-21
2021-10-22,36.95245481182995,ibm,2021-10-22
2021-10-25,36.75240752724633,ibm,2021-10-25
2021-10-26,36.32017038836998,ibm,2021-10-26
2021-10-27,34.69781119541922,ibm,2021-10-27
2021-10-28,35.71326593345199,ibm,2021-10-28
2021-10-29,35.089829731532376,ibm,2021-10-29
2021-11-01,36.90669436837097,ibm,2021-11-01
2021-11-02,36.81634534677262,ibm,2021-11-02
2021-11-03,38.30063100101006,ibm,2021-11-03
2021-11-04,37.60711792595853,ibm,2021-11-04
2021-11-05,41.960827016934076,ibm,2021-11-05
2021-11-08,43.339012877000165,ibm,2021-11-08
2021-11-09,41.084687197564044,ibm,2021-11-09
2021-11-10,40.41634283202725,ibm,2021-11-10
2021-11-11,40.49580438189983,ibm,2021-11-11
2021-11-12,39.08291644150731,ibm,2021-11-12
2021-11-15,38.98624681143961,ibm,2021-11-15
2021-11-16,38.5370214802633,ibm,2021-11-16
2021-11-17,38.094019477715996,ibm,2021-11-17
2021-11-18,36.57184884998236,ibm,2021-11-18
2021-11-19,35.92480946419302,ibm,2021-11-19
2021-11-22,36.722205378649974,ibm,2021-11-22
2021-11-23,37.33685880543638,ibm,2021-11-23
2021-11-24,37.26665163836892,ibm,2021-11-24
2021-11-26,36.187218852370755,ibm,2021-11-26
2021-11-29,41.32756467824279,ibm,2021-11-29
2021-11-30,39.60971659472646,ibm,2021-11-30
2021-12-01,39.391932504934665,ibm,2021-12-01
2021-12-02,39.36705536893971,ibm,2021-12-02
2021-12-03,42.98068251638589,ibm,2021-12-03
2021-12-06,44.85586087887282,ibm,2021-12-06
2021-12-07,47.63622995453366,ibm,2021-12-07
2021-12-08,49.88993199201603,ibm,2021-12-08
2021-12-09,50.72784716235228,ibm,2021-12-09
2021-12-10,51.520679746675945,ibm,2021-12-10
2021-12-13,49.14513179754756,ibm,2021-12-13
2021-12-14,50.97261771533277,ibm,2021-12-14
2021-12-15,49.94978113810837,ibm,2021-12-15
2021-12-16,54.0848406939513,ibm,2021-12-16
2021-12-17,56.04322356572013,ibm,2021-12-17
2021-12-20,55.477044527184894,ibm,2021-12-20
2021-12-21,57.9459406924909,ibm,2021-12-21
2021-12-22,58.90853791911435,ibm,2021-12-22
2021-12-23,59.97774547597617,ibm,2021-12-23
2021-12-27,61.15405724640994,ibm,2021-12-27
2021-12-28,62.32278998277641,ibm,2021-12-28
2021-12-29,63.14058665755157,ibm,2021-12-29
2021-12-30,63.77328192389509,ibm,2021-12-30
2021-12-31,63.27172923436964,ibm,2021-12-31
