date,close_30_sma,ticker,date
2018-01-02,111.25568389892578,v,2018-01-02
2018-01-03,111.80947494506836,v,2018-01-03
2018-01-04,112.13333638509114,v,2018-01-04
2018-01-05,112.97051429748535,v,2018-01-05
2018-01-08,113.56609344482422,v,2018-01-08
2018-01-09,113.92590459187825,v,2018-01-09
2018-01-10,114.1648668561663,v,2018-01-10
2018-01-11,114.44853210449219,v,2018-01-11
2018-01-12,114.69614919026692,v,2018-01-12
2018-01-16,114.9233901977539,v,2018-01-16
2018-01-17,115.24975308504972,v,2018-01-17
2018-01-18,115.61321385701497,v,2018-01-18
2018-01-19,115.8901126568134,v,2018-01-19
2018-01-22,116.24057442801339,v,2018-01-22
2018-01-23,116.56503651936849,v,2018-01-23
2018-01-24,116.8428692817688,v,2018-01-24
2018-01-25,117.1263068704044,v,2018-01-25
2018-01-26,117.43762588500977,v,2018-01-26
2018-01-29,117.6404924894634,v,2018-01-29
2018-01-30,117.76040649414062,v,2018-01-30
2018-01-31,117.90036047072638,v,2018-01-31
2018-02-01,118.09339384599166,v,2018-02-01
2018-02-02,118.06645501178244,v,2018-02-02
2018-02-05,117.8539212544759,v,2018-02-05
2018-02-06,117.80218505859375,v,2018-02-06
2018-02-07,117.74247066791241,v,2018-02-07
2018-02-08,117.47882871274595,v,2018-02-08
2018-02-09,117.31937898908343,v,2018-02-09
2018-02-12,117.24295649035224,v,2018-02-12
2018-02-13,117.16774266560873,v,2018-02-13
2018-02-14,117.37242228190104,v,2018-02-14
2018-02-15,117.59403635660807,v,2018-02-15
2018-02-16,117.78777389526367,v,2018-02-16
2018-02-20,117.89666951497396,v,2018-02-20
2018-02-21,117.93876037597656,v,2018-02-21
2018-02-22,117.98667755126954,v,2018-02-22
2018-02-23,118.12153396606445,v,2018-02-23
2018-02-26,118.28239262898764,v,2018-02-26
2018-02-27,118.39557571411133,v,2018-02-27
2018-02-28,118.48509267171224,v,2018-02-28
2018-03-01,118.4407112121582,v,2018-03-01
2018-03-02,118.37173665364584,v,2018-03-02
2018-03-05,118.35205307006837,v,2018-03-05
2018-03-06,118.25297724405924,v,2018-03-06
2018-03-07,118.1691665649414,v,2018-03-07
2018-03-08,118.1005983988444,v,2018-03-08
2018-03-09,118.08462473551432,v,2018-03-09
2018-03-12,118.02426630655924,v,2018-03-12
2018-03-13,117.97810033162435,v,2018-03-13
2018-03-14,117.95359751383464,v,2018-03-14
2018-03-15,117.9339993794759,v,2018-03-15
2018-03-16,117.90248235066731,v,2018-03-16
2018-03-19,117.98391723632812,v,2018-03-19
2018-03-20,118.27077560424804,v,2018-03-20
2018-03-21,118.38297754923502,v,2018-03-21
2018-03-22,118.40075378417968,v,2018-03-22
2018-03-23,118.50904337565105,v,2018-03-23
2018-03-26,118.65575307210287,v,2018-03-26
2018-03-27,118.62771962483724,v,2018-03-27
2018-03-28,118.5902707417806,v,2018-03-28
2018-03-29,118.55782801310221,v,2018-03-29
2018-04-02,118.43162740071615,v,2018-04-02
2018-04-03,118.34565505981445,v,2018-04-03
2018-04-04,118.2742820739746,v,2018-04-04
2018-04-05,118.2989387512207,v,2018-04-05
2018-04-06,118.21199366251628,v,2018-04-06
2018-04-09,118.07768147786459,v,2018-04-09
2018-04-10,117.95212987263997,v,2018-04-10
2018-04-11,117.83566055297851,v,2018-04-11
2018-04-12,117.77499262491862,v,2018-04-12
2018-04-13,117.78634796142578,v,2018-04-13
2018-04-16,117.82235946655274,v,2018-04-16
2018-04-17,117.88464838663737,v,2018-04-17
2018-04-18,117.99560139973958,v,2018-04-18
2018-04-19,118.06405537923177,v,2018-04-19
2018-04-20,118.12829106648763,v,2018-04-20
2018-04-23,118.12666880289713,v,2018-04-23
2018-04-24,118.03031565348307,v,2018-04-24
2018-04-25,117.96575469970703,v,2018-04-25
2018-04-26,118.11174494425455,v,2018-04-26
2018-04-27,118.1960952758789,v,2018-04-27
2018-04-30,118.27233378092448,v,2018-04-30
2018-05-01,118.41183522542318,v,2018-05-01
2018-05-02,118.45952529907227,v,2018-05-02
2018-05-03,118.58799718221029,v,2018-05-03
2018-05-04,118.8530517578125,v,2018-05-04
2018-05-07,119.2507952372233,v,2018-05-07
2018-05-08,119.55121129353842,v,2018-05-08
2018-05-09,119.98723678588867,v,2018-05-09
2018-05-10,120.44175567626954,v,2018-05-10
2018-05-11,120.83755340576172,v,2018-05-11
2018-05-14,121.25346552530924,v,2018-05-14
2018-05-15,121.63952992757162,v,2018-05-15
2018-05-16,121.99899063110351,v,2018-05-16
2018-05-17,122.28930943806967,v,2018-05-17
2018-05-18,122.69285202026367,v,2018-05-18
2018-05-21,123.0847551981608,v,2018-05-21
2018-05-22,123.41566899617513,v,2018-05-22
2018-05-23,123.81509908040364,v,2018-05-23
2018-05-24,124.17300211588541,v,2018-05-24
2018-05-25,124.52146479288737,v,2018-05-25
2018-05-29,124.78160095214844,v,2018-05-29
2018-05-30,125.01031799316407,v,2018-05-30
2018-05-31,125.21957397460938,v,2018-05-31
2018-06-01,125.44992370605469,v,2018-06-01
2018-06-04,125.74462483723958,v,2018-06-04
2018-06-05,126.0468132019043,v,2018-06-05
2018-06-06,126.54087702433269,v,2018-06-06
2018-06-07,126.95760192871094,v,2018-06-07
2018-06-08,127.2131362915039,v,2018-06-08
2018-06-11,127.47641270955404,v,2018-06-11
2018-06-12,127.74233322143554,v,2018-06-12
2018-06-13,127.97286834716797,v,2018-06-13
2018-06-14,128.2595593770345,v,2018-06-14
2018-06-15,128.5235455830892,v,2018-06-15
2018-06-18,128.7914830525716,v,2018-06-18
2018-06-19,128.98831481933593,v,2018-06-19
2018-06-20,129.17705739339192,v,2018-06-20
2018-06-21,129.30378239949545,v,2018-06-21
2018-06-22,129.45131301879883,v,2018-06-22
2018-06-25,129.42926483154298,v,2018-06-25
2018-06-26,129.47964731852213,v,2018-06-26
2018-06-27,129.4838831583659,v,2018-06-27
2018-06-28,129.55082219441732,v,2018-06-28
2018-06-29,129.63270899454753,v,2018-06-29
2018-07-02,129.7162198384603,v,2018-07-02
2018-07-03,129.74189046223958,v,2018-07-03
2018-07-05,129.82572555541992,v,2018-07-05
2018-07-06,129.89753646850585,v,2018-07-06
2018-07-09,130.0154909769694,v,2018-07-09
2018-07-10,130.1912862141927,v,2018-07-10
2018-07-11,130.46619033813477,v,2018-07-11
2018-07-12,130.76708958943684,v,2018-07-12
2018-07-13,131.0497922261556,v,2018-07-13
2018-07-16,131.29707565307618,v,2018-07-16
2018-07-17,131.51056543986002,v,2018-07-17
2018-07-18,131.74907455444335,v,2018-07-18
2018-07-19,131.8741798400879,v,2018-07-19
2018-07-20,132.10651626586915,v,2018-07-20
2018-07-23,132.2784116109212,v,2018-07-23
2018-07-24,132.47727788289387,v,2018-07-24
2018-07-25,132.73008651733397,v,2018-07-25
2018-07-26,132.99329198201497,v,2018-07-26
2018-07-27,133.17883733113607,v,2018-07-27
2018-07-30,133.22367986043295,v,2018-07-30
2018-07-31,133.24122645060223,v,2018-07-31
2018-08-01,133.34325841267903,v,2018-08-01
2018-08-02,133.45438868204752,v,2018-08-02
2018-08-03,133.62628758748372,v,2018-08-03
2018-08-06,133.76861190795898,v,2018-08-06
2018-08-07,134.0724349975586,v,2018-08-07
2018-08-08,134.33661549886068,v,2018-08-08
2018-08-09,134.6287409464518,v,2018-08-09
2018-08-10,134.8558771769206,v,2018-08-10
2018-08-13,135.1080352783203,v,2018-08-13
2018-08-14,135.3764409383138,v,2018-08-14
2018-08-15,135.65166931152345,v,2018-08-15
2018-08-16,135.89769897460937,v,2018-08-16
2018-08-17,136.13986307779948,v,2018-08-17
2018-08-20,136.32286885579427,v,2018-08-20
2018-08-21,136.43856455485027,v,2018-08-21
2018-08-22,136.54261678059896,v,2018-08-22
2018-08-23,136.6210454305013,v,2018-08-23
2018-08-24,136.78341064453124,v,2018-08-24
2018-08-27,137.01602376302083,v,2018-08-27
2018-08-28,137.20378519694012,v,2018-08-28
2018-08-29,137.4101598103841,v,2018-08-29
2018-08-30,137.63211568196616,v,2018-08-30
2018-08-31,137.8310084025065,v,2018-08-31
2018-09-04,138.09070994059246,v,2018-09-04
2018-09-05,138.18346405029297,v,2018-09-05
2018-09-06,138.25096130371094,v,2018-09-06
2018-09-07,138.28070271809895,v,2018-09-07
2018-09-10,138.39724527994792,v,2018-09-10
2018-09-11,138.69712829589844,v,2018-09-11
2018-09-12,139.02371012369792,v,2018-09-12
2018-09-13,139.33572133382162,v,2018-09-13
2018-09-14,139.63279368082684,v,2018-09-14
2018-09-17,139.84659678141276,v,2018-09-17
2018-09-18,140.11116638183594,v,2018-09-18
2018-09-19,140.35037790934246,v,2018-09-19
2018-09-20,140.6358220418294,v,2018-09-20
2018-09-21,140.96939493815105,v,2018-09-21
2018-09-24,141.28147684733074,v,2018-09-24
2018-09-25,141.59325612386067,v,2018-09-25
2018-09-26,141.8770757039388,v,2018-09-26
2018-09-27,142.2125981648763,v,2018-09-27
2018-09-28,142.51980845133463,v,2018-09-28
2018-10-01,142.82766774495443,v,2018-10-01
2018-10-02,143.1117696126302,v,2018-10-02
2018-10-03,143.41540069580077,v,2018-10-03
2018-10-04,143.59829457600912,v,2018-10-04
2018-10-05,143.70438690185546,v,2018-10-05
2018-10-08,143.62921346028645,v,2018-10-08
2018-10-09,143.52865397135417,v,2018-10-09
2018-10-10,143.21363372802733,v,2018-10-10
2018-10-11,142.7808064778646,v,2018-10-11
2018-10-12,142.56341654459635,v,2018-10-12
2018-10-15,142.2490468343099,v,2018-10-15
2018-10-16,142.0518330891927,v,2018-10-16
2018-10-17,142.04467366536457,v,2018-10-17
2018-10-18,141.8751225789388,v,2018-10-18
2018-10-19,141.77358652750652,v,2018-10-19
2018-10-22,141.66163787841796,v,2018-10-22
2018-10-23,141.45433603922527,v,2018-10-23
2018-10-24,141.05372619628906,v,2018-10-24
2018-10-25,140.8223419189453,v,2018-10-25
2018-10-26,140.4936559041341,v,2018-10-26
2018-10-29,140.10801747639974,v,2018-10-29
2018-10-30,139.6240966796875,v,2018-10-30
2018-10-31,139.31265665690105,v,2018-10-31
2018-11-01,139.03896484375,v,2018-11-01
2018-11-02,138.70474497477213,v,2018-11-02
2018-11-05,138.40176645914713,v,2018-11-05
2018-11-06,138.11571095784504,v,2018-11-06
2018-11-07,137.96959177652994,v,2018-11-07
2018-11-08,137.81370951334637,v,2018-11-08
2018-11-09,137.61324157714844,v,2018-11-09
2018-11-12,137.25298716227215,v,2018-11-12
2018-11-13,136.92918090820314,v,2018-11-13
2018-11-14,136.60765126546224,v,2018-11-14
2018-11-15,136.45582529703776,v,2018-11-15
2018-11-16,136.29544016520182,v,2018-11-16
2018-11-19,136.07127838134767,v,2018-11-19
2018-11-20,135.7881342569987,v,2018-11-20
2018-11-21,135.76019032796225,v,2018-11-21
2018-11-23,135.7399663289388,v,2018-11-23
2018-11-26,135.61383107503255,v,2018-11-26
2018-11-27,135.5788152058919,v,2018-11-27
2018-11-28,135.5753601074219,v,2018-11-28
2018-11-29,135.4744669596354,v,2018-11-29
2018-11-30,135.5615025838216,v,2018-11-30
2018-12-03,135.73008931477864,v,2018-12-03
2018-12-04,135.67310333251953,v,2018-12-04
2018-12-06,135.74415384928386,v,2018-12-06
2018-12-07,135.84491373697918,v,2018-12-07
2018-12-10,135.76705627441407,v,2018-12-10
2018-12-11,135.74478302001953,v,2018-12-11
2018-12-12,135.86576029459636,v,2018-12-12
2018-12-13,136.02935384114582,v,2018-12-13
2018-12-14,135.94742685953776,v,2018-12-14
2018-12-17,135.64822082519532,v,2018-12-17
2018-12-18,135.42426350911458,v,2018-12-18
2018-12-19,135.15401204427084,v,2018-12-19
2018-12-20,134.77003835042316,v,2018-12-20
2018-12-21,134.10950826009113,v,2018-12-21
2018-12-24,133.35185114542642,v,2018-12-24
2018-12-26,132.91361618041992,v,2018-12-26
2018-12-27,132.6704200744629,v,2018-12-27
2018-12-28,132.39234034220377,v,2018-12-28
2018-12-31,132.15434748331705,v,2018-12-31
2019-01-02,131.8635398864746,v,2019-01-02
2019-01-03,131.47068837483724,v,2019-01-03
2019-01-04,131.43450063069662,v,2019-01-04
2019-01-07,131.52219848632814,v,2019-01-07
2019-01-08,131.59979044596355,v,2019-01-08
2019-01-09,131.78040466308593,v,2019-01-09
2019-01-10,131.8694081624349,v,2019-01-10
2019-01-11,131.9395024617513,v,2019-01-11
2019-01-14,131.79996795654296,v,2019-01-14
2019-01-15,131.74258829752605,v,2019-01-15
2019-01-16,131.6001174926758,v,2019-01-16
2019-01-17,131.3484313964844,v,2019-01-17
2019-01-18,131.34386698404947,v,2019-01-18
2019-01-22,131.24606170654297,v,2019-01-22
2019-01-23,131.2427998860677,v,2019-01-23
2019-01-24,131.23693084716797,v,2019-01-24
2019-01-25,131.29757130940754,v,2019-01-25
2019-01-28,131.23856201171876,v,2019-01-28
2019-01-29,131.15575307210287,v,2019-01-29
2019-01-30,131.23758544921876,v,2019-01-30
2019-01-31,131.35527750651042,v,2019-01-31
2019-02-01,131.5994654337565,v,2019-02-01
2019-02-04,131.9333073933919,v,2019-02-04
2019-02-05,132.38223520914713,v,2019-02-05
2019-02-06,132.94396413167317,v,2019-02-06
2019-02-07,133.54514134724934,v,2019-02-07
2019-02-08,133.87605107625325,v,2019-02-08
2019-02-11,134.16262130737306,v,2019-02-11
2019-02-12,134.52287216186522,v,2019-02-12
2019-02-13,134.8994244893392,v,2019-02-13
2019-02-14,135.24141260782878,v,2019-02-14
2019-02-15,135.79671579996744,v,2019-02-15
2019-02-19,136.15670878092448,v,2019-02-19
2019-02-20,136.44760284423828,v,2019-02-20
2019-02-21,136.6905298868815,v,2019-02-21
2019-02-22,136.9420389811198,v,2019-02-22
2019-02-25,137.19127655029297,v,2019-02-25
2019-02-26,137.4924062093099,v,2019-02-26
2019-02-27,137.830712890625,v,2019-02-27
2019-02-28,138.19058939615886,v,2019-02-28
2019-03-01,138.59455413818358,v,2019-03-01
2019-03-04,138.95116068522137,v,2019-03-04
2019-03-05,139.26766713460287,v,2019-03-05
2019-03-06,139.59427185058593,v,2019-03-06
2019-03-07,139.9227767944336,v,2019-03-07
2019-03-08,140.24576924641926,v,2019-03-08
2019-03-11,140.64556325276692,v,2019-03-11
2019-03-12,141.16734975179037,v,2019-03-12
2019-03-13,141.7455805460612,v,2019-03-13
2019-03-14,142.29554494222006,v,2019-03-14
2019-03-15,142.97109883626302,v,2019-03-15
2019-03-18,143.4627487182617,v,2019-03-18
2019-03-19,143.89830373128254,v,2019-03-19
2019-03-20,144.27284291585286,v,2019-03-20
2019-03-21,144.74824015299478,v,2019-03-21
2019-03-22,145.1775131225586,v,2019-03-22
2019-03-25,145.5986323038737,v,2019-03-25
2019-03-26,146.08019460042317,v,2019-03-26
2019-03-27,146.48768971761066,v,2019-03-27
2019-03-28,146.86097717285156,v,2019-03-28
2019-03-29,147.2865198771159,v,2019-03-29
2019-04-01,147.68985544840496,v,2019-04-01
2019-04-02,148.12552235921223,v,2019-04-02
2019-04-03,148.5739262898763,v,2019-04-03
2019-04-04,149.01939137776694,v,2019-04-04
2019-04-05,149.40411071777345,v,2019-04-05
2019-04-08,149.7858896891276,v,2019-04-08
2019-04-09,150.127175394694,v,2019-04-09
2019-04-10,150.49752553304037,v,2019-04-10
2019-04-11,150.81562093098958,v,2019-04-11
2019-04-12,151.14776051839192,v,2019-04-12
2019-04-15,151.5553415934245,v,2019-04-15
2019-04-16,151.95638936360677,v,2019-04-16
2019-04-17,152.36886901855468,v,2019-04-17
2019-04-18,152.80421040852863,v,2019-04-18
2019-04-22,153.23040618896485,v,2019-04-22
2019-04-23,153.58932444254557,v,2019-04-23
2019-04-24,153.90807240804037,v,2019-04-24
2019-04-25,154.1873031616211,v,2019-04-25
2019-04-26,154.4724126180013,v,2019-04-26
2019-04-29,154.75621490478517,v,2019-04-29
2019-04-30,155.06549224853515,v,2019-04-30
2019-05-01,155.3332951863607,v,2019-05-01
2019-05-02,155.57398986816406,v,2019-05-02
2019-05-03,155.77777913411458,v,2019-05-03
2019-05-06,156.0785664876302,v,2019-05-06
2019-05-07,156.31305745442708,v,2019-05-07
2019-05-08,156.4913752237956,v,2019-05-08
2019-05-09,156.67393697102864,v,2019-05-09
2019-05-10,156.871196492513,v,2019-05-10
2019-05-13,156.9084279378255,v,2019-05-13
2019-05-14,157.00477244059246,v,2019-05-14
2019-05-15,157.16839396158855,v,2019-05-15
2019-05-16,157.38601786295573,v,2019-05-16
2019-05-17,157.60490976969402,v,2019-05-17
2019-05-20,157.80319569905598,v,2019-05-20
2019-05-21,158.01097208658854,v,2019-05-21
2019-05-22,158.2396662394206,v,2019-05-22
2019-05-23,158.34412180582683,v,2019-05-23
2019-05-24,158.5083999633789,v,2019-05-24
2019-05-28,158.64954477945963,v,2019-05-28
2019-05-29,158.73250579833984,v,2019-05-29
2019-05-30,158.82330729166668,v,2019-05-30
2019-05-31,158.8604771931966,v,2019-05-31
2019-06-03,158.81749674479167,v,2019-06-03
2019-06-04,158.88868204752603,v,2019-06-04
2019-06-05,159.01880747477213,v,2019-06-05
2019-06-06,159.20452931722005,v,2019-06-06
2019-06-07,159.5079793294271,v,2019-06-07
2019-06-10,159.77423655192058,v,2019-06-10
2019-06-11,159.98397064208984,v,2019-06-11
2019-06-12,160.22642618815104,v,2019-06-12
2019-06-13,160.4491729736328,v,2019-06-13
2019-06-14,160.73660176595052,v,2019-06-14
2019-06-17,160.99071299235027,v,2019-06-17
2019-06-18,161.2278264363607,v,2019-06-18
2019-06-19,161.5786626180013,v,2019-06-19
2019-06-20,162.01130065917968,v,2019-06-20
2019-06-21,162.46515045166015,v,2019-06-21
2019-06-24,162.90301818847655,v,2019-06-24
2019-06-25,163.3672103881836,v,2019-06-25
2019-06-26,163.7301483154297,v,2019-06-26
2019-06-27,164.01438751220704,v,2019-06-27
2019-06-28,164.29830118815104,v,2019-06-28
2019-07-01,164.6204828898112,v,2019-07-01
2019-07-02,165.00677591959635,v,2019-07-02
2019-07-03,165.43231913248698,v,2019-07-03
2019-07-05,165.83856608072918,v,2019-07-05
2019-07-08,166.31873423258463,v,2019-07-08
2019-07-09,166.81231282552082,v,2019-07-09
2019-07-10,167.32257181803385,v,2019-07-10
2019-07-11,167.91166025797526,v,2019-07-11
2019-07-12,168.48635762532552,v,2019-07-12
2019-07-15,169.1156768798828,v,2019-07-15
2019-07-16,169.79307861328124,v,2019-07-16
2019-07-17,170.34324340820314,v,2019-07-17
2019-07-18,170.8384567260742,v,2019-07-18
2019-07-19,171.2414311726888,v,2019-07-19
2019-07-22,171.58552958170574,v,2019-07-22
2019-07-23,171.9152364095052,v,2019-07-23
2019-07-24,172.3411076863607,v,2019-07-24
2019-07-25,172.66819763183594,v,2019-07-25
2019-07-26,173.13724365234376,v,2019-07-26
2019-07-29,173.58044942220053,v,2019-07-29
2019-07-30,173.97197621663412,v,2019-07-30
2019-07-31,174.2571990966797,v,2019-07-31
2019-08-01,174.5345698038737,v,2019-08-01
2019-08-02,174.65493723551432,v,2019-08-02
2019-08-05,174.5051305135091,v,2019-08-05
2019-08-06,174.46031850179037,v,2019-08-06
2019-08-07,174.59246317545572,v,2019-08-07
2019-08-08,174.88161061604816,v,2019-08-08
2019-08-09,175.13739471435548,v,2019-08-09
2019-08-12,175.22865295410156,v,2019-08-12
2019-08-13,175.38140411376952,v,2019-08-13
2019-08-14,175.3235087076823,v,2019-08-14
2019-08-15,175.31220347086588,v,2019-08-15
2019-08-16,175.37196706136066,v,2019-08-16
2019-08-19,175.49656575520834,v,2019-08-19
2019-08-20,175.55441538492838,v,2019-08-20
2019-08-21,175.61627146402995,v,2019-08-21
2019-08-22,175.60351003011067,v,2019-08-22
2019-08-23,175.44496358235676,v,2019-08-23
2019-08-26,175.35587209065756,v,2019-08-26
2019-08-27,175.33387196858723,v,2019-08-27
2019-08-28,175.32660319010418,v,2019-08-28
2019-08-29,175.35608774820963,v,2019-08-29
2019-08-30,175.4163019816081,v,2019-08-30
2019-09-03,175.37994791666668,v,2019-09-03
2019-09-04,175.41698354085287,v,2019-09-04
2019-09-05,175.47149353027345,v,2019-09-05
2019-09-06,175.61600189208986,v,2019-09-06
2019-09-09,175.55457356770833,v,2019-09-09
2019-09-10,175.33851267496746,v,2019-09-10
2019-09-11,175.13252766927084,v,2019-09-11
2019-09-12,175.14027303059896,v,2019-09-12
2019-09-13,175.08649342854818,v,2019-09-13
2019-09-16,175.0519566853841,v,2019-09-16
2019-09-17,175.3085459391276,v,2019-09-17
2019-09-18,175.40873209635416,v,2019-09-18
2019-09-19,175.43796997070314,v,2019-09-19
2019-09-20,175.25516459147136,v,2019-09-20
2019-09-23,175.1280044555664,v,2019-09-23
2019-09-24,175.07540130615234,v,2019-09-24
2019-09-25,174.9747538248698,v,2019-09-25
2019-09-26,175.05304056803385,v,2019-09-26
2019-09-27,174.9786834716797,v,2019-09-27
2019-09-30,174.77494099934896,v,2019-09-30
2019-10-01,174.59641977945964,v,2019-10-01
2019-10-02,174.2881856282552,v,2019-10-02
2019-10-03,174.02384236653646,v,2019-10-03
2019-10-04,173.88921457926432,v,2019-10-04
2019-10-07,173.87840525309244,v,2019-10-07
2019-10-08,173.70905659993488,v,2019-10-08
2019-10-09,173.5944091796875,v,2019-10-09
2019-10-10,173.4702631632487,v,2019-10-10
2019-10-11,173.33563537597655,v,2019-10-11
2019-10-14,173.22229868570963,v,2019-10-14
2019-10-15,173.20755869547526,v,2019-10-15
2019-10-16,173.0798095703125,v,2019-10-16
2019-10-17,172.85739491780598,v,2019-10-17
2019-10-18,172.5288508097331,v,2019-10-18
2019-10-21,172.36113840738932,v,2019-10-21
2019-10-22,172.18130747477213,v,2019-10-22
2019-10-23,172.061420694987,v,2019-10-23
2019-10-24,172.0018046061198,v,2019-10-24
2019-10-25,172.02080332438152,v,2019-10-25
2019-10-28,172.14298299153646,v,2019-10-28
2019-10-29,172.18163401285807,v,2019-10-29
2019-10-30,172.31134796142578,v,2019-10-30
2019-10-31,172.40634053548177,v,2019-10-31
2019-11-01,172.63137563069662,v,2019-11-01
2019-11-04,172.76371002197266,v,2019-11-04
2019-11-05,172.82561747233072,v,2019-11-05
2019-11-06,172.87442321777343,v,2019-11-06
2019-11-07,172.96548461914062,v,2019-11-07
2019-11-08,173.12828267415364,v,2019-11-08
2019-11-11,173.37493540445965,v,2019-11-11
2019-11-12,173.55345662434897,v,2019-11-12
2019-11-13,173.86725921630858,v,2019-11-13
2019-11-14,174.10248311360678,v,2019-11-14
2019-11-15,174.2364924112956,v,2019-11-15
2019-11-18,174.4022689819336,v,2019-11-18
2019-11-19,174.7513224283854,v,2019-11-19
2019-11-20,174.9833755493164,v,2019-11-20
2019-11-21,175.15735371907553,v,2019-11-21
2019-11-22,175.2461430867513,v,2019-11-22
2019-11-25,175.37432149251302,v,2019-11-25
2019-11-26,175.508810933431,v,2019-11-26
2019-11-27,175.73184153238932,v,2019-11-27
2019-11-29,175.95717213948566,v,2019-11-29
2019-12-02,176.1663040161133,v,2019-12-02
2019-12-03,176.35546010335287,v,2019-12-03
2019-12-04,176.68441314697264,v,2019-12-04
2019-12-05,177.0406234741211,v,2019-12-05
2019-12-06,177.2474822998047,v,2019-12-06
2019-12-09,177.42359161376953,v,2019-12-09
2019-12-10,177.5128611246745,v,2019-12-10
2019-12-11,177.66631927490235,v,2019-12-11
2019-12-12,177.78738301595052,v,2019-12-12
2019-12-13,178.0032485961914,v,2019-12-13
2019-12-16,178.1874013264974,v,2019-12-16
2019-12-17,178.41278889973958,v,2019-12-17
2019-12-18,178.7023442586263,v,2019-12-18
2019-12-19,179.03260650634766,v,2019-12-19
2019-12-20,179.3563975016276,v,2019-12-20
2019-12-23,179.63231404622397,v,2019-12-23
2019-12-24,179.905637105306,v,2019-12-24
2019-12-26,180.22457936604818,v,2019-12-26
2019-12-27,180.56187693277994,v,2019-12-27
2019-12-30,180.82699127197264,v,2019-12-30
2019-12-31,181.09374440511067,v,2019-12-31
2020-01-02,181.46975758870443,v,2020-01-02
2020-01-03,181.69385681152343,v,2020-01-03
2020-01-06,181.94092508951823,v,2020-01-06
2020-01-07,182.2296620686849,v,2020-01-07
2020-01-08,182.6381581624349,v,2020-01-08
2020-01-09,183.04107818603515,v,2020-01-09
2020-01-10,183.40921732584636,v,2020-01-10
2020-01-13,183.7688252766927,v,2020-01-13
2020-01-14,184.14746500651043,v,2020-01-14
2020-01-15,184.73839060465494,v,2020-01-15
2020-01-16,185.36343994140626,v,2020-01-16
2020-01-17,186.15418548583983,v,2020-01-17
2020-01-21,186.98758544921876,v,2020-01-21
2020-01-22,187.8318120320638,v,2020-01-22
2020-01-23,188.60615132649738,v,2020-01-23
2020-01-24,189.3522740681966,v,2020-01-24
2020-01-27,189.99799550374348,v,2020-01-27
2020-01-28,190.66110534667968,v,2020-01-28
2020-01-29,191.30813903808593,v,2020-01-29
2020-01-30,192.02899678548178,v,2020-01-30
2020-01-31,192.47030385335287,v,2020-01-31
2020-02-03,192.99232686360676,v,2020-02-03
2020-02-04,193.55077056884767,v,2020-02-04
2020-02-05,194.03670247395834,v,2020-02-05
2020-02-06,194.56036631266275,v,2020-02-06
2020-02-07,195.0581090291341,v,2020-02-07
2020-02-10,195.61031799316407,v,2020-02-10
2020-02-11,196.08771769205728,v,2020-02-11
2020-02-12,196.73114115397135,v,2020-02-12
2020-02-13,197.380810546875,v,2020-02-13
2020-02-14,198.01979115804036,v,2020-02-14
2020-02-18,198.73854420979816,v,2020-02-18
2020-02-19,199.5400817871094,v,2020-02-19
2020-02-20,200.29690806070963,v,2020-02-20
2020-02-21,200.8610087076823,v,2020-02-21
2020-02-24,201.05222727457684,v,2020-02-24
2020-02-25,200.8849853515625,v,2020-02-25
2020-02-26,200.62745666503906,v,2020-02-26
2020-02-27,200.109721883138,v,2020-02-27
2020-02-28,199.52644856770834,v,2020-02-28
2020-03-02,199.25275777180988,v,2020-03-02
2020-03-03,198.6391581217448,v,2020-03-03
2020-03-04,198.2218470255534,v,2020-03-04
2020-03-05,197.54366912841797,v,2020-03-05
2020-03-06,196.8253382364909,v,2020-03-06
2020-03-09,195.72216186523437,v,2020-03-09
2020-03-10,195.10447642008464,v,2020-03-10
2020-03-11,194.13164672851562,v,2020-03-11
2020-03-12,192.66997731526692,v,2020-03-12
2020-03-13,191.61591186523438,v,2020-03-13
2020-03-16,190.08233083089192,v,2020-03-16
2020-03-17,188.68158467610678,v,2020-03-17
2020-03-18,186.88141021728515,v,2020-03-18
2020-03-19,185.22972005208334,v,2020-03-19
2020-03-20,183.39239044189452,v,2020-03-20
2020-03-23,181.20050506591798,v,2020-03-23
2020-03-24,179.51939392089844,v,2020-03-24
2020-03-25,178.14376983642578,v,2020-03-25
2020-03-26,176.88660278320313,v,2020-03-26
2020-03-27,175.3803690592448,v,2020-03-27
2020-03-30,173.9109364827474,v,2020-03-30
2020-03-31,172.2653813680013,v,2020-03-31
2020-04-01,170.28729807535808,v,2020-04-01
2020-04-02,168.5109664916992,v,2020-04-02
2020-04-03,166.63934580485025,v,2020-04-03
2020-04-06,165.6749481201172,v,2020-04-06
2020-04-07,165.02401987711588,v,2020-04-07
2020-04-08,164.62084554036457,v,2020-04-08
2020-04-09,164.41318105061848,v,2020-04-09
2020-04-13,163.9935775756836,v,2020-04-13
2020-04-14,163.41165313720703,v,2020-04-14
2020-04-15,162.7620412190755,v,2020-04-15
2020-04-16,161.7148417154948,v,2020-04-16
2020-04-17,161.14244639078777,v,2020-04-17
2020-04-20,160.48067525227864,v,2020-04-20
2020-04-21,160.13237508138022,v,2020-04-21
2020-04-22,159.60631001790364,v,2020-04-22
2020-04-23,159.3904296875,v,2020-04-23
2020-04-24,159.62832641601562,v,2020-04-24
2020-04-27,159.49459279378254,v,2020-04-27
2020-04-28,160.12679138183594,v,2020-04-28
2020-04-29,160.9121109008789,v,2020-04-29
2020-04-30,161.90575256347657,v,2020-04-30
2020-05-01,162.67201334635416,v,2020-05-01
2020-05-04,163.6354253133138,v,2020-05-04
2020-05-05,165.03848317464193,v,2020-05-05
2020-05-06,165.8353012084961,v,2020-05-06
2020-05-07,166.5233591715495,v,2020-05-07
2020-05-08,167.05599517822264,v,2020-05-08
2020-05-11,167.7788818359375,v,2020-05-11
2020-05-12,168.2356150309245,v,2020-05-12
2020-05-13,168.77010955810547,v,2020-05-13
2020-05-14,169.69320068359374,v,2020-05-14
2020-05-15,170.56090393066407,v,2020-05-15
2020-05-18,171.87033081054688,v,2020-05-18
2020-05-19,172.53529154459636,v,2020-05-19
2020-05-20,173.37629241943358,v,2020-05-20
2020-05-21,173.902001953125,v,2020-05-21
2020-05-22,174.4766830444336,v,2020-05-22
2020-05-26,175.28347625732422,v,2020-05-26
2020-05-27,175.8921101888021,v,2020-05-27
2020-05-28,176.83269399007162,v,2020-05-28
2020-05-29,177.9218521118164,v,2020-05-29
2020-06-01,178.74776509602864,v,2020-06-01
2020-06-02,179.81464182535808,v,2020-06-02
2020-06-03,181.0195510864258,v,2020-06-03
2020-06-04,181.91902821858724,v,2020-06-04
2020-06-05,183.0218989054362,v,2020-06-05
2020-06-08,184.0935526529948,v,2020-06-08
2020-06-09,185.0022003173828,v,2020-06-09
2020-06-10,185.97368469238282,v,2020-06-10
2020-06-11,186.2170435587565,v,2020-06-11
2020-06-12,186.67252451578776,v,2020-06-12
2020-06-15,187.21505482991537,v,2020-06-15
2020-06-16,187.7753901163737,v,2020-06-16
2020-06-17,188.2828603108724,v,2020-06-17
2020-06-18,188.79067840576172,v,2020-06-18
2020-06-19,189.1127507527669,v,2020-06-19
2020-06-22,189.44779103597006,v,2020-06-22
2020-06-23,189.9321746826172,v,2020-06-23
2020-06-24,190.3350372314453,v,2020-06-24
2020-06-25,190.8909469604492,v,2020-06-25
2020-06-26,191.16643320719402,v,2020-06-26
2020-06-29,191.4261215209961,v,2020-06-29
2020-06-30,191.48503570556642,v,2020-06-30
2020-07-01,191.6305130004883,v,2020-07-01
2020-07-02,191.6900863647461,v,2020-07-02
2020-07-06,191.92508900960286,v,2020-07-06
2020-07-07,192.03502044677734,v,2020-07-07
2020-07-08,192.09591115315754,v,2020-07-08
2020-07-09,192.07583363850912,v,2020-07-09
2020-07-10,192.0195521036784,v,2020-07-10
2020-07-13,191.81482950846353,v,2020-07-13
2020-07-14,191.78125813802083,v,2020-07-14
2020-07-15,191.78751271565756,v,2020-07-15
2020-07-16,191.67659454345704,v,2020-07-16
2020-07-17,191.7243189493815,v,2020-07-17
2020-07-20,191.68679707845052,v,2020-07-20
2020-07-21,191.5841069539388,v,2020-07-21
2020-07-22,191.57686665852864,v,2020-07-22
2020-07-23,191.47648010253906,v,2020-07-23
2020-07-24,191.68284657796224,v,2020-07-24
2020-07-27,191.83589579264324,v,2020-07-27
2020-07-28,191.9998046875,v,2020-07-28
2020-07-29,192.18741149902343,v,2020-07-29
2020-07-30,192.20386861165363,v,2020-07-30
2020-07-31,192.08834228515624,v,2020-07-31
2020-08-03,192.03864288330078,v,2020-08-03
2020-08-04,191.9507634480794,v,2020-08-04
2020-08-05,191.88921508789062,v,2020-08-05
2020-08-06,192.13145802815754,v,2020-08-06
2020-08-07,192.2097920735677,v,2020-08-07
2020-08-10,192.4573008219401,v,2020-08-10
2020-08-11,192.66761830647786,v,2020-08-11
2020-08-12,192.85094757080077,v,2020-08-12
2020-08-13,192.98584950764973,v,2020-08-13
2020-08-14,193.02756042480468,v,2020-08-14
2020-08-17,193.09244893391926,v,2020-08-17
2020-08-18,193.2606648763021,v,2020-08-18
2020-08-19,193.46551310221355,v,2020-08-19
2020-08-20,193.86865844726563,v,2020-08-20
2020-08-21,194.25995432535808,v,2020-08-21
2020-08-24,194.84259084065755,v,2020-08-24
2020-08-25,195.33907826741537,v,2020-08-25
2020-08-26,195.8007837931315,v,2020-08-26
2020-08-27,196.3882583618164,v,2020-08-27
2020-08-28,197.07766927083333,v,2020-08-28
2020-08-31,197.53320922851563,v,2020-08-31
2020-09-01,198.0990758260091,v,2020-09-01
2020-09-02,198.68978373209634,v,2020-09-02
2020-09-03,199.07967376708984,v,2020-09-03
2020-09-04,199.40286560058593,v,2020-09-04
2020-09-08,199.5184748331706,v,2020-09-08
2020-09-09,199.7695561726888,v,2020-09-09
2020-09-10,199.87700907389322,v,2020-09-10
2020-09-11,200.1048817952474,v,2020-09-11
2020-09-14,200.59496154785157,v,2020-09-14
2020-09-15,201.0890106201172,v,2020-09-15
2020-09-16,201.5218271891276,v,2020-09-16
2020-09-17,201.83385772705077,v,2020-09-17
2020-09-18,201.97032674153647,v,2020-09-18
2020-09-21,202.01602834065756,v,2020-09-21
2020-09-22,202.15009358723958,v,2020-09-22
2020-09-23,202.08082122802733,v,2020-09-23
2020-09-24,201.98456776936848,v,2020-09-24
2020-09-25,201.97369130452475,v,2020-09-25
2020-09-28,202.0949961344401,v,2020-09-28
2020-09-29,202.0953257242838,v,2020-09-29
2020-09-30,202.12696990966796,v,2020-09-30
2020-10-01,202.20476379394532,v,2020-10-01
2020-10-02,202.1160934448242,v,2020-10-02
2020-10-05,202.09664408365882,v,2020-10-05
2020-10-06,201.90018310546873,v,2020-10-06
2020-10-07,201.71459960937497,v,2020-10-07
2020-10-08,201.47462717692054,v,2020-10-08
2020-10-09,201.32991841634112,v,2020-10-09
2020-10-12,201.02302907307939,v,2020-10-12
2020-10-13,200.77020009358722,v,2020-10-13
2020-10-14,200.40265909830728,v,2020-10-14
2020-10-15,199.84459025065104,v,2020-10-15
2020-10-16,199.55780944824218,v,2020-10-16
2020-10-19,199.3043223063151,v,2020-10-19
2020-10-20,199.22455139160155,v,2020-10-20
2020-10-21,199.0389668782552,v,2020-10-21
2020-10-22,198.92194671630858,v,2020-10-22
2020-10-23,198.83393452962238,v,2020-10-23
2020-10-26,198.44134165445965,v,2020-10-26
2020-10-27,197.9360143025716,v,2020-10-27
2020-10-28,197.13632507324218,v,2020-10-28
2020-10-29,196.4638743082682,v,2020-10-29
2020-10-30,195.77494201660153,v,2020-10-30
2020-11-02,195.35597788492836,v,2020-11-02
2020-11-03,194.95316569010413,v,2020-11-03
2020-11-04,194.90701802571613,v,2020-11-04
2020-11-05,194.97689971923828,v,2020-11-05
2020-11-06,195.0171132405599,v,2020-11-06
2020-11-09,195.4245391845703,v,2020-11-09
2020-11-10,195.88174031575525,v,2020-11-10
2020-11-11,196.30136362711588,v,2020-11-11
2020-11-12,196.4735555013021,v,2020-11-12
2020-11-13,196.78133850097657,v,2020-11-13
2020-11-16,197.0938471476237,v,2020-11-16
2020-11-17,197.44251607259113,v,2020-11-17
2020-11-18,197.62952168782553,v,2020-11-18
2020-11-19,197.79113311767577,v,2020-11-19
2020-11-20,197.7102813720703,v,2020-11-20
2020-11-23,197.77863616943358,v,2020-11-23
2020-11-24,197.96573333740236,v,2020-11-24
2020-11-25,198.26265869140624,v,2020-11-25
2020-11-27,198.65056813557942,v,2020-11-27
2020-11-30,198.99361623128254,v,2020-11-30
2020-12-01,199.47317352294922,v,2020-12-01
2020-12-02,199.89499460856123,v,2020-12-02
2020-12-03,200.2224360148112,v,2020-12-03
2020-12-04,200.71722971598308,v,2020-12-04
2020-12-07,201.2103739420573,v,2020-12-07
2020-12-08,201.8703186035156,v,2020-12-08
2020-12-09,202.5241709391276,v,2020-12-09
2020-12-10,203.41592051188152,v,2020-12-10
2020-12-11,204.13058980305993,v,2020-12-11
2020-12-14,204.98276570638023,v,2020-12-14
2020-12-15,205.77170664469404,v,2020-12-15
2020-12-16,206.43900909423832,v,2020-12-16
2020-12-17,207.0167953491211,v,2020-12-17
2020-12-18,207.47789916992187,v,2020-12-18
2020-12-21,207.8357137044271,v,2020-12-21
2020-12-22,207.62046763102214,v,2020-12-22
2020-12-23,207.36662851969402,v,2020-12-23
2020-12-24,207.2451410929362,v,2020-12-24
2020-12-28,207.38940836588543,v,2020-12-28
2020-12-29,207.51782786051436,v,2020-12-29
2020-12-30,207.7046813964844,v,2020-12-30
2020-12-31,207.96944478352867,v,2020-12-31
2021-01-04,208.29726308186852,v,2021-01-04
2021-01-05,208.52637278238936,v,2021-01-05
2021-01-06,208.81490580240884,v,2021-01-06
2021-01-07,209.00142873128254,v,2021-01-07
2021-01-08,209.1919138590495,v,2021-01-08
2021-01-11,209.25794016520183,v,2021-01-11
2021-01-12,209.18729298909506,v,2021-01-12
2021-01-13,209.15427958170574,v,2021-01-13
2021-01-14,208.84593861897787,v,2021-01-14
2021-01-15,208.5623575846354,v,2021-01-15
2021-01-19,208.35140380859374,v,2021-01-19
2021-01-20,208.13120727539064,v,2021-01-20
2021-01-21,207.8832799275716,v,2021-01-21
2021-01-22,207.52838999430338,v,2021-01-22
2021-01-25,207.24447886149088,v,2021-01-25
2021-01-26,207.05960591634116,v,2021-01-26
2021-01-27,206.68754984537762,v,2021-01-27
2021-01-28,206.38944346110026,v,2021-01-28
2021-01-29,205.89061889648437,v,2021-01-29
2021-02-01,205.56346079508464,v,2021-02-01
2021-02-02,205.280539449056,v,2021-02-02
2021-02-03,204.95206044514973,v,2021-02-03
2021-02-04,204.9599848429362,v,2021-02-04
2021-02-05,205.0567143758138,v,2021-02-05
2021-02-08,205.1092046101888,v,2021-02-08
2021-02-09,205.03723602294923,v,2021-02-09
2021-02-10,204.8328862508138,v,2021-02-10
2021-02-11,204.72120513916016,v,2021-02-11
2021-02-12,204.45465698242188,v,2021-02-12
2021-02-16,204.10778198242187,v,2021-02-16
2021-02-17,203.78003489176433,v,2021-02-17
2021-02-18,203.62041727701822,v,2021-02-18
2021-02-19,203.3704376220703,v,2021-02-19
2021-02-22,203.1998733520508,v,2021-02-22
2021-02-23,203.10048065185546,v,2021-02-23
2021-02-24,203.32763163248697,v,2021-02-24
2021-02-25,203.5000198364258,v,2021-02-25
2021-02-26,203.61126454671225,v,2021-02-26
2021-03-01,204.10996856689454,v,2021-03-01
2021-03-02,204.58915049235026,v,2021-03-02
2021-03-03,205.03560384114584,v,2021-03-03
2021-03-04,205.2276850382487,v,2021-03-04
2021-03-05,205.57776896158853,v,2021-03-05
2021-03-08,206.19154459635416,v,2021-03-08
2021-03-09,206.8426300048828,v,2021-03-09
2021-03-10,207.55262298583983,v,2021-03-10
2021-03-11,208.59355824788412,v,2021-03-11
2021-03-12,209.4680150349935,v,2021-03-12
2021-03-15,210.4705062866211,v,2021-03-15
2021-03-16,211.3515838623047,v,2021-03-16
2021-03-17,212.03680928548178,v,2021-03-17
2021-03-18,212.68526916503907,v,2021-03-18
2021-03-19,212.61829223632813,v,2021-03-19
2021-03-22,212.60353240966796,v,2021-03-22
2021-03-23,212.65579630533855,v,2021-03-23
2021-03-24,212.7176310221354,v,2021-03-24
2021-03-25,212.77879943847657,v,2021-03-25
2021-03-26,212.87369435628256,v,2021-03-26
2021-03-29,213.02413686116537,v,2021-03-29
2021-03-30,213.1563934326172,v,2021-03-30
2021-03-31,213.2959248860677,v,2021-03-31
2021-04-01,213.5442372639974,v,2021-04-01
2021-04-05,214.01738586425782,v,2021-04-05
2021-04-06,214.35893910725912,v,2021-04-06
2021-04-07,214.5956792195638,v,2021-04-07
2021-04-08,214.6376703898112,v,2021-04-08
2021-04-09,214.92764383951823,v,2021-04-09
2021-04-12,215.22786712646484,v,2021-04-12
2021-04-13,215.37301940917968,v,2021-04-13
2021-04-14,215.5783482869466,v,2021-04-14
2021-04-15,215.9562723795573,v,2021-04-15
2021-04-16,216.44926045735676,v,2021-04-16
2021-04-19,216.79246622721354,v,2021-04-19
2021-04-20,216.8919896443685,v,2021-04-20
2021-04-21,217.12641448974608,v,2021-04-21
2021-04-22,217.271896870931,v,2021-04-22
2021-04-23,217.3991943359375,v,2021-04-23
2021-04-26,217.59691823323567,v,2021-04-26
2021-04-27,217.81646474202475,v,2021-04-27
2021-04-28,218.10577646891275,v,2021-04-28
2021-04-29,218.56338500976562,v,2021-04-29
2021-04-30,218.9899134318034,v,2021-04-30
2021-05-03,219.83999379475912,v,2021-05-03
2021-05-04,220.63452707926433,v,2021-05-04
2021-05-05,221.3308598836263,v,2021-05-05
2021-05-06,222.09960276285807,v,2021-05-06
2021-05-07,222.89810333251953,v,2021-05-07
2021-05-10,223.30942128499348,v,2021-05-10
2021-05-11,223.67213541666666,v,2021-05-11
2021-05-12,223.96078694661458,v,2021-05-12
2021-05-13,224.36863352457684,v,2021-05-13
2021-05-14,224.71281992594402,v,2021-05-14
2021-05-17,224.96837107340494,v,2021-05-17
2021-05-18,225.2080088297526,v,2021-05-18
2021-05-19,225.3946970621745,v,2021-05-19
2021-05-20,225.5953618367513,v,2021-05-20
2021-05-21,225.74677581787108,v,2021-05-21
2021-05-24,226.01734415690103,v,2021-05-24
2021-05-25,226.29285634358723,v,2021-05-25
2021-05-26,226.47205963134766,v,2021-05-26
2021-05-27,226.50213165283202,v,2021-05-27
2021-05-28,226.54247487386067,v,2021-05-28
2021-06-01,226.5811335245768,v,2021-06-01
2021-06-02,226.80311330159506,v,2021-06-02
2021-06-03,226.8358912150065,v,2021-06-03
2021-06-04,226.93191935221355,v,2021-06-04
2021-06-07,226.9866729736328,v,2021-06-07
2021-06-08,227.05435791015626,v,2021-06-08
2021-06-09,227.14486948649088,v,2021-06-09
2021-06-10,227.17263743082682,v,2021-06-10
2021-06-11,227.12109985351563,v,2021-06-11
2021-06-14,227.1495346069336,v,2021-06-14
2021-06-15,227.17295735677084,v,2021-06-15
2021-06-16,227.1036382039388,v,2021-06-16
2021-06-17,227.21199645996094,v,2021-06-17
2021-06-18,227.192973836263,v,2021-06-18
2021-06-21,227.27696940104167,v,2021-06-21
2021-06-22,227.61761983235678,v,2021-06-22
2021-06-23,227.9330805460612,v,2021-06-23
2021-06-24,228.46055857340494,v,2021-06-24
2021-06-25,228.91022237141928,v,2021-06-25
2021-06-28,229.1469746907552,v,2021-06-28
2021-06-29,229.4618713378906,v,2021-06-29
2021-06-30,229.73504740397135,v,2021-06-30
2021-07-01,230.08471221923827,v,2021-07-01
2021-07-02,230.48834991455078,v,2021-07-02
2021-07-06,230.91318003336588,v,2021-07-06
2021-07-07,231.26681823730468,v,2021-07-07
2021-07-08,231.5181396484375,v,2021-07-08
2021-07-09,231.89561818440754,v,2021-07-09
2021-07-12,232.26018371582032,v,2021-07-12
2021-07-13,232.7585225423177,v,2021-07-13
2021-07-14,233.39957529703776,v,2021-07-14
2021-07-15,234.02506561279296,v,2021-07-15
2021-07-16,234.687641398112,v,2021-07-16
2021-07-19,235.02770436604817,v,2021-07-19
2021-07-20,235.4045216878255,v,2021-07-20
2021-07-21,235.78895517985026,v,2021-07-21
2021-07-22,236.18067220052083,v,2021-07-22
2021-07-23,236.67967427571614,v,2021-07-23
2021-07-26,237.1859603881836,v,2021-07-26
2021-07-27,237.74390157063803,v,2021-07-27
2021-07-28,238.20614878336588,v,2021-07-28
2021-07-29,238.8127644856771,v,2021-07-29
2021-07-30,239.28428293863934,v,2021-07-30
2021-08-02,239.59454447428385,v,2021-08-02
2021-08-03,239.68626505533854,v,2021-08-03
2021-08-04,239.7107686360677,v,2021-08-04
2021-08-05,239.89388020833334,v,2021-08-05
2021-08-06,240.06473897298176,v,2021-08-06
2021-08-09,240.15348002115886,v,2021-08-09
2021-08-10,240.28526763916017,v,2021-08-10
2021-08-11,240.25579783121745,v,2021-08-11
2021-08-12,240.19904276529948,v,2021-08-12
2021-08-13,240.12676391601562,v,2021-08-13
2021-08-16,240.02911071777345,v,2021-08-16
2021-08-17,239.87181752522787,v,2021-08-17
2021-08-18,239.6051239013672,v,2021-08-18
2021-08-19,239.44869232177734,v,2021-08-19
2021-08-20,239.2237080891927,v,2021-08-20
2021-08-23,239.11076863606772,v,2021-08-23
2021-08-24,238.85280202229816,v,2021-08-24
2021-08-25,238.41959737141926,v,2021-08-25
2021-08-26,237.83298899332684,v,2021-08-26
2021-08-27,237.33257039388022,v,2021-08-27
2021-08-30,237.0390370686849,v,2021-08-30
2021-08-31,236.59905192057292,v,2021-08-31
2021-09-01,236.16109924316407,v,2021-09-01
2021-09-02,235.5102986653646,v,2021-09-02
2021-09-03,234.72874603271484,v,2021-09-03
2021-09-07,233.94492848714194,v,2021-09-07
2021-09-08,233.2320983886719,v,2021-09-08
2021-09-09,232.59833475748698,v,2021-09-09
2021-09-10,231.84657491048176,v,2021-09-10
2021-09-13,231.13619232177734,v,2021-09-13
2021-09-14,230.5916295369466,v,2021-09-14
2021-09-15,230.16200154622396,v,2021-09-15
2021-09-16,229.76352284749348,v,2021-09-16
2021-09-17,229.1622807820638,v,2021-09-17
2021-09-20,228.46526794433595,v,2021-09-20
2021-09-21,227.81859029134114,v,2021-09-21
2021-09-22,227.321364847819,v,2021-09-22
2021-09-23,227.10816345214843,v,2021-09-23
2021-09-24,227.10153198242188,v,2021-09-24
2021-09-27,227.00040232340496,v,2021-09-27
2021-09-28,226.6754597981771,v,2021-09-28
2021-09-29,226.41517435709636,v,2021-09-29
2021-09-30,226.12073618570963,v,2021-09-30
2021-10-01,226.08393096923828,v,2021-10-01
2021-10-04,225.86409759521484,v,2021-10-04
2021-10-05,225.53716583251952,v,2021-10-05
2021-10-06,225.2808588663737,v,2021-10-06
2021-10-07,225.21321767171224,v,2021-10-07
2021-10-08,225.20492858886718,v,2021-10-08
2021-10-11,224.95359598795574,v,2021-10-11
2021-10-12,224.71552632649738,v,2021-10-12
2021-10-13,224.495361328125,v,2021-10-13
2021-10-14,224.3315638224284,v,2021-10-14
2021-10-15,224.55736541748047,v,2021-10-15
2021-10-18,224.74105682373047,v,2021-10-18
2021-10-19,224.9814478556315,v,2021-10-19
2021-10-20,225.05870513916017,v,2021-10-20
2021-10-21,225.14988759358724,v,2021-10-21
2021-10-22,225.35944163004558,v,2021-10-22
2021-10-25,225.66614786783853,v,2021-10-25
2021-10-26,225.95760142008464,v,2021-10-26
2021-10-27,225.69134724934895,v,2021-10-27
2021-10-28,225.21089630126954,v,2021-10-28
2021-10-29,224.879985555013,v,2021-10-29
2021-11-01,224.6283213297526,v,2021-11-01
2021-11-02,224.2625956217448,v,2021-11-02
2021-11-03,223.77684020996094,v,2021-11-03
2021-11-04,223.12927652994793,v,2021-11-04
2021-11-05,222.6345687866211,v,2021-11-05
2021-11-08,222.33250478108724,v,2021-11-08
2021-11-09,221.9289800008138,v,2021-11-09
2021-11-10,221.5728525797526,v,2021-11-10
2021-11-11,221.17630462646486,v,2021-11-11
2021-11-12,220.57958323160807,v,2021-11-12
2021-11-15,220.1798294067383,v,2021-11-15
2021-11-16,219.89065704345703,v,2021-11-16
2021-11-17,219.19140167236327,v,2021-11-17
2021-11-18,218.30072631835938,v,2021-11-18
2021-11-19,217.33729197184246,v,2021-11-19
2021-11-22,216.36957092285155,v,2021-11-22
2021-11-23,215.53365427652994,v,2021-11-23
2021-11-24,214.90856475830077,v,2021-11-24
2021-11-26,214.0072789510091,v,2021-11-26
2021-11-29,212.86817525227863,v,2021-11-29
2021-11-30,211.6566421508789,v,2021-11-30
2021-12-01,210.23003794352215,v,2021-12-01
2021-12-02,209.14310760498046,v,2021-12-02
2021-12-03,208.02986907958984,v,2021-12-03
2021-12-06,207.09505615234374,v,2021-12-06
2021-12-07,206.22815755208333,v,2021-12-07
2021-12-08,205.4833730061849,v,2021-12-08
2021-12-09,205.35015157063802,v,2021-12-09
2021-12-10,205.48064829508465,v,2021-12-10
2021-12-13,205.4680974324544,v,2021-12-13
2021-12-14,205.39812316894532,v,2021-12-14
2021-12-15,205.5156244913737,v,2021-12-15
2021-12-16,205.73603363037108,v,2021-12-16
2021-12-17,205.85118916829427,v,2021-12-17
2021-12-20,205.60043589274088,v,2021-12-20
2021-12-21,205.44357350667318,v,2021-12-21
2021-12-22,205.60782521565756,v,2021-12-22
2021-12-23,205.64303385416667,v,2021-12-23
2021-12-27,205.88251953125,v,2021-12-27
2021-12-28,206.08048553466796,v,2021-12-28
2021-12-29,206.27546132405598,v,2021-12-29
2021-12-30,206.36481221516928,v,2021-12-30
2021-12-31,206.75177510579428,v,2021-12-31
