Date,Open,High,Low,Close,Adj Close,Volume,ticker
2017-01-03,51.9900016784668,52.5,51.77000045776367,51.97999954223633,49.11188507080078,13295600,nke
2017-01-04,52.22999954223633,53.349998474121094,52.09000015258789,53.06999969482422,50.1417350769043,13759500,nke
2017-01-05,52.91999816894531,53.099998474121094,52.439998626708984,53.060001373291016,50.13228988647461,8682200,nke
2017-01-06,53.09000015258789,54.09000015258789,52.97999954223633,53.90999984741211,50.93537521362305,12532400,nke
2017-01-09,53.959999084472656,53.9900016784668,53.220001220703125,53.380001068115234,50.43462371826172,8835300,nke
2017-01-10,53.54999923706055,53.72999954223633,53.11000061035156,53.11000061035156,50.179534912109375,8041900,nke
2017-01-11,53.119998931884766,53.290000915527344,52.66999816894531,52.689998626708984,49.782711029052734,8208300,nke
2017-01-12,52.5099983215332,52.689998626708984,52.15999984741211,52.400001525878906,49.50870895385742,7368700,nke
2017-01-13,52.59000015258789,52.93000030517578,52.22999954223633,52.91999816894531,50.000003814697266,6694400,nke
2017-01-17,53.400001525878906,53.95000076293945,53.0099983215332,53.650001525878906,50.68974304199219,9888500,nke
2017-01-18,53.86000061035156,53.88999938964844,52.86000061035156,53.27000045776367,50.3306999206543,6743100,nke
2017-01-19,53.84000015258789,53.939998626708984,52.88999938964844,52.93000030517578,50.00947570800781,8320600,nke
2017-01-20,53.220001220703125,53.349998474121094,52.900001525878906,53.20000076293945,50.264564514160156,7861000,nke
2017-01-23,53.02000045776367,53.2599983215332,52.720001220703125,53.2400016784668,50.3023567199707,7025700,nke
2017-01-24,53.02000045776367,53.56999969482422,52.9900016784668,53.45000076293945,50.50077438354492,6321300,nke
2017-01-25,53.72999954223633,54.119998931884766,53.689998626708984,53.86000061035156,50.88814926147461,6675000,nke
2017-01-26,54.11000061035156,54.119998931884766,53.36000061035156,53.650001525878906,50.68974304199219,6202000,nke
2017-01-27,53.68000030517578,54.08000183105469,53.029998779296875,53.189998626708984,50.25511932373047,7362000,nke
2017-01-30,52.779998779296875,53.220001220703125,52.40999984741211,53.08000183105469,50.151187896728516,9770800,nke
2017-01-31,51.68000030517578,52.900001525878906,51.630001068115234,52.900001525878906,49.981117248535156,12342900,nke
2017-02-01,52.97999954223633,53.2599983215332,52.61000061035156,53.02000045776367,50.09450149536133,8810900,nke
2017-02-02,53.0,53.0099983215332,52.47999954223633,52.79999923706055,49.886634826660156,7874200,nke
2017-02-03,52.619998931884766,52.810001373291016,52.25,52.36000061035156,49.470909118652344,8850400,nke
2017-02-06,52.09000015258789,52.79999923706055,52.04999923706055,52.79999923706055,49.886634826660156,7355200,nke
2017-02-07,53.06999969482422,53.279998779296875,52.66999816894531,52.810001373291016,49.896080017089844,6446900,nke
2017-02-08,52.7400016784668,53.939998626708984,52.70000076293945,53.880001068115234,50.907047271728516,9281100,nke
2017-02-09,53.880001068115234,55.70000076293945,53.880001068115234,55.310001373291016,52.258140563964844,14345400,nke
2017-02-10,55.630001068115234,56.470001220703125,55.630001068115234,56.220001220703125,53.11792755126953,14973400,nke
2017-02-13,56.16999816894531,56.34000015258789,55.75,56.09000015258789,52.99510192871094,7679800,nke
2017-02-14,55.91999816894531,56.689998626708984,55.83000183105469,56.45000076293945,53.335227966308594,8891400,nke
2017-02-15,56.290000915527344,56.7599983215332,56.209999084472656,56.63999938964844,53.51475143432617,6652000,nke
2017-02-16,56.880001068115234,56.91999816894531,56.099998474121094,56.290000915527344,53.18407440185547,8374200,nke
2017-02-17,56.119998931884766,56.79999923706055,55.86000061035156,56.75,53.618682861328125,12638000,nke
2017-02-21,56.380001068115234,57.45000076293945,56.20000076293945,57.36000061035156,54.19503402709961,10955000,nke
2017-02-22,57.47999954223633,58.380001068115234,57.36000061035156,58.2400016784668,55.02647399902344,10914100,nke
2017-02-23,58.11000061035156,58.400001525878906,57.27000045776367,57.38999938964844,54.22336959838867,12316300,nke
2017-02-24,57.38999938964844,58.41999816894531,57.06999969482422,57.86000061035156,54.66743087768555,9684500,nke
2017-02-27,57.650001525878906,57.83000183105469,57.349998474121094,57.689998626708984,54.50681686401367,4375700,nke
2017-02-28,57.369998931884766,57.54999923706055,56.86000061035156,57.15999984741211,54.00606155395508,7951300,nke
2017-03-01,57.86000061035156,58.029998779296875,57.33000183105469,57.95000076293945,54.75246810913086,8558900,nke
2017-03-02,57.900001525878906,58.25,57.650001525878906,57.79999923706055,54.78089904785156,6438400,nke
2017-03-03,57.79999923706055,57.79999923706055,56.5099983215332,56.70000076293945,53.73835754394531,9181600,nke
2017-03-06,56.70000076293945,56.93000030517578,56.529998779296875,56.77000045776367,53.8046989440918,6896800,nke
2017-03-07,56.709999084472656,56.9900016784668,56.02000045776367,56.54999923706055,53.59619903564453,7124400,nke
2017-03-08,56.939998626708984,56.939998626708984,56.310001373291016,56.5099983215332,53.558284759521484,7604800,nke
2017-03-09,56.61000061035156,56.65999984741211,56.09000015258789,56.36000061035156,53.41611862182617,6165700,nke
2017-03-10,56.4900016784668,56.9900016784668,56.2599983215332,56.43000030517578,53.48246765136719,8882400,nke
2017-03-13,56.43000030517578,56.81999969482422,56.11000061035156,56.66999816894531,53.709922790527344,7235900,nke
2017-03-14,56.869998931884766,58.0099983215332,56.720001220703125,57.279998779296875,54.28806686401367,9286900,nke
2017-03-15,57.630001068115234,57.9900016784668,56.75,57.65999984741211,54.64821243286133,10067500,nke
2017-03-16,57.43000030517578,57.720001220703125,56.83000183105469,57.599998474121094,54.59134292602539,9895000,nke
2017-03-17,57.77000045776367,57.88999938964844,57.310001373291016,57.79999923706055,54.78089904785156,10791500,nke
2017-03-20,58.0,58.810001373291016,57.959999084472656,58.68000030517578,55.61494445800781,13352500,nke
2017-03-21,58.779998779296875,59.0,57.720001220703125,58.0099983215332,54.97993850708008,15269800,nke
2017-03-22,54.7599983215332,55.0,53.7599983215332,53.91999816894531,51.103572845458984,37413400,nke
2017-03-23,54.61000061035156,55.54999923706055,54.52000045776367,55.369998931884766,52.47783279418945,23848300,nke
2017-03-24,55.290000915527344,56.63999938964844,55.119998931884766,56.36000061035156,53.41611862182617,14438600,nke
2017-03-27,55.63999938964844,56.25,55.540000915527344,55.93000030517578,53.00857925415039,8663600,nke
2017-03-28,55.9900016784668,56.779998779296875,55.790000915527344,56.619998931884766,53.662540435791016,7823900,nke
2017-03-29,56.40999984741211,57.099998474121094,56.349998474121094,56.68000030517578,53.71940612792969,7456200,nke
2017-03-30,56.47999954223633,56.599998474121094,55.810001373291016,56.040000915527344,53.11283874511719,7210500,nke
2017-03-31,56.0,56.029998779296875,55.650001525878906,55.72999954223633,52.81902313232422,5905600,nke
2017-04-03,55.7400016784668,55.79999923706055,55.150001525878906,55.560001373291016,52.657901763916016,7088800,nke
2017-04-04,55.150001525878906,55.29999923706055,54.83000183105469,55.040000915527344,52.16507339477539,8843300,nke
2017-04-05,54.970001220703125,55.79999923706055,54.5,54.97999954223633,52.10819625854492,7722100,nke
2017-04-06,55.06999969482422,55.939998626708984,54.939998626708984,55.13999938964844,52.259849548339844,6692200,nke
2017-04-07,55.099998474121094,55.2400016784668,54.77000045776367,55.11000061035156,52.231414794921875,6078300,nke
2017-04-10,55.0,55.33000183105469,54.720001220703125,54.900001525878906,52.032379150390625,5472700,nke
2017-04-11,54.95000076293945,55.06999969482422,54.54999923706055,54.91999816894531,52.05133056640625,4348600,nke
2017-04-12,54.65999984741211,55.619998931884766,54.5,55.56999969482422,52.667396545410156,8504100,nke
2017-04-13,55.40999984741211,55.599998474121094,55.2599983215332,55.34000015258789,52.449398040771484,5282100,nke
2017-04-17,55.31999969482422,56.34000015258789,55.25,56.2400016784668,53.302398681640625,7688700,nke
2017-04-18,56.02000045776367,56.41999816894531,55.79999923706055,56.11000061035156,53.17918014526367,5651100,nke
2017-04-19,56.15999984741211,56.220001220703125,55.7400016784668,55.86000061035156,52.94224166870117,5947700,nke
2017-04-20,55.959999084472656,56.689998626708984,55.880001068115234,56.400001525878906,53.45403289794922,6867100,nke
2017-04-21,56.290000915527344,56.380001068115234,55.68000030517578,55.849998474121094,52.93275833129883,6055600,nke
2017-04-24,56.13999938964844,56.209999084472656,55.470001220703125,55.470001220703125,52.57261657714844,10777700,nke
2017-04-25,55.529998779296875,55.77000045776367,55.40999984741211,55.45000076293945,52.55364990234375,8971000,nke
2017-04-26,55.459999084472656,55.84000015258789,55.119998931884766,55.15999984741211,52.27880096435547,10936000,nke
2017-04-27,55.18000030517578,55.56999969482422,54.90999984741211,55.470001220703125,52.57261657714844,8558000,nke
2017-04-28,55.43000030517578,55.529998779296875,55.13999938964844,55.40999984741211,52.51573944091797,6437700,nke
2017-05-01,55.43000030517578,55.45000076293945,54.97999954223633,54.9900016784668,52.1176872253418,4881400,nke
2017-05-02,55.119998931884766,55.15999984741211,54.790000915527344,55.06999969482422,52.193504333496094,7363600,nke
2017-05-03,55.16999816894531,55.29999923706055,54.400001525878906,54.529998779296875,51.681705474853516,9474700,nke
2017-05-04,54.68000030517578,54.83000183105469,54.20000076293945,54.470001220703125,51.624847412109375,6830600,nke
2017-05-05,54.40999984741211,54.5,53.560001373291016,53.95000076293945,51.13200759887695,13379900,nke
2017-05-08,54.18000030517578,54.5099983215332,53.83000183105469,54.29999923706055,51.46371841430664,8728100,nke
2017-05-09,54.33000183105469,55.08000183105469,54.15999984741211,54.88999938964844,52.02290725708008,6441200,nke
2017-05-10,54.90999984741211,55.060001373291016,54.5099983215332,54.560001373291016,51.71014404296875,5823000,nke
2017-05-11,54.52000045776367,54.52000045776367,53.400001525878906,54.2400016784668,51.4068603515625,6499600,nke
2017-05-12,54.099998474121094,54.38999938964844,53.790000915527344,54.20000076293945,51.36894607543945,5606300,nke
2017-05-15,54.119998931884766,54.20000076293945,53.68000030517578,53.77000045776367,50.96139907836914,8201700,nke
2017-05-16,52.369998931884766,53.380001068115234,52.119998931884766,52.779998779296875,50.02311325073242,14562700,nke
2017-05-17,52.779998779296875,52.869998931884766,51.79999923706055,51.79999923706055,49.094303131103516,18341500,nke
2017-05-18,51.970001220703125,52.08000183105469,51.29999923706055,51.68000030517578,48.98057556152344,22576500,nke
2017-05-19,51.0,52.11000061035156,50.810001373291016,51.77000045776367,49.06586837768555,20047800,nke
2017-05-22,51.77000045776367,51.959999084472656,51.400001525878906,51.56999969482422,48.87631607055664,13671500,nke
2017-05-23,51.97999954223633,52.630001068115234,51.880001068115234,52.20000076293945,49.47340393066406,11087300,nke
2017-05-24,52.25,52.29999923706055,51.7400016784668,52.0099983215332,49.29334259033203,9383600,nke
2017-05-25,52.380001068115234,52.59000015258789,52.209999084472656,52.349998474121094,49.615577697753906,7627500,nke
2017-05-26,52.349998474121094,52.7599983215332,52.22999954223633,52.59000015258789,49.84303665161133,5921300,nke
2017-05-30,52.7599983215332,53.02000045776367,52.63999938964844,52.91999816894531,50.15580368041992,8039600,nke
2017-05-31,53.02000045776367,53.279998779296875,52.709999084472656,52.9900016784668,50.222145080566406,8938800,nke
2017-06-01,53.060001373291016,53.29999923706055,52.209999084472656,52.29999923706055,49.73714065551758,13352100,nke
2017-06-02,52.70000076293945,53.0099983215332,52.36000061035156,52.97999954223633,50.383819580078125,18511200,nke
2017-06-05,53.0,53.22999954223633,52.70000076293945,53.0099983215332,50.41234588623047,5748900,nke
2017-06-06,52.900001525878906,53.099998474121094,52.43000030517578,52.47999954223633,49.90831756591797,8923000,nke
2017-06-07,52.790000915527344,53.36000061035156,52.75,53.22999954223633,50.621559143066406,7438300,nke
2017-06-08,53.22999954223633,54.13999938964844,53.150001525878906,53.20000076293945,50.59303283691406,7785600,nke
2017-06-09,53.20000076293945,53.470001220703125,52.79999923706055,53.459999084472656,50.84029006958008,8347400,nke
2017-06-12,53.5099983215332,54.25,53.5,54.029998779296875,51.38236618041992,9180000,nke
2017-06-13,54.029998779296875,54.65999984741211,53.84000015258789,54.310001373291016,51.64863967895508,8720100,nke
2017-06-14,54.47999954223633,54.66999816894531,53.95000076293945,54.65999984741211,51.98149490356445,6783900,nke
2017-06-15,54.0,54.04999923706055,52.72999954223633,52.900001525878906,50.30774688720703,16041100,nke
2017-06-16,51.75,51.84000015258789,50.790000915527344,51.099998474121094,48.5959358215332,25725500,nke
2017-06-19,51.41999816894531,52.220001220703125,51.400001525878906,52.02000045776367,49.47085952758789,11265300,nke
2017-06-20,52.04999923706055,52.130001068115234,51.099998474121094,51.560001373291016,49.03340148925781,10676500,nke
2017-06-21,51.900001525878906,52.689998626708984,51.900001525878906,52.59000015258789,50.01292037963867,13021700,nke
2017-06-22,52.599998474121094,52.619998931884766,52.09000015258789,52.400001525878906,49.832244873046875,10660700,nke
2017-06-23,52.150001525878906,52.91999816894531,51.66999816894531,52.849998474121094,50.260189056396484,8522400,nke
2017-06-26,52.95000076293945,53.56999969482422,52.66999816894531,53.279998779296875,50.66910934448242,7966200,nke
2017-06-27,53.189998626708984,53.2599983215332,52.63999938964844,52.95000076293945,50.355281829833984,7873100,nke
2017-06-28,53.16999816894531,53.61000061035156,52.959999084472656,53.36000061035156,50.745201110839844,7527200,nke
2017-06-29,53.33000183105469,53.630001068115234,52.9900016784668,53.16999816894531,50.56449508666992,14801900,nke
2017-06-30,56.599998474121094,59.709999084472656,56.5,59.0,56.10883331298828,46553000,nke
2017-07-03,58.369998931884766,59.0099983215332,58.33000183105469,58.650001525878906,55.77596664428711,9910000,nke
2017-07-05,58.2400016784668,58.290000915527344,57.5099983215332,57.560001373291016,54.7393798828125,16167000,nke
2017-07-06,57.45000076293945,57.720001220703125,57.0,57.15999984741211,54.358978271484375,9035700,nke
2017-07-07,57.400001525878906,58.08000183105469,57.029998779296875,57.97999954223633,55.138797760009766,8145400,nke
2017-07-10,57.88999938964844,58.810001373291016,57.68000030517578,58.72999954223633,55.85205078125,8942400,nke
2017-07-11,58.540000915527344,58.93000030517578,58.040000915527344,58.18000030517578,55.32899856567383,7223000,nke
2017-07-12,58.310001373291016,58.75,58.099998474121094,58.220001220703125,55.36703109741211,7243100,nke
2017-07-13,58.220001220703125,58.58000183105469,57.93000030517578,57.939998626708984,55.10075378417969,8108600,nke
2017-07-14,57.95000076293945,58.209999084472656,57.63999938964844,58.0,55.15781784057617,6345300,nke
2017-07-17,58.0,58.349998474121094,57.7599983215332,57.790000915527344,54.95812225341797,6885000,nke
2017-07-18,57.7400016784668,58.08000183105469,57.470001220703125,57.650001525878906,54.824981689453125,4922500,nke
2017-07-19,57.599998474121094,57.880001068115234,57.38999938964844,57.77000045776367,54.9390869140625,4451100,nke
2017-07-20,59.119998931884766,59.59000015258789,58.79999923706055,59.099998474121094,56.20391845703125,11915500,nke
2017-07-21,59.0,60.0,58.90999984741211,59.95000076293945,57.012271881103516,11048300,nke
2017-07-24,59.689998626708984,59.77000045776367,58.7599983215332,58.95000076293945,56.0612678527832,7498900,nke
2017-07-25,59.31999969482422,59.52000045776367,58.91999816894531,59.38999938964844,56.479705810546875,5157100,nke
2017-07-26,59.09000015258789,59.130001068115234,58.31999969482422,58.36000061035156,55.50018310546875,5529500,nke
2017-07-27,58.599998474121094,58.68000030517578,57.9900016784668,58.150001525878906,55.300472259521484,8259900,nke
2017-07-28,58.150001525878906,58.7400016784668,57.970001220703125,58.66999816894531,55.794986724853516,5112800,nke
2017-07-31,58.709999084472656,59.119998931884766,58.33000183105469,59.04999923706055,56.1563606262207,6225900,nke
2017-08-01,59.0,59.939998626708984,58.900001525878906,59.84000015258789,56.90765380859375,9051700,nke
2017-08-02,59.54999923706055,59.95000076293945,59.27000045776367,59.790000915527344,56.860111236572266,4468100,nke
2017-08-03,59.79999923706055,60.529998779296875,59.63999938964844,60.13999938964844,57.19294738769531,5677200,nke
2017-08-04,60.16999816894531,60.34000015258789,59.630001068115234,59.7599983215332,56.831573486328125,4106000,nke
2017-08-07,59.81999969482422,60.099998474121094,59.709999084472656,59.790000915527344,56.860111236572266,4066700,nke
2017-08-08,59.880001068115234,60.119998931884766,59.36000061035156,59.459999084472656,56.54627227783203,5586400,nke
2017-08-09,59.41999816894531,59.970001220703125,59.2599983215332,59.900001525878906,56.96471405029297,5310900,nke
2017-08-10,59.68000030517578,59.689998626708984,59.060001373291016,59.06999969482422,56.17538833618164,5585100,nke
2017-08-11,58.72999954223633,59.27000045776367,58.59000015258789,58.970001220703125,56.08028793334961,4980000,nke
2017-08-14,59.150001525878906,60.0,59.130001068115234,59.779998779296875,56.850589752197266,5900000,nke
2017-08-15,58.939998626708984,59.0099983215332,58.290000915527344,58.560001373291016,55.69038009643555,8913000,nke
2017-08-16,58.900001525878906,59.04999923706055,58.220001220703125,58.540000915527344,55.671363830566406,5489600,nke
2017-08-17,58.529998779296875,58.7400016784668,57.41999816894531,57.459999084472656,54.644283294677734,9148600,nke
2017-08-18,54.849998474121094,55.41999816894531,54.16999816894531,54.95000076293945,52.25727844238281,22905200,nke
2017-08-21,54.439998626708984,54.439998626708984,53.11000061035156,53.61000061035156,50.98294448852539,14289300,nke
2017-08-22,53.91999816894531,54.40999984741211,53.790000915527344,54.130001068115234,51.47746276855469,8212800,nke
2017-08-23,53.91999816894531,54.08000183105469,53.45000076293945,53.61000061035156,50.98294448852539,6409400,nke
2017-08-24,53.93000030517578,53.970001220703125,53.459999084472656,53.84000015258789,51.20166778564453,5461900,nke
2017-08-25,54.029998779296875,54.20000076293945,53.540000915527344,53.900001525878906,51.25872802734375,6416600,nke
2017-08-28,54.06999969482422,54.43000030517578,53.619998931884766,53.72999954223633,51.097068786621094,5269400,nke
2017-08-29,52.7400016784668,52.880001068115234,52.06999969482422,52.72999954223633,50.146060943603516,12539900,nke
2017-08-30,52.79999923706055,52.959999084472656,52.25,52.560001373291016,49.98440170288086,7434500,nke
2017-08-31,52.599998474121094,52.97999954223633,52.470001220703125,52.810001373291016,50.39472579956055,7728900,nke
2017-09-01,53.0,53.45000076293945,52.900001525878906,53.36000061035156,50.919578552246094,5509800,nke
2017-09-05,53.25,53.470001220703125,52.880001068115234,53.0099983215332,50.5855827331543,6306500,nke
2017-09-06,53.119998931884766,53.34000015258789,52.709999084472656,52.7599983215332,50.347015380859375,7407600,nke
2017-09-07,52.7599983215332,52.849998474121094,52.34000015258789,52.38999938964844,49.99394226074219,6905800,nke
2017-09-08,52.25,52.5099983215332,52.11000061035156,52.20000076293945,49.812625885009766,8563300,nke
2017-09-11,52.380001068115234,53.130001068115234,52.31999969482422,53.029998779296875,50.604671478271484,8649900,nke
2017-09-12,53.77000045776367,54.09000015258789,53.29999923706055,53.400001525878906,50.95774841308594,7823700,nke
2017-09-13,53.45000076293945,53.63999938964844,53.040000915527344,53.52000045776367,51.0722541809082,6086000,nke
2017-09-14,53.540000915527344,53.88999938964844,53.119998931884766,53.72999954223633,51.27265167236328,7497400,nke
2017-09-15,53.86000061035156,54.060001373291016,53.52000045776367,53.869998931884766,51.40625,10046800,nke
2017-09-18,53.869998931884766,54.15999984741211,53.400001525878906,53.5,51.05318069458008,8166400,nke
2017-09-19,52.779998779296875,54.04999923706055,52.5099983215332,53.33000183105469,50.890953063964844,14707200,nke
2017-09-20,53.4900016784668,53.63999938964844,53.040000915527344,53.560001373291016,51.110435485839844,7058000,nke
2017-09-21,53.54999923706055,53.63999938964844,53.09000015258789,53.189998626708984,50.75735092163086,8065400,nke
2017-09-22,53.02000045776367,53.61000061035156,52.79999923706055,53.2400016784668,50.8050651550293,10962400,nke
2017-09-25,53.08000183105469,53.560001373291016,53.0,53.22999954223633,50.79552459716797,12262400,nke
2017-09-26,53.18000030517578,53.970001220703125,52.97999954223633,53.70000076293945,51.244022369384766,16183700,nke
2017-09-27,52.16999816894531,52.689998626708984,51.029998779296875,52.66999816894531,50.261131286621094,36202500,nke
2017-09-28,52.79999923706055,53.029998779296875,52.33000183105469,52.630001068115234,50.222965240478516,11334700,nke
2017-09-29,52.59000015258789,52.81999969482422,51.7599983215332,51.849998474121094,49.478641510009766,12189900,nke
2017-10-02,52.15999984741211,52.209999084472656,51.65999984741211,51.869998931884766,49.497711181640625,7516200,nke
2017-10-03,52.0,52.04999923706055,51.400001525878906,51.470001220703125,49.11601638793945,8126700,nke
2017-10-04,51.5099983215332,52.130001068115234,51.400001525878906,52.08000183105469,49.698116302490234,8204300,nke
2017-10-05,52.0099983215332,52.31999969482422,51.779998779296875,52.18000030517578,49.793540954589844,5287400,nke
2017-10-06,52.20000076293945,52.459999084472656,52.119998931884766,52.41999816894531,50.02256393432617,5360300,nke
2017-10-09,52.22999954223633,52.29999923706055,51.5,51.52000045776367,49.163726806640625,6875100,nke
2017-10-10,51.58000183105469,51.81999969482422,51.369998931884766,51.529998779296875,49.17327880859375,8372700,nke
2017-10-11,51.38999938964844,51.52000045776367,50.83000183105469,51.029998779296875,48.696144104003906,9109600,nke
2017-10-12,50.97999954223633,51.119998931884766,50.349998474121094,50.83000183105469,48.50529861450195,10658400,nke
2017-10-13,50.83000183105469,51.06999969482422,50.400001525878906,50.97999954223633,48.64841842651367,16227900,nke
2017-10-16,50.79999923706055,51.40999984741211,50.63999938964844,51.369998931884766,49.02058410644531,9299300,nke
2017-10-17,51.5,52.040000915527344,51.380001068115234,52.0,49.62177658081055,9492700,nke
2017-10-18,52.18000030517578,52.400001525878906,52.099998474121094,52.29999923706055,49.90805435180664,10890300,nke
2017-10-19,51.65999984741211,52.79999923706055,51.47999954223633,52.689998626708984,50.280216217041016,12568200,nke
2017-10-20,52.790000915527344,53.5,52.790000915527344,53.060001373291016,50.6332893371582,13020900,nke
2017-10-23,53.060001373291016,53.95000076293945,53.0,53.65999984741211,51.20585632324219,12242600,nke
2017-10-24,53.900001525878906,54.0,53.099998474121094,53.41999816894531,50.97683334350586,14767600,nke
2017-10-25,53.43000030517578,55.90999984741211,52.66999816894531,54.939998626708984,52.427310943603516,24804000,nke
2017-10-26,55.2599983215332,57.25,55.13999938964844,56.810001373291016,54.211788177490234,22185100,nke
2017-10-27,55.81999969482422,56.36000061035156,55.650001525878906,55.959999084472656,53.40066146850586,12801800,nke
2017-10-30,55.709999084472656,55.93000030517578,54.84000015258789,55.27000045776367,52.74223327636719,10169400,nke
2017-10-31,54.75,55.279998779296875,54.52000045776367,54.9900016784668,52.475032806396484,9794800,nke
2017-11-01,55.41999816894531,55.5,54.849998474121094,55.06999969482422,52.55137252807617,7544500,nke
2017-11-02,55.150001525878906,55.31999969482422,54.59000015258789,55.119998931884766,52.59907531738281,7250300,nke
2017-11-03,55.150001525878906,55.720001220703125,55.040000915527344,55.709999084472656,53.16209411621094,9448200,nke
2017-11-06,55.290000915527344,56.130001068115234,55.13999938964844,56.040000915527344,53.477012634277344,9332200,nke
2017-11-07,55.75,56.02000045776367,55.02000045776367,55.150001525878906,52.627708435058594,7774700,nke
2017-11-08,55.0,55.77000045776367,54.88999938964844,55.7599983215332,53.209808349609375,7079400,nke
2017-11-09,55.5,56.349998474121094,55.310001373291016,56.130001068115234,53.562889099121094,10958500,nke
2017-11-10,55.880001068115234,56.4900016784668,55.619998931884766,56.09000015258789,53.524715423583984,7535700,nke
2017-11-13,55.65999984741211,56.09000015258789,55.65999984741211,55.90999984741211,53.35295104980469,10106100,nke
2017-11-14,55.709999084472656,56.18000030517578,55.529998779296875,55.97999954223633,53.41975021362305,5037500,nke
2017-11-15,55.959999084472656,56.869998931884766,55.08000183105469,56.630001068115234,54.04001998901367,6610500,nke
2017-11-16,56.619998931884766,57.279998779296875,56.40999984741211,57.22999954223633,54.612586975097656,8233300,nke
2017-11-17,58.540000915527344,59.529998779296875,58.369998931884766,59.189998626708984,56.482940673828125,15475500,nke
2017-11-20,58.630001068115234,59.5,57.97999954223633,59.25,56.540199279785156,8480600,nke
2017-11-21,59.029998779296875,59.400001525878906,58.93000030517578,59.38999938964844,56.67379379272461,9057800,nke
2017-11-22,59.18000030517578,59.34000015258789,58.939998626708984,59.06999969482422,56.36842346191406,8501300,nke
2017-11-24,59.0,59.349998474121094,58.90999984741211,59.31999969482422,56.60698699951172,3400400,nke
2017-11-27,59.20000076293945,59.70000076293945,59.16999816894531,59.630001068115234,56.90281677246094,7891600,nke
2017-11-28,58.7599983215332,59.599998474121094,58.540000915527344,59.58000183105469,56.855106353759766,8665300,nke
2017-11-29,59.72999954223633,60.630001068115234,59.72999954223633,60.36000061035156,57.59943771362305,12022800,nke
2017-11-30,60.2599983215332,61.209999084472656,60.20000076293945,60.41999816894531,57.65668869018555,12551200,nke
2017-12-01,60.41999816894531,60.43000030517578,59.2400016784668,59.880001068115234,57.33116149902344,10113500,nke
2017-12-04,60.27000045776367,60.70000076293945,59.970001220703125,60.099998474121094,57.541786193847656,7513200,nke
2017-12-05,60.650001525878906,60.79999923706055,59.650001525878906,60.41999816894531,57.848167419433594,8862900,nke
2017-12-06,60.40999984741211,60.849998474121094,59.70000076293945,59.720001220703125,57.1779670715332,7862200,nke
2017-12-07,59.86000061035156,61.060001373291016,59.650001525878906,60.599998474121094,58.02051544189453,6113300,nke
2017-12-08,60.5,61.369998931884766,60.290000915527344,61.29999923706055,58.69072341918945,6065200,nke
2017-12-11,61.369998931884766,62.220001220703125,61.29999923706055,61.90999984741211,59.274757385253906,9017800,nke
2017-12-12,61.810001373291016,62.529998779296875,61.650001525878906,62.16999816894531,59.523677825927734,7358000,nke
2017-12-13,62.220001220703125,64.45999908447266,62.02000045776367,64.30000305175781,61.563018798828125,16072600,nke
2017-12-14,64.43000030517578,64.8499984741211,64.05000305175781,64.52999877929688,61.7832145690918,13055100,nke
2017-12-15,64.88999938964844,65.06999969482422,64.1500015258789,64.79000091552734,62.03215789794922,15659300,nke
2017-12-18,64.93000030517578,65.08000183105469,64.38999938964844,64.80999755859375,62.05130386352539,12652000,nke
2017-12-19,65.1500015258789,65.19000244140625,64.18000030517578,64.23999786376953,61.50556945800781,8212500,nke
2017-12-20,64.38999938964844,64.5,63.58000183105469,63.59000015258789,60.88323974609375,12468600,nke
2017-12-21,64.29000091552734,64.9800033569336,63.29999923706055,64.7699966430664,62.013004302978516,14352300,nke
2017-12-22,61.20000076293945,63.540000915527344,60.130001068115234,63.290000915527344,60.596004486083984,20414200,nke
2017-12-26,62.900001525878906,63.88999938964844,62.810001373291016,63.650001525878906,60.94069290161133,4563500,nke
2017-12-27,63.560001373291016,63.599998474121094,62.77000045776367,62.95000076293945,60.27048110961914,8959700,nke
2017-12-28,63.0,63.31999969482422,62.849998474121094,62.95000076293945,60.27048110961914,3987200,nke
2017-12-29,63.209999084472656,63.369998931884766,62.54999923706055,62.54999923706055,59.88750457763672,5222100,nke
2018-01-02,62.849998474121094,63.4900016784668,62.849998474121094,63.4900016784668,60.787506103515625,6511000,nke
2018-01-03,63.47999954223633,63.65999984741211,62.7599983215332,63.47999954223633,60.77791976928711,6091100,nke
2018-01-04,63.400001525878906,63.54999923706055,62.54999923706055,63.439998626708984,60.739620208740234,5780500,nke
2018-01-05,63.70000076293945,64.30000305175781,63.470001220703125,63.97999954223633,61.25664138793945,11632300,nke
2018-01-08,64.1500015258789,64.70999908447266,63.97999954223633,64.55000305175781,61.8023796081543,11905700,nke
2018-01-09,64.2300033569336,64.72000122070312,63.470001220703125,64.08999633789062,61.36195755004883,8771300,nke
2018-01-10,63.880001068115234,64.2300033569336,63.439998626708984,64.22000122070312,61.486419677734375,5010600,nke
2018-01-11,64.02999877929688,64.30999755859375,63.779998779296875,64.29000091552734,61.55344772338867,5103500,nke
2018-01-12,64.5,64.72000122070312,64.31999969482422,64.66999816894531,61.917266845703125,5135700,nke
2018-01-16,64.77999877929688,65.36000061035156,63.369998931884766,63.41999816894531,60.72047805786133,9117000,nke
2018-01-17,63.66999816894531,64.01000213623047,63.08000183105469,63.810001373291016,61.093875885009766,7422600,nke
2018-01-18,64.0,64.20999908447266,63.540000915527344,64.11000061035156,61.381107330322266,5656900,nke
2018-01-19,65.30999755859375,67.23999786376953,65.12000274658203,67.20999908447266,64.34915924072266,12896100,nke
2018-01-22,66.55000305175781,66.83000183105469,65.76000213623047,66.38999938964844,63.56404113769531,8491800,nke
2018-01-23,66.52999877929688,67.33000183105469,66.44000244140625,67.13999938964844,64.28213500976562,6412000,nke
2018-01-24,67.33999633789062,68.18000030517578,67.06999969482422,68.0,65.10551452636719,7421800,nke
2018-01-25,68.12999725341797,68.63999938964844,67.44999694824219,67.70999908447266,64.82786560058594,5707600,nke
2018-01-26,68.19999694824219,68.63999938964844,67.91999816894531,68.04000091552734,65.14381408691406,6290500,nke
2018-01-29,67.81999969482422,68.13999938964844,67.41999816894531,67.58000183105469,64.7033920288086,5067300,nke
2018-01-30,67.5,68.30999755859375,67.16000366210938,67.33000183105469,64.46404266357422,6350500,nke
2018-01-31,67.5,68.83000183105469,67.47000122070312,68.22000122070312,65.31615447998047,11036400,nke
2018-02-01,67.66999816894531,67.97000122070312,66.69999694824219,67.6500015258789,64.77041625976562,5790500,nke
2018-02-02,67.22000122070312,67.79000091552734,67.0,67.22000122070312,64.35873413085938,9348300,nke
2018-02-05,66.62999725341797,67.20999908447266,64.38999938964844,64.38999938964844,61.64918518066406,12549500,nke
2018-02-06,62.47999954223633,65.41999816894531,62.09000015258789,65.22000122070312,62.44385528564453,13356700,nke
2018-02-07,65.1500015258789,66.83999633789062,65.0999984741211,65.62999725341797,62.83641052246094,8845700,nke
2018-02-08,65.52999877929688,65.70999908447266,62.459999084472656,62.4900016784668,59.8300666809082,14121800,nke
2018-02-09,63.7599983215332,66.05000305175781,62.84000015258789,65.48999786376953,62.70235061645508,13733300,nke
2018-02-12,65.94000244140625,66.81999969482422,65.68000030517578,65.9800033569336,63.17150115966797,9792200,nke
2018-02-13,65.8499984741211,66.2300033569336,65.43000030517578,65.87000274658203,63.06618881225586,9538400,nke
2018-02-14,65.72000122070312,68.02999877929688,65.55000305175781,67.95999908447266,65.06721496582031,8662600,nke
2018-02-15,68.38999938964844,68.76000213623047,67.25,68.29000091552734,65.38317108154297,7390200,nke
2018-02-16,67.9000015258789,69.0,67.73999786376953,68.30000305175781,65.39275360107422,6842100,nke
2018-02-20,67.63999938964844,67.97000122070312,67.05000305175781,67.48999786376953,64.6172103881836,4859100,nke
2018-02-21,67.66000366210938,68.0199966430664,67.02999877929688,67.05000305175781,64.19599151611328,5107900,nke
2018-02-22,67.25,67.4800033569336,66.73999786376953,67.12999725341797,64.27255249023438,6515800,nke
2018-02-23,67.38999938964844,68.16000366210938,66.8499984741211,68.16000366210938,65.25871276855469,4428500,nke
2018-02-26,68.38999938964844,69.80999755859375,68.33999633789062,69.6500015258789,66.68528747558594,6499500,nke
2018-02-27,70.0,70.25,68.02999877929688,68.02999877929688,65.13423919677734,6843100,nke
2018-02-28,68.0999984741211,68.30000305175781,67.01000213623047,67.02999877929688,64.17680358886719,6091800,nke
2018-03-01,67.23999786376953,67.66999816894531,65.66999816894531,66.31999969482422,63.497032165527344,7323900,nke
2018-03-02,64.91000366210938,66.08999633789062,64.20999908447266,65.88999938964844,63.27617263793945,8380500,nke
2018-03-05,65.4800033569336,65.48999786376953,64.33999633789062,65.05000305175781,62.469478607177734,8838400,nke
2018-03-06,65.20999908447266,65.36000061035156,64.62999725341797,65.23999786376953,62.65194320678711,6550100,nke
2018-03-07,64.51000213623047,64.79000091552734,63.88999938964844,64.16999816894531,61.62439727783203,6457600,nke
2018-03-08,64.55999755859375,65.25,64.4800033569336,65.11000061035156,62.52711486816406,5573000,nke
2018-03-09,65.51000213623047,66.51000213623047,65.36000061035156,66.30000305175781,63.669898986816406,5838400,nke
2018-03-12,66.6500015258789,67.61000061035156,66.31999969482422,66.81999969482422,64.16927337646484,7522700,nke
2018-03-13,67.30000305175781,67.69000244140625,66.12999725341797,66.16999816894531,63.545047760009766,5167300,nke
2018-03-14,66.6500015258789,66.9000015258789,65.66999816894531,66.19999694824219,63.57386016845703,6463800,nke
2018-03-15,66.48999786376953,66.61000061035156,66.12999725341797,66.38999938964844,63.75631332397461,5260800,nke
2018-03-16,66.30999755859375,66.69000244140625,65.91000366210938,65.91000366210938,63.295372009277344,12860900,nke
2018-03-19,65.69999694824219,66.33999633789062,65.19000244140625,65.70999908447266,63.103302001953125,7255600,nke
2018-03-20,65.94000244140625,66.87000274658203,65.93000030517578,66.80000305175781,64.15006256103516,6906200,nke
2018-03-21,66.7300033569336,67.20999908447266,66.30999755859375,66.3499984741211,63.717918395996094,5805200,nke
2018-03-22,65.5999984741211,66.1500015258789,64.2300033569336,64.41999816894531,61.86447525024414,12313300,nke
2018-03-23,66.69999694824219,67.11000061035156,64.45999908447266,64.62999725341797,62.06614685058594,17343800,nke
2018-03-26,65.08000183105469,66.05999755859375,64.98999786376953,65.9000015258789,63.28575897216797,10796000,nke
2018-03-27,65.88999938964844,67.63999938964844,65.43000030517578,66.16999816894531,63.545047760009766,9452500,nke
2018-03-28,66.58999633789062,67.1500015258789,65.2699966430664,65.44000244140625,62.8440055847168,7208400,nke
2018-03-29,65.69999694824219,66.55000305175781,65.61000061035156,66.44000244140625,63.80434036254883,10748300,nke
2018-04-02,65.97000122070312,66.05000305175781,63.209999084472656,64.12000274658203,61.576377868652344,12383900,nke
2018-04-03,64.47000122070312,66.7300033569336,64.36000061035156,66.69999694824219,64.05402374267578,8766400,nke
2018-04-04,65.97000122070312,68.5,65.93000030517578,68.41999816894531,65.70580291748047,10275800,nke
2018-04-05,68.5,69.77999877929688,68.38999938964844,69.58999633789062,66.82937622070312,9093300,nke
2018-04-06,68.51000213623047,69.30999755859375,66.93000030517578,67.55000305175781,64.87030792236328,9719300,nke
2018-04-09,68.38999938964844,68.55000305175781,67.1500015258789,67.18000030517578,64.5149917602539,6504500,nke
2018-04-10,67.80999755859375,67.87999725341797,66.48999786376953,67.0,64.34212493896484,10098900,nke
2018-04-11,66.58000183105469,67.19999694824219,66.5199966430664,66.83000183105469,64.17888641357422,5185500,nke
2018-04-12,67.06999969482422,68.0,67.06999969482422,67.7699966430664,65.08158111572266,5145300,nke
2018-04-13,68.12000274658203,68.33000183105469,66.9800033569336,67.25,64.58219909667969,4300200,nke
2018-04-16,67.80999755859375,67.9800033569336,67.05999755859375,67.05999755859375,64.39974212646484,6484400,nke
2018-04-17,67.37000274658203,67.66999816894531,67.27999877929688,67.51000213623047,64.83189392089844,5605700,nke
2018-04-18,67.52999877929688,67.73999786376953,66.16000366210938,66.19999694824219,63.57386016845703,7384000,nke
2018-04-19,66.02999877929688,66.30000305175781,64.98999786376953,65.7300033569336,63.12250900268555,8274300,nke
2018-04-20,65.75,66.11000061035156,65.44999694824219,66.08999633789062,63.46822738647461,10402800,nke
2018-04-23,66.0,67.02999877929688,65.94999694824219,66.87999725341797,64.22687530517578,6338400,nke
2018-04-24,67.30999755859375,67.51000213623047,66.72000122070312,66.97000122070312,64.31332397460938,8176100,nke
2018-04-25,66.83999633789062,67.0,66.25,66.66999816894531,64.02523803710938,5188900,nke
2018-04-26,66.77999877929688,68.29000091552734,66.63999938964844,68.05000305175781,65.35047912597656,5355200,nke
2018-04-27,68.47000122070312,70.0,68.44999694824219,69.55999755859375,66.80057525634766,7814900,nke
2018-04-30,69.58000183105469,69.80999755859375,68.38999938964844,68.38999938964844,65.677001953125,6484100,nke
2018-05-01,67.9800033569336,68.20999908447266,67.02999877929688,68.0999984741211,65.39850616455078,4957800,nke
2018-05-02,68.04000091552734,68.55999755859375,67.4800033569336,68.26000213623047,65.55216217041016,5752100,nke
2018-05-03,67.80000305175781,67.8499984741211,66.63999938964844,66.9000015258789,64.24607849121094,6155900,nke
2018-05-04,66.83999633789062,68.33000183105469,66.80000305175781,68.0999984741211,65.39850616455078,5132900,nke
2018-05-07,68.05999755859375,69.41999816894531,68.05999755859375,69.33999633789062,66.58930206298828,5041600,nke
2018-05-08,69.19999694824219,69.2300033569336,68.19999694824219,68.45999908447266,65.74420928955078,6534900,nke
2018-05-09,68.41999816894531,68.47000122070312,67.01000213623047,67.94999694824219,65.25444030761719,7956300,nke
2018-05-10,68.13999938964844,68.2699966430664,67.33000183105469,67.91999816894531,65.22562408447266,4965200,nke
2018-05-11,68.02999877929688,68.52999877929688,67.91000366210938,68.43000030517578,65.71538543701172,4145100,nke
2018-05-14,68.5999984741211,68.88999938964844,68.11000061035156,68.83999633789062,66.10912322998047,3453800,nke
2018-05-15,68.30999755859375,69.5199966430664,68.2300033569336,69.5,66.74296569824219,5045000,nke
2018-05-16,69.66999816894531,71.51000213623047,69.62000274658203,71.33999633789062,68.50994110107422,9693000,nke
2018-05-17,71.4000015258789,71.5999984741211,70.81999969482422,70.94000244140625,68.12581634521484,6064700,nke
2018-05-18,70.76000213623047,71.58999633789062,70.47000122070312,71.31999969482422,68.49075317382812,5688100,nke
2018-05-21,71.4800033569336,71.69999694824219,70.70999908447266,71.37999725341797,68.54837799072266,5480700,nke
2018-05-22,71.45999908447266,72.19000244140625,71.26000213623047,71.30999755859375,68.48113250732422,5675300,nke
2018-05-23,70.94999694824219,71.91999816894531,70.83000183105469,71.33999633789062,68.50994110107422,6806400,nke
2018-05-24,71.43000030517578,72.27999877929688,71.31999969482422,72.18000030517578,69.31663513183594,5613800,nke
2018-05-25,73.0999984741211,73.48999786376953,71.62999725341797,72.25,69.38385772705078,5889700,nke
2018-05-29,71.5199966430664,71.61000061035156,70.43000030517578,70.91999816894531,68.10662078857422,5857900,nke
2018-05-30,71.45999908447266,72.29000091552734,70.94000244140625,72.2300033569336,69.36466979980469,5799900,nke
2018-05-31,72.0,72.22000122070312,71.23999786376953,71.80000305175781,68.95172119140625,7856200,nke
2018-06-01,72.12000274658203,72.94999694824219,72.12000274658203,72.76000213623047,70.06880187988281,4085900,nke
2018-06-04,73.0,73.87000274658203,72.79000091552734,73.83000183105469,71.09923553466797,4581900,nke
2018-06-05,73.61000061035156,74.22000122070312,73.13999938964844,74.05000305175781,71.31109619140625,4928700,nke
2018-06-06,74.37999725341797,74.94000244140625,74.19000244140625,74.75,71.9852066040039,5318100,nke
2018-06-07,74.94999694824219,75.91000366210938,74.6500015258789,74.76000213623047,71.99484252929688,6846300,nke
2018-06-08,74.77999877929688,75.06999969482422,74.30000305175781,74.9000015258789,72.1296615600586,5524900,nke
2018-06-11,75.05999755859375,75.20999908447266,74.54000091552734,74.58999633789062,71.83110809326172,4902800,nke
2018-06-12,74.41999816894531,74.61000061035156,74.06999969482422,74.29000091552734,71.54222106933594,4356500,nke
2018-06-13,74.2699966430664,74.9000015258789,73.98999786376953,74.11000061035156,71.3688735961914,4696200,nke
2018-06-14,74.5999984741211,75.1500015258789,74.3499984741211,74.69999694824219,71.93704986572266,4636000,nke
2018-06-15,74.70999908447266,75.8499984741211,74.5,75.83999633789062,73.03487396240234,10977300,nke
2018-06-18,75.27999877929688,75.76000213623047,74.91000366210938,75.61000061035156,72.81339263916016,4515900,nke
2018-06-19,74.5,74.91999816894531,73.6500015258789,74.26000213623047,71.5133285522461,7562200,nke
2018-06-20,74.19999694824219,74.91000366210938,73.97000122070312,74.72000122070312,71.95631408691406,4424900,nke
2018-06-21,73.69999694824219,74.79000091552734,73.55000305175781,73.94000244140625,71.20515441894531,5537900,nke
2018-06-22,73.56999969482422,74.41000366210938,73.20999908447266,73.43000030517578,70.71401977539062,9404900,nke
2018-06-25,73.31999969482422,73.36000061035156,72.02999877929688,72.3499984741211,69.6739730834961,9064100,nke
2018-06-26,72.5,73.29000091552734,72.3499984741211,72.55999755859375,69.87619018554688,7072600,nke
2018-06-27,72.7300033569336,72.94999694824219,71.1500015258789,71.3499984741211,68.71096801757812,7624700,nke
2018-06-28,71.44999694824219,72.12000274658203,71.3499984741211,71.69999694824219,69.04800415039062,9118500,nke
2018-06-29,78.76000213623047,81.0,78.36000061035156,79.68000030517578,76.73284912109375,31314100,nke
2018-07-02,78.58000183105469,79.4800033569336,77.0199966430664,78.3499984741211,75.4520492553711,11867000,nke
2018-07-03,77.41000366210938,77.88999938964844,76.0999984741211,76.27999877929688,73.4586181640625,5794900,nke
2018-07-05,76.62000274658203,77.41999816894531,76.13999938964844,76.55000305175781,73.7186279296875,6534500,nke
2018-07-06,76.4800033569336,77.08000183105469,76.06999969482422,76.4800033569336,73.65120697021484,5916200,nke
2018-07-09,76.83999633789062,77.37999725341797,76.3499984741211,77.27999877929688,74.42161560058594,4871400,nke
2018-07-10,77.44000244140625,78.08999633789062,77.16000366210938,77.56999969482422,74.70089721679688,6281800,nke
2018-07-11,77.12999725341797,77.63999938964844,76.83000183105469,77.36000061035156,74.49867248535156,3656600,nke
2018-07-12,77.94000244140625,78.18000030517578,77.2300033569336,77.37000274658203,74.50830841064453,4879200,nke
2018-07-13,77.19999694824219,77.61000061035156,77.13999938964844,77.37999725341797,74.51791381835938,2963100,nke
2018-07-16,77.36000061035156,78.0999984741211,77.30000305175781,77.75,74.87423706054688,4755100,nke
2018-07-17,77.51000213623047,78.0199966430664,77.4000015258789,77.47000122070312,74.60459899902344,4355400,nke
2018-07-18,77.43000030517578,77.62000274658203,76.31999969482422,76.58999633789062,73.75714874267578,6101600,nke
2018-07-19,75.93000030517578,77.16000366210938,75.80000305175781,76.94999694824219,74.10382843017578,4875100,nke
2018-07-20,76.30999755859375,77.08000183105469,76.16000366210938,76.95999908447266,74.11344909667969,5246400,nke
2018-07-23,76.70999908447266,76.94999694824219,76.12999725341797,76.58999633789062,73.75714874267578,4198200,nke
2018-07-24,76.8499984741211,77.08999633789062,75.44000244140625,75.52999877929688,72.73637390136719,6054000,nke
2018-07-25,75.23999786376953,77.18000030517578,75.05999755859375,77.16000366210938,74.3060531616211,5542400,nke
2018-07-26,77.0,78.44000244140625,76.81999969482422,78.1500015258789,75.25946044921875,6706200,nke
2018-07-27,78.16999816894531,78.41000366210938,76.79000091552734,76.88999938964844,74.0460433959961,6125700,nke
2018-07-30,76.87999725341797,76.95999908447266,75.43000030517578,75.95999908447266,73.15045166015625,7275300,nke
2018-07-31,76.44000244140625,77.58999633789062,76.16000366210938,76.91000366210938,74.06531524658203,8265600,nke
2018-08-01,76.5,78.05999755859375,76.5,77.54000091552734,74.6719970703125,6878300,nke
2018-08-02,77.7699966430664,79.06999969482422,77.4000015258789,78.6500015258789,75.7409439086914,5313800,nke
2018-08-03,78.7300033569336,78.9800033569336,78.44000244140625,78.73999786376953,75.82764434814453,3762100,nke
2018-08-06,78.73999786376953,79.58000183105469,78.43000030517578,79.51000213623047,76.56913757324219,4280600,nke
2018-08-07,79.7300033569336,80.62999725341797,79.2699966430664,80.52999877929688,77.55142211914062,5418900,nke
2018-08-08,80.20999908447266,81.08000183105469,80.04000091552734,80.5,77.52252960205078,5327100,nke
2018-08-09,80.48999786376953,81.87999725341797,80.41000366210938,81.26000213623047,78.25440979003906,4558500,nke
2018-08-10,80.81999969482422,81.29000091552734,80.29000091552734,80.7300033569336,77.74402618408203,5036700,nke
2018-08-13,80.81999969482422,81.1500015258789,80.01000213623047,80.1500015258789,77.18548583984375,4101200,nke
2018-08-14,80.33000183105469,80.8499984741211,79.68000030517578,80.13999938964844,77.17584228515625,6079700,nke
2018-08-15,79.56999969482422,79.86000061035156,79.12000274658203,79.56999969482422,76.62692260742188,5057200,nke
2018-08-16,79.9000015258789,80.61000061035156,79.80000305175781,80.05000305175781,77.08917999267578,5475800,nke
2018-08-17,80.04000091552734,80.44000244140625,79.68000030517578,79.75,76.80025482177734,9001400,nke
2018-08-20,81.5199966430664,82.41999816894531,80.94999694824219,82.18000030517578,79.14038848876953,9345200,nke
2018-08-21,82.30999755859375,83.08000183105469,82.0199966430664,82.94999694824219,79.88189697265625,6337000,nke
2018-08-22,83.0999984741211,83.68000030517578,82.27999877929688,82.63999938964844,79.5833740234375,4308300,nke
2018-08-23,82.43000030517578,83.56999969482422,82.33999633789062,82.91000366210938,79.84339141845703,4156900,nke
2018-08-24,82.41999816894531,82.87999725341797,82.0999984741211,82.44999694824219,79.400390625,3453000,nke
2018-08-27,83.04000091552734,83.44999694824219,82.2300033569336,82.6500015258789,79.59300994873047,4012400,nke
2018-08-28,83.2300033569336,83.62999725341797,82.4800033569336,82.58000183105469,79.52559661865234,3788800,nke
2018-08-29,82.41999816894531,83.0999984741211,82.22000122070312,82.79000091552734,79.72782135009766,5712400,nke
2018-08-30,82.58000183105469,82.76000213623047,81.01000213623047,81.4000015258789,78.38923645019531,7122100,nke
2018-08-31,81.25,82.25,81.25,82.19999694824219,79.3545913696289,5177100,nke
2018-09-04,79.38999938964844,80.97000122070312,79.0,79.5999984741211,76.84461975097656,18565800,nke
2018-09-05,79.6500015258789,80.31999969482422,79.30000305175781,79.91999816894531,77.15354919433594,12269100,nke
2018-09-06,80.16999816894531,80.83999633789062,79.7699966430664,80.4000015258789,77.6169204711914,8576900,nke
2018-09-07,80.01000213623047,81.16000366210938,80.01000213623047,80.30000305175781,77.52037811279297,6633900,nke
2018-09-10,81.38999938964844,82.44000244140625,81.22000122070312,82.0999984741211,79.2580795288086,6965600,nke
2018-09-11,83.19999694824219,83.58000183105469,82.55000305175781,82.62999725341797,79.76973724365234,7166800,nke
2018-09-12,82.69999694824219,83.04000091552734,82.04000091552734,83.0,80.12693786621094,5384300,nke
2018-09-13,83.20999908447266,83.9000015258789,83.12000274658203,83.47000122070312,80.5806655883789,5382100,nke
2018-09-14,83.58000183105469,83.83999633789062,83.05999755859375,83.48999786376953,80.59996795654297,4884400,nke
2018-09-17,83.48999786376953,83.93000030517578,82.94000244140625,83.26000213623047,80.37793731689453,4861100,nke
2018-09-18,83.23999786376953,85.3499984741211,83.23999786376953,85.26000213623047,82.30868530273438,7277700,nke
2018-09-19,85.69000244140625,85.8499984741211,84.12000274658203,84.43000030517578,81.5074234008789,8053100,nke
2018-09-20,85.08999633789062,85.87000274658203,84.93000030517578,85.37000274658203,82.4148941040039,6620300,nke
2018-09-21,86.0,86.04000091552734,85.01000213623047,85.55000305175781,82.58866119384766,13852700,nke
2018-09-24,85.16000366210938,85.26000213623047,84.25,84.2699966430664,81.35296630859375,8770400,nke
2018-09-25,84.86000061035156,85.0999984741211,84.06999969482422,84.79000091552734,81.85496520996094,10519500,nke
2018-09-26,82.61000061035156,84.7300033569336,81.94999694824219,83.69999694824219,80.80268859863281,16357100,nke
2018-09-27,83.7699966430664,84.91999816894531,83.7300033569336,84.54000091552734,81.61363220214844,6080600,nke
2018-09-28,84.29000091552734,85.2699966430664,84.25,84.72000122070312,81.78739166259766,7452700,nke
2018-10-01,85.0999984741211,85.8499984741211,84.37000274658203,84.45999908447266,81.53639221191406,7876400,nke
2018-10-02,84.33999633789062,84.55000305175781,82.5,82.7699966430664,79.90487670898438,8446900,nke
2018-10-03,81.93000030517578,82.95999908447266,81.75,82.5,79.64423370361328,10046700,nke
2018-10-04,82.33999633789062,82.4800033569336,80.0199966430664,80.18000030517578,77.40455627441406,9161100,nke
2018-10-05,80.08999633789062,80.98999786376953,79.43000030517578,80.12000274658203,77.34662628173828,7019100,nke
2018-10-08,80.04000091552734,80.54000091552734,79.08000183105469,80.2300033569336,77.45281982421875,8058700,nke
2018-10-09,80.37000274658203,81.48999786376953,80.16000366210938,80.41999816894531,77.63623809814453,7643400,nke
2018-10-10,79.66000366210938,80.04000091552734,74.7699966430664,74.94000244140625,72.34593200683594,12977800,nke
2018-10-11,74.7699966430664,77.06999969482422,73.9000015258789,74.51000213623047,71.9308090209961,11532100,nke
2018-10-12,75.97000122070312,76.86000061035156,74.91000366210938,75.91000366210938,73.2823486328125,10393800,nke
2018-10-15,75.7699966430664,76.16000366210938,74.97000122070312,74.98999786376953,72.39420318603516,5789000,nke
2018-10-16,75.5999984741211,77.6500015258789,75.31999969482422,77.4800033569336,74.79801177978516,7744200,nke
2018-10-17,77.5199966430664,77.80000305175781,75.94000244140625,76.4800033569336,73.8326187133789,6816900,nke
2018-10-18,77.4000015258789,77.41000366210938,75.0,75.5999984741211,72.98307037353516,7622200,nke
2018-10-19,75.83000183105469,76.05000305175781,74.13999938964844,74.20999908447266,71.64119720458984,7301200,nke
2018-10-22,74.6500015258789,75.20999908447266,74.30000305175781,74.9000015258789,72.30730438232422,7042500,nke
2018-10-23,74.19000244140625,74.37999725341797,72.06999969482422,73.3499984741211,70.81096649169922,11423800,nke
2018-10-24,73.47000122070312,74.61000061035156,71.94999694824219,72.12000274658203,69.62353515625,8333900,nke
2018-10-25,72.69000244140625,73.5,72.2300033569336,73.0999984741211,70.56961059570312,7648000,nke
2018-10-26,72.0,72.70999908447266,70.69000244140625,72.06999969482422,69.57527923583984,8371100,nke
2018-10-29,73.26000213623047,74.01000213623047,71.38999938964844,72.19000244140625,69.69112396240234,9874200,nke
2018-10-30,73.06999969482422,74.63999938964844,72.80999755859375,74.51000213623047,71.9308090209961,9470000,nke
2018-10-31,75.5,76.33999633789062,74.91999816894531,75.04000091552734,72.44246673583984,8755500,nke
2018-11-01,75.2300033569336,76.83999633789062,74.83999633789062,76.79000091552734,74.13188934326172,6117800,nke
2018-11-02,77.52999877929688,78.58999633789062,75.70999908447266,76.58000183105469,73.92916870117188,6995100,nke
2018-11-05,76.48999786376953,77.7699966430664,76.05000305175781,77.52999877929688,74.84627532958984,7143300,nke
2018-11-06,77.33999633789062,77.58000183105469,76.36000061035156,76.56999969482422,73.91950225830078,6424200,nke
2018-11-07,76.94000244140625,78.2300033569336,76.56999969482422,77.97000122070312,75.27104187011719,5403900,nke
2018-11-08,77.69000244140625,78.16000366210938,77.23999786376953,77.77999877929688,75.08761596679688,5425000,nke
2018-11-09,77.70999908447266,77.7699966430664,75.52999877929688,76.36000061035156,73.71678161621094,4737600,nke
2018-11-12,76.3499984741211,76.7699966430664,74.98999786376953,75.0999984741211,72.50038146972656,5204900,nke
2018-11-13,75.52999877929688,76.2699966430664,74.83999633789062,75.19999694824219,72.59693145751953,4584600,nke
2018-11-14,76.31999969482422,77.48999786376953,74.88999938964844,75.19999694824219,72.59693145751953,7984200,nke
2018-11-15,74.44000244140625,74.66999816894531,72.88999938964844,74.33000183105469,71.75704193115234,7858300,nke
2018-11-16,73.76000213623047,75.5199966430664,73.05999755859375,74.73999786376953,72.15284729003906,8064200,nke
2018-11-19,74.69000244140625,74.75,71.86000061035156,72.5199966430664,70.00968933105469,6744900,nke
2018-11-20,70.48999786376953,72.06999969482422,69.5199966430664,71.12000274658203,68.65815734863281,9053900,nke
2018-11-21,71.98999786376953,72.9000015258789,71.80999755859375,72.37000274658203,69.86490631103516,7326100,nke
2018-11-23,72.05000305175781,72.5199966430664,71.41000366210938,71.48999786376953,69.0153579711914,2582300,nke
2018-11-26,72.33999633789062,73.0,72.2699966430664,72.70999908447266,70.193115234375,6458300,nke
2018-11-27,72.27999877929688,72.55000305175781,71.30000305175781,72.08999633789062,69.59457397460938,5008000,nke
2018-11-28,72.30000305175781,74.76000213623047,72.30000305175781,74.66000366210938,72.07562255859375,6167200,nke
2018-11-29,74.63999938964844,74.94999694824219,73.31999969482422,74.33999633789062,71.76668548583984,5436700,nke
2018-11-30,74.18000030517578,75.4800033569336,73.9000015258789,75.12000274658203,72.73494720458984,7947300,nke
2018-12-03,77.0999984741211,79.0,76.93000030517578,77.94000244140625,75.46540832519531,10211800,nke
2018-12-04,77.41999816894531,78.4000015258789,75.41000366210938,75.79000091552734,73.3836898803711,8800400,nke
2018-12-06,74.37000274658203,75.56999969482422,73.58999633789062,75.54000091552734,73.1416015625,9693700,nke
2018-12-07,75.04000091552734,75.97000122070312,72.87000274658203,73.33999633789062,71.01146697998047,6133700,nke
2018-12-10,73.0999984741211,73.70999908447266,70.61000061035156,72.51000213623047,70.20781707763672,7235000,nke
2018-12-11,73.87000274658203,74.56999969482422,72.55999755859375,73.56999969482422,71.23416137695312,7794500,nke
2018-12-12,74.5199966430664,75.27999877929688,73.51000213623047,74.31999969482422,71.96033477783203,6950400,nke
2018-12-13,74.5,74.58999633789062,72.58999633789062,72.93000030517578,70.6144790649414,7454800,nke
2018-12-14,71.97000122070312,73.6500015258789,71.41000366210938,72.52999877929688,70.22718048095703,7221200,nke
2018-12-17,71.37000274658203,71.7699966430664,69.45999908447266,69.9000015258789,67.68070220947266,10647700,nke
2018-12-18,70.9000015258789,72.41000366210938,70.43000030517578,71.1500015258789,68.89099884033203,7533300,nke
2018-12-19,71.44999694824219,72.0,68.31999969482422,68.97000122070312,66.78022003173828,8426100,nke
2018-12-20,68.7300033569336,69.56999969482422,66.52999877929688,67.52999877929688,65.38594818115234,14488500,nke
2018-12-21,73.29000091552734,74.29000091552734,71.25,72.37000274658203,70.07227325439453,28487900,nke
2018-12-24,71.4000015258789,71.93000030517578,68.08000183105469,68.0999984741211,65.93783569335938,8551400,nke
2018-12-26,68.69999694824219,73.01000213623047,68.6500015258789,73.01000213623047,70.69194793701172,10019200,nke
2018-12-27,72.18000030517578,73.7300033569336,70.98999786376953,73.66999816894531,71.33097076416016,9004900,nke
2018-12-28,73.97000122070312,74.45999908447266,72.56999969482422,73.33999633789062,71.01146697998047,6197000,nke
2018-12-31,73.9800033569336,74.45999908447266,73.5199966430664,74.13999938964844,71.78607177734375,5519100,nke
2019-01-02,72.79000091552734,74.63999938964844,72.19000244140625,74.05999755859375,71.70860290527344,6762700,nke
2019-01-03,73.25,73.31999969482422,71.20999908447266,72.75,70.44020080566406,8007400,nke
2019-01-04,73.44999694824219,75.12000274658203,73.12000274658203,74.6500015258789,72.2798843383789,7844200,nke
2019-01-07,74.73999786376953,76.36000061035156,74.30000305175781,75.72000122070312,73.31590270996094,8184800,nke
2019-01-08,76.83000183105469,77.4000015258789,76.19999694824219,76.7300033569336,74.29383087158203,8809000,nke
2019-01-09,76.97000122070312,77.1500015258789,76.13999938964844,76.58999633789062,74.15826416015625,8591000,nke
2019-01-10,75.63999938964844,77.33999633789062,75.45999908447266,76.41999816894531,73.9936752319336,11148600,nke
2019-01-11,76.33999633789062,76.88999938964844,75.80000305175781,76.04000091552734,73.625732421875,10689900,nke
2019-01-14,75.45999908447266,76.80999755859375,75.45999908447266,76.08999633789062,73.67415618896484,5677400,nke
2019-01-15,76.19000244140625,77.9800033569336,76.12999725341797,77.87999725341797,75.40731048583984,6212400,nke
2019-01-16,78.0,78.8499984741211,77.58999633789062,77.68000030517578,75.2136459350586,5697100,nke
2019-01-17,77.54000091552734,79.4000015258789,77.30999755859375,79.12999725341797,76.61762237548828,7737300,nke
2019-01-18,79.94999694824219,80.97000122070312,79.73999786376953,80.44999694824219,77.89572143554688,10404100,nke
2019-01-22,80.33000183105469,81.30999755859375,80.19999694824219,80.75,78.18619537353516,8781700,nke
2019-01-23,81.19000244140625,81.4000015258789,80.22000122070312,80.5,77.94412994384766,5823000,nke
2019-01-24,80.5999984741211,80.87000274658203,79.55000305175781,80.44000244140625,77.88603973388672,4753200,nke
2019-01-25,81.25,81.33000183105469,80.43000030517578,80.61000061035156,78.0506362915039,4457100,nke
2019-01-28,79.80000305175781,80.51000213623047,79.73999786376953,80.31999969482422,77.76984405517578,5452000,nke
2019-01-29,80.36000061035156,80.83000183105469,79.83999633789062,80.22000122070312,77.67302703857422,4187500,nke
2019-01-30,80.4000015258789,81.29000091552734,80.05999755859375,81.27999877929688,78.69937133789062,5200200,nke
2019-01-31,81.18000030517578,81.94999694824219,80.70999908447266,81.87999725341797,79.28031921386719,8599200,nke
2019-02-01,81.83000183105469,81.9000015258789,81.12999725341797,81.51000213623047,78.92207336425781,5351900,nke
2019-02-04,81.22000122070312,82.0,80.83000183105469,81.98999786376953,79.38683319091797,4236600,nke
2019-02-05,81.9800033569336,83.19000244140625,81.93000030517578,82.86000061035156,80.22920227050781,6545600,nke
2019-02-06,82.51000213623047,82.70999908447266,81.63999938964844,82.70999908447266,80.08394622802734,3682800,nke
2019-02-07,82.1500015258789,82.8499984741211,81.70999908447266,82.38999938964844,79.77411651611328,4827500,nke
2019-02-08,82.25,82.72000122070312,81.94000244140625,82.36000061035156,79.74508666992188,3786500,nke
2019-02-11,82.94999694824219,83.83000183105469,82.87000274658203,83.68000030517578,81.02316284179688,6158500,nke
2019-02-12,83.97000122070312,84.83999633789062,83.62000274658203,84.70999908447266,82.02047729492188,6290300,nke
2019-02-13,84.76000213623047,85.58999633789062,84.76000213623047,85.4000015258789,82.68856048583984,5032800,nke
2019-02-14,84.61000061035156,85.13999938964844,83.69999694824219,84.68000030517578,81.99140167236328,5179000,nke
2019-02-15,85.48999786376953,85.77999877929688,85.0999984741211,85.37999725341797,82.66920471191406,6111300,nke
2019-02-19,84.58000183105469,85.05000305175781,84.45999908447266,84.56999969482422,81.88491821289062,5105900,nke
2019-02-20,84.62999725341797,84.94999694824219,84.3499984741211,84.83999633789062,82.1463394165039,6436100,nke
2019-02-21,83.56999969482422,84.1500015258789,83.3499984741211,83.94999694824219,81.28459930419922,8579200,nke
2019-02-22,84.19999694824219,85.0199966430664,84.02999877929688,84.76000213623047,82.06887817382812,4449500,nke
2019-02-25,85.38999938964844,85.7300033569336,84.95999908447266,85.16999816894531,82.46586608886719,6229700,nke
2019-02-26,85.30999755859375,86.08000183105469,85.19999694824219,85.80000305175781,83.07585144042969,6678700,nke
2019-02-27,85.52999877929688,86.22000122070312,85.05999755859375,86.16999816894531,83.43411254882812,4588200,nke
2019-02-28,86.08000183105469,86.4000015258789,85.68000030517578,85.7300033569336,83.00808715820312,4988100,nke
2019-03-01,86.93000030517578,87.98999786376953,86.23999786376953,87.16000366210938,84.60981750488281,6314900,nke
2019-03-04,87.31999969482422,87.98999786376953,85.11000061035156,85.63999938964844,83.13426971435547,7339500,nke
2019-03-05,85.87999725341797,86.25,85.44000244140625,85.44000244140625,82.94012451171875,4976300,nke
2019-03-06,85.5999984741211,85.98999786376953,85.04000091552734,85.12999725341797,82.63919067382812,3198000,nke
2019-03-07,84.97000122070312,85.41000366210938,84.66000366210938,85.26000213623047,82.76539611816406,4321800,nke
2019-03-08,84.58000183105469,84.87999725341797,84.0199966430664,84.80000305175781,82.31886291503906,4669700,nke
2019-03-11,85.38999938964844,85.94000244140625,85.05000305175781,85.81999969482422,83.30902099609375,3999800,nke
2019-03-12,85.77999877929688,86.08000183105469,85.0199966430664,85.43000030517578,82.9304428100586,4431600,nke
2019-03-13,85.69999694824219,86.66000366210938,85.5999984741211,85.93000030517578,83.4157943725586,5037800,nke
2019-03-14,86.1500015258789,86.87999725341797,85.69999694824219,86.87000274658203,84.32829284667969,5906100,nke
2019-03-15,87.22000122070312,87.61000061035156,85.95999908447266,86.80000305175781,84.26033020019531,11031400,nke
2019-03-18,87.30000305175781,87.83999633789062,87.0,87.81999969482422,85.25050354003906,7750700,nke
2019-03-19,88.22000122070312,88.58999633789062,87.29000091552734,87.69000244140625,85.12430572509766,6642200,nke
2019-03-20,87.5,87.58000183105469,86.08999633789062,86.69000244140625,84.15355682373047,5991500,nke
2019-03-21,87.23999786376953,88.12000274658203,86.83000183105469,88.01000213623047,85.4349365234375,10386900,nke
2019-03-22,85.19999694824219,85.9000015258789,82.1500015258789,82.19000244140625,79.78522491455078,21659800,nke
2019-03-25,81.4800033569336,83.22000122070312,80.88999938964844,82.33000183105469,79.92111206054688,15558300,nke
2019-03-26,83.62999725341797,84.08999633789062,82.91000366210938,83.37999725341797,80.94039916992188,9611900,nke
2019-03-27,83.69000244140625,83.80000305175781,82.04000091552734,83.08999633789062,80.65888214111328,6485100,nke
2019-03-28,83.93000030517578,84.72000122070312,83.69999694824219,84.04000091552734,81.5810775756836,6032700,nke
2019-03-29,84.5999984741211,84.8499984741211,83.86000061035156,84.20999908447266,81.74610900878906,6492000,nke
2019-04-01,85.04000091552734,85.31999969482422,84.69999694824219,85.2300033569336,82.73628234863281,6737400,nke
2019-04-02,85.0,85.26000213623047,84.16000366210938,84.37000274658203,81.90144348144531,4433800,nke
2019-04-03,84.9000015258789,84.98999786376953,84.25,84.47000122070312,81.99851989746094,4080900,nke
2019-04-04,84.48999786376953,85.37999725341797,84.36000061035156,85.27999877929688,82.78480529785156,3660700,nke
2019-04-05,86.0,86.16000366210938,85.05000305175781,85.4000015258789,82.90130615234375,7367400,nke
2019-04-08,85.01000213623047,85.29000091552734,84.56999969482422,84.7300033569336,82.25090789794922,4705800,nke
2019-04-09,84.22000122070312,84.5999984741211,83.97000122070312,84.27999877929688,81.81407165527344,3804500,nke
2019-04-10,84.63999938964844,85.01000213623047,84.55999755859375,84.87999725341797,82.3965072631836,3918400,nke
2019-04-11,84.9000015258789,85.05000305175781,84.27999877929688,85.0,82.51301574707031,3347400,nke
2019-04-12,85.30000305175781,86.48999786376953,85.29000091552734,86.23999786376953,83.71671295166016,6037000,nke
2019-04-15,86.88999938964844,87.23999786376953,86.44000244140625,86.83000183105469,84.28945922851562,5034900,nke
2019-04-16,87.0,87.94999694824219,87.0,87.80000305175781,85.23108673095703,4652700,nke
2019-04-17,87.94999694824219,88.97000122070312,87.44999694824219,88.7300033569336,86.13388061523438,5694900,nke
2019-04-18,88.76000213623047,90.0,88.69999694824219,89.19999694824219,86.59011840820312,7016600,nke
2019-04-22,88.3499984741211,88.63999938964844,87.30000305175781,87.36000061035156,84.80394744873047,5390500,nke
2019-04-23,87.56999969482422,87.66999816894531,87.01000213623047,87.43000030517578,84.87191009521484,7513700,nke
2019-04-24,87.66999816894531,88.81999969482422,87.43000030517578,88.38999938964844,85.80381774902344,8063000,nke
2019-04-25,88.4000015258789,88.54000091552734,87.48999786376953,87.55999755859375,84.99810028076172,7069900,nke
2019-04-26,87.94999694824219,88.94000244140625,87.33000183105469,88.30999755859375,85.72615814208984,6219600,nke
2019-04-29,88.18000030517578,88.51000213623047,88.12999725341797,88.26000213623047,85.67761993408203,5008400,nke
2019-04-30,88.29000091552734,88.4000015258789,87.26000213623047,87.83000183105469,85.26019287109375,7614100,nke
2019-05-01,87.7300033569336,87.94999694824219,85.87000274658203,85.9000015258789,83.38668060302734,6524600,nke
2019-05-02,86.20999908447266,86.27999877929688,84.98999786376953,85.2699966430664,82.77510833740234,6813700,nke
2019-05-03,85.9000015258789,86.30000305175781,85.69999694824219,85.69999694824219,83.1925277709961,6798300,nke
2019-05-06,83.7699966430664,83.87000274658203,82.86000061035156,83.56999969482422,81.12483215332031,12836600,nke
2019-05-07,83.0199966430664,83.62999725341797,81.83000183105469,82.54000091552734,80.12498474121094,9811300,nke
2019-05-08,82.43000030517578,83.98999786376953,82.13999938964844,82.7699966430664,80.34823608398438,9501300,nke
2019-05-09,82.20999908447266,83.01000213623047,81.54000091552734,82.9800033569336,80.5521011352539,6336600,nke
2019-05-10,82.77999877929688,84.2699966430664,82.19000244140625,83.94999694824219,81.49373626708984,5450500,nke
2019-05-13,81.6500015258789,82.62999725341797,81.31999969482422,82.52999877929688,80.11528015136719,6445200,nke
2019-05-14,82.77999877929688,84.0,82.05999755859375,83.66999816894531,81.22191619873047,7529200,nke
2019-05-15,83.16999816894531,84.48999786376953,82.94000244140625,84.01000213623047,81.5519790649414,4862200,nke
2019-05-16,84.51000213623047,85.4000015258789,84.19999694824219,84.27999877929688,81.81407165527344,6745200,nke
2019-05-17,83.51000213623047,85.5199966430664,83.5,84.56999969482422,82.09559631347656,5068200,nke
2019-05-20,83.80000305175781,83.80000305175781,82.73999786376953,82.8499984741211,80.42591094970703,7181900,nke
2019-05-21,83.36000061035156,83.80000305175781,82.51000213623047,83.63999938964844,81.19280242919922,5762500,nke
2019-05-22,82.98999786376953,83.33999633789062,82.76000213623047,83.19999694824219,80.76567840576172,5237800,nke
2019-05-23,82.5,83.05999755859375,81.98999786376953,82.63999938964844,80.22206115722656,9704200,nke
2019-05-24,82.19999694824219,83.16999816894531,82.08999633789062,82.16000366210938,79.75611114501953,5999000,nke
2019-05-28,82.8499984741211,83.19000244140625,81.12999725341797,81.19999694824219,78.82417297363281,7927300,nke
2019-05-29,80.70999908447266,80.86000061035156,77.69999694824219,78.87000274658203,76.56236267089844,10116900,nke
2019-05-30,78.91999816894531,79.7300033569336,78.61000061035156,79.26000213623047,76.94096374511719,6177800,nke
2019-05-31,78.0,78.26000213623047,77.06999969482422,77.13999938964844,75.0914077758789,8891100,nke
2019-06-03,77.23999786376953,78.58000183105469,77.08000183105469,77.95999908447266,75.88961791992188,11665500,nke
2019-06-04,79.30000305175781,81.6500015258789,78.77999877929688,81.62000274658203,79.45243835449219,7526800,nke
2019-06-05,82.29000091552734,82.9000015258789,81.93000030517578,82.72000122070312,80.52323150634766,8173200,nke
2019-06-06,82.72000122070312,83.05999755859375,82.08000183105469,82.44999694824219,80.26039123535156,4953000,nke
2019-06-07,83.08999633789062,83.68000030517578,82.80999755859375,83.41000366210938,81.19490051269531,3891100,nke
2019-06-10,83.75,84.19999694824219,82.44999694824219,82.58000183105469,80.38695526123047,4419800,nke
2019-06-11,83.6500015258789,84.33999633789062,83.12999725341797,83.26000213623047,81.04889678955078,3939400,nke
2019-06-12,83.4800033569336,84.0199966430664,82.5199966430664,82.62999725341797,80.43559265136719,4025900,nke
2019-06-13,83.1500015258789,83.91999816894531,83.05000305175781,83.61000061035156,81.38958740234375,3383400,nke
2019-06-14,83.51000213623047,83.86000061035156,83.04000091552734,83.44000244140625,81.22411346435547,4355600,nke
2019-06-17,83.33999633789062,83.45999908447266,82.01000213623047,82.11000061035156,79.9294204711914,5101900,nke
2019-06-18,82.69999694824219,84.6500015258789,82.5,84.30000305175781,82.06126403808594,6456500,nke
2019-06-19,83.7300033569336,83.9000015258789,83.13999938964844,83.55000305175781,81.3311767578125,6217700,nke
2019-06-20,84.9000015258789,85.66999816894531,84.41999816894531,85.23999786376953,82.97630310058594,6163800,nke
2019-06-21,85.16000366210938,85.75,84.5999984741211,85.75,83.47276306152344,9289800,nke
2019-06-24,86.0,86.8499984741211,84.37000274658203,84.5,82.25595092773438,8043300,nke
2019-06-25,84.5999984741211,84.69000244140625,82.16000366210938,82.62000274658203,80.4258804321289,7339900,nke
2019-06-26,83.1500015258789,83.69000244140625,82.44000244140625,82.55000305175781,80.35772705078125,5838500,nke
2019-06-27,82.93000030517578,83.7699966430664,82.93000030517578,83.66000366210938,81.43826293945312,11436700,nke
2019-06-28,83.98999786376953,84.75,82.66999816894531,83.94999694824219,81.72056579589844,12443800,nke
2019-07-01,84.93000030517578,86.27999877929688,84.9000015258789,85.41000366210938,83.14178466796875,6587300,nke
2019-07-02,85.36000061035156,85.47000122070312,84.22000122070312,84.95999908447266,82.7037353515625,7187200,nke
2019-07-03,85.33000183105469,86.29000091552734,85.12000274658203,86.19999694824219,83.91080474853516,4012800,nke
2019-07-05,85.80000305175781,86.91000366210938,85.41999816894531,86.81999969482422,84.51433563232422,6440900,nke
2019-07-08,86.05999755859375,88.5199966430664,85.97000122070312,88.4800033569336,86.1302490234375,7052000,nke
2019-07-09,88.0999984741211,88.80000305175781,87.81999969482422,88.04000091552734,85.70193481445312,6219700,nke
2019-07-10,88.4800033569336,88.94000244140625,87.38999938964844,87.44000244140625,85.11787414550781,5985500,nke
2019-07-11,87.70999908447266,88.30000305175781,87.4000015258789,88.29000091552734,85.94529724121094,3942400,nke
2019-07-12,88.18000030517578,89.30999755859375,88.01000213623047,89.12000274658203,86.75325775146484,4240900,nke
2019-07-15,89.05999755859375,89.87000274658203,89.05999755859375,89.4800033569336,87.10370635986328,3750900,nke
2019-07-16,89.5,89.70999908447266,88.56999969482422,88.5999984741211,86.24706268310547,5812800,nke
2019-07-17,88.41999816894531,88.69000244140625,87.44000244140625,87.5,85.17628479003906,4461500,nke
2019-07-18,87.62999725341797,87.76000213623047,86.76000213623047,87.44000244140625,85.11787414550781,4607000,nke
2019-07-19,87.7300033569336,87.87999725341797,86.4800033569336,86.55000305175781,84.25151062011719,6635300,nke
2019-07-22,86.55999755859375,86.98999786376953,85.83000183105469,85.97000122070312,83.68692016601562,6810300,nke
2019-07-23,86.63999938964844,87.0999984741211,86.2300033569336,86.69999694824219,84.39752197265625,5659900,nke
2019-07-24,86.6500015258789,87.20999908447266,86.30999755859375,86.69999694824219,84.39752197265625,6362900,nke
2019-07-25,86.81999969482422,87.5,86.58999633789062,87.27999877929688,84.96212005615234,4546400,nke
2019-07-26,87.44000244140625,87.83999633789062,86.7699966430664,87.54000091552734,85.21522521972656,3707200,nke
2019-07-29,87.6500015258789,87.87000274658203,87.18000030517578,87.62000274658203,85.29309844970703,4387300,nke
2019-07-30,86.81999969482422,87.91000366210938,86.36000061035156,87.19999694824219,84.88423919677734,3561200,nke
2019-07-31,87.08999633789062,87.2699966430664,85.55000305175781,86.02999877929688,83.74531555175781,5818200,nke
2019-08-01,85.26000213623047,86.7699966430664,82.69999694824219,83.12000274658203,80.91260528564453,7871800,nke
2019-08-02,82.52999877929688,83.23999786376953,80.79000091552734,81.13999938964844,78.98517608642578,8761400,nke
2019-08-05,79.66000366210938,80.05000305175781,78.19000244140625,78.97000122070312,76.87281036376953,8493300,nke
2019-08-06,79.8499984741211,81.58999633789062,79.48999786376953,81.30000305175781,79.14092254638672,8664500,nke
2019-08-07,80.5,81.81999969482422,80.08999633789062,81.27999877929688,79.1214599609375,6275000,nke
2019-08-08,81.80999755859375,83.36000061035156,81.61000061035156,83.0,80.7957763671875,6208900,nke
2019-08-09,83.13999938964844,83.43000030517578,81.31999969482422,81.9800033569336,79.80287170410156,5460200,nke
2019-08-12,81.41000366210938,81.94999694824219,81.18000030517578,81.6500015258789,79.48163604736328,3762500,nke
2019-08-13,81.16999816894531,84.1500015258789,80.8499984741211,83.31999969482422,81.10729217529297,6896800,nke
2019-08-14,81.23999786376953,81.69000244140625,80.51000213623047,81.02999877929688,78.87808990478516,7266100,nke
2019-08-15,80.93000030517578,81.30000305175781,79.44000244140625,79.51000213623047,77.39846801757812,6713600,nke
2019-08-16,80.08999633789062,80.55999755859375,79.25,80.27999877929688,78.14801788330078,5649000,nke
2019-08-19,82.0,82.33999633789062,80.83000183105469,81.12999725341797,78.9754638671875,7027900,nke
2019-08-20,80.72000122070312,81.2300033569336,79.44999694824219,80.52999877929688,78.39138793945312,5903100,nke
2019-08-21,81.94000244140625,82.83999633789062,81.62999725341797,82.73999786376953,80.54268646240234,6454200,nke
2019-08-22,83.0,83.72000122070312,82.5,83.30999755859375,81.09754180908203,5571600,nke
2019-08-23,82.0199966430664,82.76000213623047,80.02999877929688,80.44000244140625,78.30377197265625,8497800,nke
2019-08-26,81.44000244140625,82.27999877929688,80.73999786376953,82.25,80.06568908691406,4336000,nke
2019-08-27,82.62999725341797,83.18000030517578,82.0,82.02999877929688,79.8515396118164,3842500,nke
2019-08-28,81.9000015258789,83.58999633789062,81.72000122070312,83.4800033569336,81.26305389404297,4123700,nke
2019-08-29,84.22000122070312,85.7699966430664,84.16999816894531,85.37999725341797,83.11258697509766,5101900,nke
2019-08-30,85.69999694824219,85.98999786376953,84.41000366210938,84.5,82.46844482421875,5235400,nke
2019-09-03,84.0,84.83000183105469,83.62000274658203,84.66999816894531,82.63434600830078,6360800,nke
2019-09-04,85.58000183105469,86.5,85.5,86.3499984741211,84.27396392822266,4151200,nke
2019-09-05,87.27999877929688,88.62000274658203,87.27999877929688,88.41999816894531,86.29419708251953,6328400,nke
2019-09-06,88.4000015258789,88.9800033569336,88.0199966430664,88.69000244140625,86.5577163696289,3625300,nke
2019-09-09,88.94000244140625,89.3499984741211,88.41999816894531,88.66999816894531,86.53819274902344,4282400,nke
2019-09-10,88.26000213623047,88.62999725341797,86.29000091552734,86.83000183105469,84.74242401123047,7072400,nke
2019-09-11,86.95999908447266,87.25,85.87000274658203,86.75,84.66436004638672,4623300,nke
2019-09-12,87.0999984741211,88.06999969482422,86.22000122070312,87.66999816894531,85.5622329711914,4057500,nke
2019-09-13,88.25,88.79000091552734,87.30000305175781,87.31999969482422,85.22064971923828,5894700,nke
2019-09-16,87.08999633789062,87.81999969482422,86.66999816894531,87.2699966430664,85.1718521118164,4171700,nke
2019-09-17,86.7699966430664,87.63999938964844,86.47000122070312,87.58999633789062,85.48416137695312,3248400,nke
2019-09-18,87.6500015258789,88.4000015258789,87.20999908447266,88.08000183105469,85.96237182617188,4722200,nke
2019-09-19,88.4000015258789,88.72000122070312,87.51000213623047,87.69999694824219,85.59152221679688,4231200,nke
2019-09-20,88.0,88.48999786376953,86.66999816894531,86.68000030517578,84.59603881835938,6991100,nke
2019-09-23,86.9800033569336,88.0199966430664,86.80000305175781,87.69000244140625,85.58175659179688,4790000,nke
2019-09-24,88.44999694824219,88.69000244140625,86.76000213623047,87.18000030517578,85.08401489257812,10202900,nke
2019-09-25,91.77999877929688,92.79000091552734,90.1500015258789,90.80999755859375,88.62674713134766,25330700,nke
2019-09-26,91.62000274658203,92.44999694824219,90.25,92.16999816894531,89.95405578613281,10408300,nke
2019-09-27,91.8499984741211,92.86000061035156,91.5999984741211,92.30999755859375,90.0906753540039,6420500,nke
2019-09-30,92.52999877929688,94.08000183105469,92.5,93.91999816894531,91.66197204589844,7401200,nke
2019-10-01,94.12999725341797,94.75,92.05999755859375,92.27999877929688,90.0614013671875,8464900,nke
2019-10-02,91.47000122070312,91.83999633789062,90.56999969482422,91.48999786376953,89.29039001464844,6933900,nke
2019-10-03,91.30999755859375,92.31999969482422,90.3499984741211,92.22000122070312,90.00284576416016,5762300,nke
2019-10-04,92.22000122070312,93.16999816894531,91.93000030517578,93.06999969482422,90.83241271972656,4551400,nke
2019-10-07,92.5,93.91999816894531,92.4000015258789,93.16999816894531,90.92999267578125,4975400,nke
2019-10-08,90.44999694824219,92.70999908447266,90.41000366210938,91.75,89.54412841796875,6916800,nke
2019-10-09,92.41000366210938,93.05000305175781,91.81999969482422,92.5199966430664,90.29562377929688,5115900,nke
2019-10-10,93.5,93.5,92.72000122070312,93.0,90.76409149169922,5794100,nke
2019-10-11,94.0,94.56999969482422,93.55999755859375,93.87999725341797,91.62293243408203,6220100,nke
2019-10-14,94.19999694824219,95.25,94.05000305175781,94.87999725341797,92.59889221191406,4636000,nke
2019-10-15,95.0,95.18000030517578,94.12000274658203,94.79000091552734,92.51106262207031,4292500,nke
2019-10-16,94.08999633789062,95.13999938964844,94.06999969482422,94.87999725341797,92.59889221191406,4883300,nke
2019-10-17,95.56999969482422,95.88999938964844,94.97000122070312,95.55999755859375,93.26254272460938,3427400,nke
2019-10-18,94.80999755859375,96.45999908447266,94.80000305175781,96.0999984741211,93.78955841064453,6209200,nke
2019-10-21,96.61000061035156,96.87000274658203,95.41999816894531,96.22000122070312,93.90666961669922,5185800,nke
2019-10-22,96.05999755859375,96.83000183105469,95.5199966430664,95.5999984741211,93.30156707763672,5470100,nke
2019-10-23,95.02999877929688,95.54000091552734,92.12000274658203,92.31999969482422,90.10043334960938,11933600,nke
2019-10-24,92.68000030517578,92.87000274658203,90.98999786376953,91.5,89.30016326904297,12085800,nke
2019-10-25,91.44000244140625,91.83000183105469,90.75,90.91999816894531,88.73410034179688,8147200,nke
2019-10-28,91.05999755859375,91.30000305175781,90.16999816894531,90.8499984741211,88.66577911376953,10304700,nke
2019-10-29,90.8499984741211,90.91999816894531,89.12999725341797,89.27999877929688,87.1335220336914,9044700,nke
2019-10-30,89.44999694824219,90.2699966430664,89.3499984741211,90.19000244140625,88.02164459228516,8127500,nke
2019-10-31,90.0,90.41000366210938,88.94000244140625,89.55000305175781,87.39704132080078,6752000,nke
2019-11-01,90.18000030517578,90.52999877929688,89.0,89.18000030517578,87.03594207763672,5263600,nke
2019-11-04,90.12999725341797,90.55999755859375,89.31999969482422,89.86000061035156,87.69957733154297,8161200,nke
2019-11-05,90.1500015258789,90.33999633789062,89.54000091552734,89.87999725341797,87.7190933227539,5589700,nke
2019-11-06,90.63999938964844,90.72000122070312,88.73999786376953,89.4800033569336,87.32872009277344,7033800,nke
2019-11-07,90.47000122070312,90.5999984741211,89.7699966430664,90.4000015258789,88.22660827636719,7110000,nke
2019-11-08,90.27999877929688,90.3499984741211,89.29000091552734,89.80999755859375,87.6507797241211,4555400,nke
2019-11-11,89.37000274658203,90.0999984741211,89.37000274658203,90.05000305175781,87.88501739501953,3247300,nke
2019-11-12,90.30999755859375,92.02999877929688,89.48999786376953,89.5,87.34823608398438,3979600,nke
2019-11-13,89.7300033569336,91.55000305175781,89.56999969482422,91.29000091552734,89.09519958496094,5923600,nke
2019-11-14,91.48999786376953,91.95999908447266,90.72000122070312,91.2699966430664,89.07567596435547,6035300,nke
2019-11-15,92.13999938964844,93.55999755859375,91.95999908447266,93.04000091552734,90.80313873291016,6785500,nke
2019-11-18,93.5,94.26000213623047,92.91000366210938,94.18000030517578,91.91571807861328,6165600,nke
2019-11-19,94.61000061035156,95.12000274658203,93.05999755859375,93.61000061035156,91.35940551757812,5368400,nke
2019-11-20,94.11000061035156,94.4000015258789,92.7699966430664,93.05000305175781,90.8128890991211,6235400,nke
2019-11-21,92.62000274658203,93.30000305175781,92.06999969482422,92.16000366210938,89.94429016113281,5493100,nke
2019-11-22,92.20999908447266,93.3499984741211,91.93000030517578,93.33999633789062,91.09590911865234,4264400,nke
2019-11-25,93.77999877929688,93.97000122070312,92.73999786376953,92.9000015258789,90.66650390625,5419700,nke
2019-11-26,93.37999725341797,93.62999725341797,93.0199966430664,93.33000183105469,91.08615112304688,5907400,nke
2019-11-27,93.5,94.37999725341797,93.5,94.13999938964844,91.8766860961914,4017400,nke
2019-11-29,94.37000274658203,94.61000061035156,93.38999938964844,93.48999786376953,91.48038482666016,2541800,nke
2019-12-02,94.08999633789062,94.27999877929688,92.9800033569336,93.55999755859375,91.54888153076172,3892000,nke
2019-12-03,92.4800033569336,92.55000305175781,91.30999755859375,92.45999908447266,90.47252655029297,5570700,nke
2019-12-04,92.80999755859375,93.79000091552734,92.7300033569336,93.72000122070312,91.7054443359375,4456400,nke
2019-12-05,95.87999725341797,95.94999694824219,94.68000030517578,95.79000091552734,93.73094177246094,6946000,nke
2019-12-06,96.55999755859375,97.30999755859375,96.37999725341797,97.0,94.91493225097656,6368500,nke
2019-12-09,97.0199966430664,97.62999725341797,96.16000366210938,96.62999725341797,94.55289459228516,6517800,nke
2019-12-10,96.76000213623047,97.58999633789062,96.62999725341797,97.01000213623047,94.92472076416016,4234300,nke
2019-12-11,96.9000015258789,97.31999969482422,96.6500015258789,97.18000030517578,95.091064453125,4319700,nke
2019-12-12,97.31999969482422,98.18000030517578,96.9000015258789,97.72000122070312,95.61946868896484,4762800,nke
2019-12-13,97.43000030517578,98.29000091552734,96.91000366210938,97.7699966430664,95.66838073730469,5247600,nke
2019-12-16,98.13999938964844,99.33999633789062,98.05999755859375,98.80999755859375,96.68601989746094,8211300,nke
2019-12-17,99.37999725341797,100.16999816894531,99.05000305175781,99.6500015258789,97.50798034667969,7050700,nke
2019-12-18,100.19999694824219,100.79000091552734,99.58000183105469,100.56999969482422,98.408203125,7332000,nke
2019-12-19,100.5,101.2699966430664,99.62999725341797,101.1500015258789,98.97574615478516,12214500,nke
2019-12-20,101.0,101.4000015258789,98.8499984741211,99.95999908447266,97.81131744384766,17641600,nke
2019-12-23,100.2300033569336,100.69000244140625,99.55000305175781,100.04000091552734,97.88959503173828,6350500,nke
2019-12-24,99.83000183105469,100.66000366210938,99.76000213623047,100.13999938964844,97.98743438720703,3328100,nke
2019-12-26,100.33999633789062,100.75,100.11000061035156,100.70999908447266,98.5451889038086,3709900,nke
2019-12-27,101.0,101.79000091552734,100.98999786376953,101.56999969482422,99.38671875,5307500,nke
2019-12-30,101.54000091552734,101.61000061035156,100.45999908447266,100.80000305175781,98.63325500488281,3495200,nke
2019-12-31,100.58000183105469,101.38999938964844,100.51000213623047,101.30999755859375,99.13228607177734,3213600,nke
