date,ibm,score
2017-01-01,0.2425,0.2425
2017-01-02,0.4625,0.4625
2017-01-03,0.59875,0.59875
2017-01-04,0.6570833333333332,0.6570833333333332
2017-01-05,0.67,0.67
2017-01-06,0.6495833333333333,0.6495833333333333
2017-01-07,0.32333333333333336,0.32333333333333336
2017-01-08,0.29760000000000003,0.29760000000000003
2017-01-09,0.5945833333333334,0.5945833333333334
2017-01-10,0.62375,0.62375
2017-01-11,0.6804166666666667,0.6804166666666667
2017-01-12,0.6808333333333333,0.6808333333333333
2017-01-13,0.6,0.6
2017-01-14,0.2941666666666667,0.2941666666666667
2017-01-15,0.2444,0.2444
2017-01-16,0.46375,0.46375
2017-01-17,0.52125,0.52125
2017-01-18,0.53375,0.53375
2017-01-19,0.5754166666666667,0.5754166666666667
2017-01-20,0.5141666666666667,0.5141666666666667
2017-01-21,0.2658333333333333,0.2658333333333333
2017-01-22,0.2964,0.2964
2017-01-23,0.6770833333333333,0.6770833333333333
2017-01-24,0.67875,0.67875
2017-01-25,0.6941666666666667,0.6941666666666667
2017-01-26,0.6216666666666666,0.6216666666666666
2017-01-27,0.6004166666666666,0.6004166666666666
2017-01-28,0.26875,0.26875
2017-01-29,0.3028,0.3028
2017-01-30,0.6270833333333333,0.6270833333333333
2017-01-31,0.7179166666666668,0.7179166666666668
2017-02-01,0.6825,0.6825
2017-02-02,0.7145833333333332,0.7145833333333332
2017-02-03,0.6891666666666667,0.6891666666666667
2017-02-04,0.35083333333333333,0.35083333333333333
2017-02-05,0.27399999999999997,0.27399999999999997
2017-02-06,0.6,0.6
2017-02-07,0.6304166666666666,0.6304166666666666
2017-02-08,0.6420833333333333,0.6420833333333333
2017-02-09,0.6479166666666667,0.6479166666666667
2017-02-10,0.5775,0.5775
2017-02-11,0.29333333333333333,0.29333333333333333
2017-02-12,0.2768,0.2768
2017-02-13,0.6133333333333334,0.6133333333333334
2017-02-14,0.6558333333333333,0.6558333333333333
2017-02-15,0.6404166666666667,0.6404166666666667
2017-02-16,0.6595833333333333,0.6595833333333333
2017-02-17,0.5995833333333334,0.5995833333333334
2017-02-18,0.29875,0.29875
2017-02-19,0.2704,0.2704
2017-02-20,0.5445833333333333,0.5445833333333333
2017-02-21,0.60375,0.60375
2017-02-22,0.6125,0.6125
2017-02-23,0.6695833333333333,0.6695833333333333
2017-02-24,0.55,0.55
2017-02-25,0.29541666666666666,0.29541666666666666
2017-02-26,0.3176,0.3176
2017-02-27,0.6595833333333333,0.6595833333333333
2017-02-28,0.6895833333333333,0.6895833333333333
2017-03-01,0.6645833333333333,0.6645833333333333
2017-03-02,0.695,0.695
2017-03-03,0.6266666666666666,0.6266666666666666
2017-03-04,0.29833333333333334,0.29833333333333334
2017-03-05,0.2872,0.2872
2017-03-06,0.6508333333333333,0.6508333333333333
2017-03-07,0.7204166666666667,0.7204166666666667
2017-03-08,0.6825,0.6825
2017-03-09,0.6883333333333332,0.6883333333333332
2017-03-10,0.6020833333333333,0.6020833333333333
2017-03-11,0.3141666666666667,0.3141666666666667
2017-03-12,0.2792,0.2792
2017-03-13,0.6354166666666666,0.6354166666666666
2017-03-14,0.6725,0.6725
2017-03-15,0.6520833333333332,0.6520833333333332
2017-03-16,0.68125,0.68125
2017-03-17,0.5925,0.5925
2017-03-18,0.33875,0.33875
2017-03-19,0.2868,0.2868
2017-03-20,0.6016666666666667,0.6016666666666667
2017-03-21,0.6920833333333333,0.6920833333333333
2017-03-22,0.6904166666666667,0.6904166666666667
2017-03-23,0.6433333333333333,0.6433333333333333
2017-03-24,0.5783333333333334,0.5783333333333334
2017-03-25,0.2995833333333333,0.2995833333333333
2017-03-26,0.30519999999999997,0.30519999999999997
2017-03-27,0.7070833333333333,0.7070833333333333
2017-03-28,0.7079166666666667,0.7079166666666667
2017-03-29,0.6945833333333333,0.6945833333333333
2017-03-30,0.70625,0.70625
2017-03-31,0.6533333333333333,0.6533333333333333
2017-04-01,0.3041666666666667,0.3041666666666667
2017-04-02,0.2772,0.2772
2017-04-03,0.57625,0.57625
2017-04-04,0.6229166666666667,0.6229166666666667
2017-04-05,0.6395833333333334,0.6395833333333334
2017-04-06,0.6716666666666667,0.6716666666666667
2017-04-07,0.555,0.555
2017-04-08,0.2875,0.2875
2017-04-09,0.306,0.306
2017-04-10,0.6016666666666667,0.6016666666666667
2017-04-11,0.6333333333333333,0.6333333333333333
2017-04-12,0.635,0.635
2017-04-13,0.6,0.6
2017-04-14,0.39583333333333337,0.39583333333333337
2017-04-15,0.27,0.27
2017-04-16,0.23399999999999999,0.23399999999999999
2017-04-17,0.4379166666666666,0.4379166666666666
2017-04-18,0.56125,0.56125
2017-04-19,0.6416666666666667,0.6416666666666667
2017-04-20,0.59875,0.59875
2017-04-21,0.49416666666666664,0.49416666666666664
2017-04-22,0.24375,0.24375
2017-04-23,0.2968,0.2968
2017-04-24,0.6870833333333333,0.6870833333333333
2017-04-25,0.685,0.685
2017-04-26,0.69625,0.69625
2017-04-27,0.6475,0.6475
2017-04-28,0.59125,0.59125
2017-04-29,0.32458333333333333,0.32458333333333333
2017-04-30,0.272,0.272
2017-05-01,0.48583333333333334,0.48583333333333334
2017-05-02,0.6320833333333333,0.6320833333333333
2017-05-03,0.6604166666666668,0.6604166666666668
2017-05-04,0.6429166666666667,0.6429166666666667
2017-05-05,0.7191666666666667,0.7191666666666667
2017-05-06,0.33291666666666664,0.33291666666666664
2017-05-07,0.3456,0.3456
2017-05-08,0.6895833333333333,0.6895833333333333
2017-05-09,0.7295833333333333,0.7295833333333333
2017-05-10,0.66,0.66
2017-05-11,0.66875,0.66875
2017-05-12,0.6433333333333333,0.6433333333333333
2017-05-13,0.3175,0.3175
2017-05-14,0.2664,0.2664
2017-05-15,0.5479166666666666,0.5479166666666666
2017-05-16,0.6529166666666667,0.6529166666666667
2017-05-17,0.6245833333333334,0.6245833333333334
2017-05-18,0.66125,0.66125
2017-05-19,0.5933333333333334,0.5933333333333334
2017-05-20,0.29583333333333334,0.29583333333333334
2017-05-21,0.28,0.28
2017-05-22,0.6333333333333333,0.6333333333333333
2017-05-23,0.6475,0.6475
2017-05-24,0.6483333333333333,0.6483333333333333
2017-05-25,0.5845833333333333,0.5845833333333333
2017-05-26,0.5433333333333333,0.5433333333333333
2017-05-27,0.295,0.295
2017-05-28,0.2444,0.2444
2017-05-29,0.5391666666666667,0.5391666666666667
2017-05-30,0.6495833333333333,0.6495833333333333
2017-05-31,0.665,0.665
2017-06-01,0.6608333333333333,0.6608333333333333
2017-06-02,0.61375,0.61375
2017-06-03,0.30791666666666667,0.30791666666666667
2017-06-04,0.2888,0.2888
2017-06-05,0.5545833333333333,0.5545833333333333
2017-06-06,0.6341666666666667,0.6341666666666667
2017-06-07,0.6354166666666666,0.6354166666666666
2017-06-08,0.6570833333333332,0.6570833333333332
2017-06-09,0.5670833333333334,0.5670833333333334
2017-06-10,0.27125,0.27125
2017-06-11,0.2376,0.2376
2017-06-12,0.6041666666666666,0.6041666666666666
2017-06-13,0.6575,0.6575
2017-06-14,0.6329166666666667,0.6329166666666667
2017-06-15,0.665,0.665
2017-06-16,0.56,0.56
2017-06-17,0.27,0.27
2017-06-18,0.2872,0.2872
2017-06-19,0.6291666666666667,0.6291666666666667
2017-06-20,0.6533333333333333,0.6533333333333333
2017-06-21,0.6254166666666666,0.6254166666666666
2017-06-22,0.6191666666666666,0.6191666666666666
2017-06-23,0.5595833333333333,0.5595833333333333
2017-06-24,0.2825,0.2825
2017-06-25,0.2824,0.2824
2017-06-26,0.59625,0.59625
2017-06-27,0.6895833333333333,0.6895833333333333
2017-06-28,0.65625,0.65625
2017-06-29,0.6529166666666667,0.6529166666666667
2017-06-30,0.5745833333333333,0.5745833333333333
2017-07-01,0.27625,0.27625
2017-07-02,0.26839999999999997,0.26839999999999997
2017-07-03,0.6195833333333334,0.6195833333333334
2017-07-04,0.6445833333333333,0.6445833333333333
2017-07-05,0.6891666666666667,0.6891666666666667
2017-07-06,0.7216666666666667,0.7216666666666667
2017-07-07,0.63125,0.63125
2017-07-08,0.29,0.29
2017-07-09,0.31079999999999997,0.31079999999999997
2017-07-10,0.64125,0.64125
2017-07-11,0.6933333333333332,0.6933333333333332
2017-07-12,0.7091666666666667,0.7091666666666667
2017-07-13,0.7266666666666667,0.7266666666666667
2017-07-14,0.6254166666666666,0.6254166666666666
2017-07-15,0.33958333333333335,0.33958333333333335
2017-07-16,0.2108,0.2108
2017-07-17,0.4091666666666666,0.4091666666666666
2017-07-18,0.5391666666666667,0.5391666666666667
2017-07-19,0.56125,0.56125
2017-07-20,0.45583333333333337,0.45583333333333337
2017-07-21,0.45333333333333337,0.45333333333333337
2017-07-22,0.19708333333333333,0.19708333333333333
2017-07-23,0.2564,0.2564
2017-07-24,0.5804166666666667,0.5804166666666667
2017-07-25,0.6304166666666666,0.6304166666666666
2017-07-26,0.6254166666666666,0.6254166666666666
2017-07-27,0.6345833333333334,0.6345833333333334
2017-07-28,0.55125,0.55125
2017-07-29,0.25125,0.25125
2017-07-30,0.268,0.268
2017-07-31,0.6416666666666667,0.6416666666666667
2017-08-01,0.6420833333333333,0.6420833333333333
2017-08-02,0.6691666666666667,0.6691666666666667
2017-08-03,0.6808333333333333,0.6808333333333333
2017-08-04,0.61375,0.61375
2017-08-05,0.2891666666666667,0.2891666666666667
2017-08-06,0.2712,0.2712
2017-08-07,0.5679166666666666,0.5679166666666666
2017-08-08,0.6625,0.6625
2017-08-09,0.6691666666666667,0.6691666666666667
2017-08-10,0.6604166666666668,0.6604166666666668
2017-08-11,0.5591666666666666,0.5591666666666666
2017-08-12,0.2866666666666667,0.2866666666666667
2017-08-13,0.2452,0.2452
2017-08-14,0.58375,0.58375
2017-08-15,0.6225,0.6225
2017-08-16,0.6820833333333333,0.6820833333333333
2017-08-17,0.6445833333333333,0.6445833333333333
2017-08-18,0.5825,0.5825
2017-08-19,0.3158333333333333,0.3158333333333333
2017-08-20,0.2536,0.2536
2017-08-21,0.5225,0.5225
2017-08-22,0.6225,0.6225
2017-08-23,0.6404166666666667,0.6404166666666667
2017-08-24,0.65625,0.65625
2017-08-25,0.5525,0.5525
2017-08-26,0.2925,0.2925
2017-08-27,0.2504,0.2504
2017-08-28,0.6470833333333332,0.6470833333333332
2017-08-29,0.7129166666666668,0.7129166666666668
2017-08-30,0.7008333333333333,0.7008333333333333
2017-08-31,0.6970833333333333,0.6970833333333333
2017-09-01,0.6,0.6
2017-09-02,0.3120833333333333,0.3120833333333333
2017-09-03,0.2772,0.2772
2017-09-04,0.5079166666666667,0.5079166666666667
2017-09-05,0.5845833333333333,0.5845833333333333
2017-09-06,0.6433333333333333,0.6433333333333333
2017-09-07,0.6191666666666666,0.6191666666666666
2017-09-08,0.6020833333333333,0.6020833333333333
2017-09-09,0.2841666666666667,0.2841666666666667
2017-09-10,0.3272,0.3272
2017-09-11,0.6345833333333334,0.6345833333333334
2017-09-12,0.675,0.675
2017-09-13,0.6795833333333333,0.6795833333333333
2017-09-14,0.6979166666666667,0.6979166666666667
2017-09-15,0.6133333333333334,0.6133333333333334
2017-09-16,0.27708333333333335,0.27708333333333335
2017-09-17,0.32,0.32
2017-09-18,0.6170833333333333,0.6170833333333333
2017-09-19,0.7041666666666667,0.7041666666666667
2017-09-20,0.6520833333333332,0.6520833333333332
2017-09-21,0.6670833333333333,0.6670833333333333
2017-09-22,0.6425,0.6425
2017-09-23,0.30083333333333334,0.30083333333333334
2017-09-24,0.2692,0.2692
2017-09-25,0.56875,0.56875
2017-09-26,0.6120833333333333,0.6120833333333333
2017-09-27,0.5858333333333333,0.5858333333333333
2017-09-28,0.56875,0.56875
2017-09-29,0.5004166666666666,0.5004166666666666
2017-09-30,0.24375,0.24375
2017-10-01,0.3048,0.3048
2017-10-02,0.6391666666666667,0.6391666666666667
2017-10-03,0.6920833333333333,0.6920833333333333
2017-10-04,0.6933333333333332,0.6933333333333332
2017-10-05,0.7283333333333333,0.7283333333333333
2017-10-06,0.6791666666666667,0.6791666666666667
2017-10-07,0.33125,0.33125
2017-10-08,0.3348,0.3348
2017-10-09,0.6308333333333334,0.6308333333333334
2017-10-10,0.70375,0.70375
2017-10-11,0.7708333333333333,0.7708333333333333
2017-10-12,0.71375,0.71375
2017-10-13,0.5958333333333333,0.5958333333333333
2017-10-14,0.30833333333333335,0.30833333333333335
2017-10-15,0.214,0.214
2017-10-16,0.48625,0.48625
2017-10-17,0.5679166666666666,0.5679166666666666
2017-10-18,0.6729166666666667,0.6729166666666667
2017-10-19,0.5229166666666667,0.5229166666666667
2017-10-20,0.4370833333333334,0.4370833333333334
2017-10-21,0.21916666666666668,0.21916666666666668
2017-10-22,0.2824,0.2824
2017-10-23,0.6183333333333334,0.6183333333333334
2017-10-24,0.7166666666666667,0.7166666666666667
2017-10-25,0.6945833333333333,0.6945833333333333
2017-10-26,0.6808333333333333,0.6808333333333333
2017-10-27,0.6220833333333333,0.6220833333333333
2017-10-28,0.29125,0.29125
2017-10-29,0.27440000000000003,0.27440000000000003
2017-10-30,0.62125,0.62125
2017-10-31,0.6241666666666666,0.6241666666666666
2017-11-01,0.61375,0.61375
2017-11-02,0.6591666666666667,0.6591666666666667
2017-11-03,0.5516666666666666,0.5516666666666666
2017-11-04,0.30333333333333334,0.30333333333333334
2017-11-05,0.3404,0.3404
2017-11-06,0.6504166666666668,0.6504166666666668
2017-11-07,0.7191666666666667,0.7191666666666667
2017-11-08,0.7366666666666667,0.7366666666666667
2017-11-09,0.7270833333333333,0.7270833333333333
2017-11-10,0.6133333333333334,0.6133333333333334
2017-11-11,0.32125,0.32125
2017-11-12,0.2988,0.2988
2017-11-13,0.6675,0.6675
2017-11-14,0.6995833333333333,0.6995833333333333
2017-11-15,0.71625,0.71625
2017-11-16,0.7020833333333333,0.7020833333333333
2017-11-17,0.62625,0.62625
2017-11-18,0.3120833333333333,0.3120833333333333
2017-11-19,0.32439999999999997,0.32439999999999997
2017-11-20,0.65625,0.65625
2017-11-21,0.7383333333333333,0.7383333333333333
2017-11-22,0.6608333333333333,0.6608333333333333
2017-11-23,0.5608333333333334,0.5608333333333334
2017-11-24,0.52875,0.52875
2017-11-25,0.31375,0.31375
2017-11-26,0.29719999999999996,0.29719999999999996
2017-11-27,0.6183333333333334,0.6183333333333334
2017-11-28,0.6983333333333333,0.6983333333333333
2017-11-29,0.6895833333333333,0.6895833333333333
2017-11-30,0.6816666666666668,0.6816666666666668
2017-12-01,0.5679166666666666,0.5679166666666666
2017-12-02,0.3358333333333334,0.3358333333333334
2017-12-03,0.3448,0.3448
2017-12-04,0.6904166666666667,0.6904166666666667
2017-12-05,0.7416666666666667,0.7416666666666667
2017-12-06,0.7166666666666667,0.7166666666666667
2017-12-07,0.7054166666666667,0.7054166666666667
2017-12-08,0.5895833333333333,0.5895833333333333
2017-12-09,0.3358333333333334,0.3358333333333334
2017-12-10,0.2908,0.2908
2017-12-11,0.6029166666666667,0.6029166666666667
2017-12-12,0.6820833333333333,0.6820833333333333
2017-12-13,0.6808333333333333,0.6808333333333333
2017-12-14,0.6541666666666667,0.6541666666666667
2017-12-15,0.5945833333333334,0.5945833333333334
2017-12-16,0.32583333333333336,0.32583333333333336
2017-12-17,0.34119999999999995,0.34119999999999995
2017-12-18,0.7433333333333333,0.7433333333333333
2017-12-19,0.7341666666666667,0.7341666666666667
2017-12-20,0.7116666666666667,0.7116666666666667
2017-12-21,0.7125,0.7125
2017-12-22,0.6066666666666667,0.6066666666666667
2017-12-23,0.2975,0.2975
2017-12-24,0.294,0.294
2017-12-25,0.4275,0.4275
2017-12-26,0.59125,0.59125
2017-12-27,0.6120833333333333,0.6120833333333333
2017-12-28,0.6070833333333333,0.6070833333333333
2017-12-29,0.50125,0.50125
2017-12-30,0.32875,0.32875
2017-12-31,0.23920000000000002,0.23920000000000002
2018-01-01,0.25666666666666665,0.25666666666666665
2018-01-02,0.49375,0.49375
2018-01-03,0.61875,0.61875
2018-01-04,0.6716666666666667,0.6716666666666667
2018-01-05,0.6058333333333333,0.6058333333333333
2018-01-06,0.32166666666666666,0.32166666666666666
2018-01-07,0.2688,0.2688
2018-01-08,0.58875,0.58875
2018-01-09,0.6270833333333333,0.6270833333333333
2018-01-10,0.6541666666666667,0.6541666666666667
2018-01-11,0.67875,0.67875
2018-01-12,0.6,0.6
2018-01-13,0.30875,0.30875
2018-01-14,0.17559999999999998,0.17559999999999998
2018-01-15,0.31875,0.31875
2018-01-16,0.3775,0.3775
2018-01-17,0.39,0.39
2018-01-18,0.48375,0.48375
2018-01-19,0.48083333333333333,0.48083333333333333
2018-01-20,0.2016666666666667,0.2016666666666667
2018-01-21,0.3236,0.3236
2018-01-22,0.6516666666666667,0.6516666666666667
2018-01-23,0.6916666666666668,0.6916666666666668
2018-01-24,0.6379166666666667,0.6379166666666667
2018-01-25,0.6375,0.6375
2018-01-26,0.5629166666666666,0.5629166666666666
2018-01-27,0.29583333333333334,0.29583333333333334
2018-01-28,0.2764,0.2764
2018-01-29,0.6166666666666667,0.6166666666666667
2018-01-30,0.6795833333333333,0.6795833333333333
2018-01-31,0.6833333333333332,0.6833333333333332
2018-02-01,0.65,0.65
2018-02-02,0.6033333333333334,0.6033333333333334
2018-02-03,0.3108333333333333,0.3108333333333333
2018-02-04,0.3204,0.3204
2018-02-05,0.6925,0.6925
2018-02-06,0.8041666666666667,0.8041666666666667
2018-02-07,0.705,0.705
2018-02-08,0.7533333333333333,0.7533333333333333
2018-02-09,0.66625,0.66625
2018-02-10,0.325,0.325
2018-02-11,0.3048,0.3048
2018-02-12,0.63875,0.63875
2018-02-13,0.6708333333333333,0.6708333333333333
2018-02-14,0.6866666666666668,0.6866666666666668
2018-02-15,0.7204166666666667,0.7204166666666667
2018-02-16,0.655,0.655
2018-02-17,0.29541666666666666,0.29541666666666666
2018-02-18,0.2664,0.2664
2018-02-19,0.5591666666666666,0.5591666666666666
2018-02-20,0.6420833333333333,0.6420833333333333
2018-02-21,0.635,0.635
2018-02-22,0.6595833333333333,0.6595833333333333
2018-02-23,0.6141666666666666,0.6141666666666666
2018-02-24,0.30875,0.30875
2018-02-25,0.33039999999999997,0.33039999999999997
2018-02-26,0.73375,0.73375
2018-02-27,0.7558333333333332,0.7558333333333332
2018-02-28,0.7575,0.7575
2018-03-01,0.70125,0.70125
2018-03-02,0.6866666666666668,0.6866666666666668
2018-03-03,0.33416666666666667,0.33416666666666667
2018-03-04,0.2704,0.2704
2018-03-05,0.62,0.62
2018-03-06,0.615,0.615
2018-03-07,0.6504166666666668,0.6504166666666668
2018-03-08,0.62625,0.62625
2018-03-09,0.5966666666666667,0.5966666666666667
2018-03-10,0.31,0.31
2018-03-11,0.33640000000000003,0.33640000000000003
2018-03-12,0.69875,0.69875
2018-03-13,0.75,0.75
2018-03-14,0.71375,0.71375
2018-03-15,0.72875,0.72875
2018-03-16,0.6316666666666666,0.6316666666666666
2018-03-17,0.33875,0.33875
2018-03-18,0.2864,0.2864
2018-03-19,0.6670833333333333,0.6670833333333333
2018-03-20,0.7279166666666668,0.7279166666666668
2018-03-21,0.6870833333333333,0.6870833333333333
2018-03-22,0.72875,0.72875
2018-03-23,0.64875,0.64875
2018-03-24,0.3358333333333334,0.3358333333333334
2018-03-25,0.3028,0.3028
2018-03-26,0.7116666666666667,0.7116666666666667
2018-03-27,0.7104166666666667,0.7104166666666667
2018-03-28,0.7283333333333333,0.7283333333333333
2018-03-29,0.6575,0.6575
2018-03-30,0.52,0.52
2018-03-31,0.28875,0.28875
2018-04-01,0.2752,0.2752
2018-04-02,0.545,0.545
2018-04-03,0.6441666666666667,0.6441666666666667
2018-04-04,0.6316666666666666,0.6316666666666666
2018-04-05,0.6358333333333334,0.6358333333333334
2018-04-06,0.5479166666666666,0.5479166666666666
2018-04-07,0.2991666666666667,0.2991666666666667
2018-04-08,0.2752,0.2752
2018-04-09,0.57125,0.57125
2018-04-10,0.6433333333333333,0.6433333333333333
2018-04-11,0.62875,0.62875
2018-04-12,0.6183333333333334,0.6183333333333334
2018-04-13,0.54875,0.54875
2018-04-14,0.26666666666666666,0.26666666666666666
2018-04-15,0.22,0.22
2018-04-16,0.43375,0.43375
2018-04-17,0.5358333333333334,0.5358333333333334
2018-04-18,0.595,0.595
2018-04-19,0.5083333333333333,0.5083333333333333
2018-04-20,0.42708333333333337,0.42708333333333337
2018-04-21,0.22333333333333333,0.22333333333333333
2018-04-22,0.2748,0.2748
2018-04-23,0.6470833333333332,0.6470833333333332
2018-04-24,0.6879166666666667,0.6879166666666667
2018-04-25,0.6533333333333333,0.6533333333333333
2018-04-26,0.6254166666666666,0.6254166666666666
2018-04-27,0.5641666666666666,0.5641666666666666
2018-04-28,0.2920833333333333,0.2920833333333333
2018-04-29,0.3224,0.3224
2018-04-30,0.5408333333333334,0.5408333333333334
2018-05-01,0.5041666666666667,0.5041666666666667
2018-05-02,0.6525,0.6525
2018-05-03,0.635,0.635
2018-05-04,0.6179166666666667,0.6179166666666667
2018-05-05,0.3104166666666667,0.3104166666666667
2018-05-06,0.2776,0.2776
2018-05-07,0.59875,0.59875
2018-05-08,0.6170833333333333,0.6170833333333333
2018-05-09,0.6533333333333333,0.6533333333333333
2018-05-10,0.5845833333333333,0.5845833333333333
2018-05-11,0.5825,0.5825
2018-05-12,0.27875,0.27875
2018-05-13,0.298,0.298
2018-05-14,0.6625,0.6625
2018-05-15,0.7220833333333333,0.7220833333333333
2018-05-16,0.6866666666666668,0.6866666666666668
2018-05-17,0.6875,0.6875
2018-05-18,0.6008333333333333,0.6008333333333333
2018-05-19,0.29875,0.29875
2018-05-20,0.2632,0.2632
2018-05-21,0.5541666666666667,0.5541666666666667
2018-05-22,0.5725,0.5725
2018-05-23,0.6266666666666666,0.6266666666666666
2018-05-24,0.64875,0.64875
2018-05-25,0.55,0.55
2018-05-26,0.2808333333333333,0.2808333333333333
2018-05-27,0.3024,0.3024
2018-05-28,0.5354166666666667,0.5354166666666667
2018-05-29,0.6179166666666667,0.6179166666666667
2018-05-30,0.6791666666666667,0.6791666666666667
2018-05-31,0.6545833333333333,0.6545833333333333
2018-06-01,0.56375,0.56375
2018-06-02,0.30375,0.30375
2018-06-03,0.2812,0.2812
2018-06-04,0.6254166666666666,0.6254166666666666
2018-06-05,0.6633333333333333,0.6633333333333333
2018-06-06,0.6329166666666667,0.6329166666666667
2018-06-07,0.6391666666666667,0.6391666666666667
2018-06-08,0.58875,0.58875
2018-06-09,0.31916666666666665,0.31916666666666665
2018-06-10,0.3212,0.3212
2018-06-11,0.6941666666666667,0.6941666666666667
2018-06-12,0.7379166666666667,0.7379166666666667
2018-06-13,0.695,0.695
2018-06-14,0.6925,0.6925
2018-06-15,0.6258333333333334,0.6258333333333334
2018-06-16,0.31625,0.31625
2018-06-17,0.21239999999999998,0.21239999999999998
2018-06-18,0.5241666666666667,0.5241666666666667
2018-06-19,0.60125,0.60125
2018-06-20,0.6620833333333332,0.6620833333333332
2018-06-21,0.62625,0.62625
2018-06-22,0.54,0.54
2018-06-23,0.2808333333333333,0.2808333333333333
2018-06-24,0.2532,0.2532
2018-06-25,0.61875,0.61875
2018-06-26,0.6704166666666667,0.6704166666666667
2018-06-27,0.6666666666666667,0.6666666666666667
2018-06-28,0.6558333333333333,0.6558333333333333
2018-06-29,0.57375,0.57375
2018-06-30,0.2966666666666667,0.2966666666666667
2018-07-01,0.2368,0.2368
2018-07-02,0.5625,0.5625
2018-07-03,0.5979166666666667,0.5979166666666667
2018-07-04,0.5158333333333334,0.5158333333333334
2018-07-05,0.59125,0.59125
2018-07-06,0.53375,0.53375
2018-07-07,0.24333333333333332,0.24333333333333332
2018-07-08,0.25,0.25
2018-07-09,0.65625,0.65625
2018-07-10,0.6466666666666667,0.6466666666666667
2018-07-11,0.6216666666666666,0.6216666666666666
2018-07-12,0.6616666666666667,0.6616666666666667
2018-07-13,0.6070833333333333,0.6070833333333333
2018-07-14,0.28541666666666665,0.28541666666666665
2018-07-15,0.2132,0.2132
2018-07-16,0.39708333333333334,0.39708333333333334
2018-07-17,0.44416666666666665,0.44416666666666665
2018-07-18,0.5091666666666667,0.5091666666666667
2018-07-19,0.5395833333333333,0.5395833333333333
2018-07-20,0.40541666666666665,0.40541666666666665
2018-07-21,0.1925,0.1925
2018-07-22,0.26039999999999996,0.26039999999999996
2018-07-23,0.6195833333333334,0.6195833333333334
2018-07-24,0.6283333333333334,0.6283333333333334
2018-07-25,0.5991666666666666,0.5991666666666666
2018-07-26,0.6175,0.6175
2018-07-27,0.5779166666666666,0.5779166666666666
2018-07-28,0.2795833333333333,0.2795833333333333
2018-07-29,0.3332,0.3332
2018-07-30,0.7116666666666667,0.7116666666666667
2018-07-31,0.7141666666666667,0.7141666666666667
2018-08-01,0.7045833333333333,0.7045833333333333
2018-08-02,0.6916666666666668,0.6916666666666668
2018-08-03,0.6920833333333333,0.6920833333333333
2018-08-04,0.35375,0.35375
2018-08-05,0.3204,0.3204
2018-08-06,0.6883333333333332,0.6883333333333332
2018-08-07,0.6966666666666668,0.6966666666666668
2018-08-08,0.6675,0.6675
2018-08-09,0.6791666666666667,0.6791666666666667
2018-08-10,0.61875,0.61875
2018-08-11,0.3441666666666666,0.3441666666666666
2018-08-12,0.2944,0.2944
2018-08-13,0.6120833333333333,0.6120833333333333
2018-08-14,0.65375,0.65375
2018-08-15,0.5691666666666666,0.5691666666666666
2018-08-16,0.6716666666666667,0.6716666666666667
2018-08-17,0.6104166666666666,0.6104166666666666
2018-08-18,0.3145833333333333,0.3145833333333333
2018-08-19,0.256,0.256
2018-08-20,0.5704166666666667,0.5704166666666667
2018-08-21,0.5808333333333333,0.5808333333333333
2018-08-22,0.6329166666666667,0.6329166666666667
2018-08-23,0.6129166666666667,0.6129166666666667
2018-08-24,0.5104166666666666,0.5104166666666666
2018-08-25,0.2758333333333333,0.2758333333333333
2018-08-26,0.2876,0.2876
2018-08-27,0.64,0.64
2018-08-28,0.6791666666666667,0.6791666666666667
2018-08-29,0.6491666666666667,0.6491666666666667
2018-08-30,0.6495833333333333,0.6495833333333333
2018-08-31,0.5629166666666666,0.5629166666666666
2018-09-01,0.3158333333333333,0.3158333333333333
2018-09-02,0.2516,0.2516
2018-09-03,0.5391666666666667,0.5391666666666667
2018-09-04,0.6525,0.6525
2018-09-05,0.6641666666666667,0.6641666666666667
2018-09-06,0.6470833333333332,0.6470833333333332
2018-09-07,0.6208333333333333,0.6208333333333333
2018-09-08,0.29833333333333334,0.29833333333333334
2018-09-09,0.292,0.292
2018-09-10,0.6616666666666667,0.6616666666666667
2018-09-11,0.6808333333333333,0.6808333333333333
2018-09-12,0.6841666666666667,0.6841666666666667
2018-09-13,0.6829166666666667,0.6829166666666667
2018-09-14,0.61375,0.61375
2018-09-15,0.29833333333333334,0.29833333333333334
2018-09-16,0.324,0.324
2018-09-17,0.5979166666666667,0.5979166666666667
2018-09-18,0.6791666666666667,0.6791666666666667
2018-09-19,0.6483333333333333,0.6483333333333333
2018-09-20,0.63875,0.63875
2018-09-21,0.57875,0.57875
2018-09-22,0.29375,0.29375
2018-09-23,0.2708,0.2708
2018-09-24,0.58,0.58
2018-09-25,0.6170833333333333,0.6170833333333333
2018-09-26,0.66625,0.66625
2018-09-27,0.6433333333333333,0.6433333333333333
2018-09-28,0.5816666666666667,0.5816666666666667
2018-09-29,0.29875,0.29875
2018-09-30,0.2868,0.2868
2018-10-01,0.60625,0.60625
2018-10-02,0.6370833333333333,0.6370833333333333
2018-10-03,0.6775,0.6775
2018-10-04,0.6754166666666667,0.6754166666666667
2018-10-05,0.6216666666666666,0.6216666666666666
2018-10-06,0.29791666666666666,0.29791666666666666
2018-10-07,0.2304,0.2304
2018-10-08,0.45791666666666664,0.45791666666666664
2018-10-09,0.5925,0.5925
2018-10-10,0.5758333333333333,0.5758333333333333
2018-10-11,0.5816666666666667,0.5816666666666667
2018-10-12,0.5016666666666666,0.5016666666666666
2018-10-13,0.27166666666666667,0.27166666666666667
2018-10-14,0.17600000000000002,0.17600000000000002
2018-10-15,0.40458333333333335,0.40458333333333335
2018-10-16,0.5229166666666667,0.5229166666666667
2018-10-17,0.50375,0.50375
2018-10-18,0.45375,0.45375
2018-10-19,0.3695833333333334,0.3695833333333334
2018-10-20,0.18208333333333332,0.18208333333333332
2018-10-21,0.2956,0.2956
2018-10-22,0.6816666666666668,0.6816666666666668
2018-10-23,0.6916666666666668,0.6916666666666668
2018-10-24,0.695,0.695
2018-10-25,0.69875,0.69875
2018-10-26,0.6033333333333334,0.6033333333333334
2018-10-27,0.29875,0.29875
2018-10-28,0.2768,0.2768
2018-10-29,0.7541666666666668,0.7541666666666668
2018-10-30,0.4708333333333334,0.4708333333333334
2018-10-31,0.39416666666666667,0.39416666666666667
2018-11-01,0.32666666666666666,0.32666666666666666
2018-11-02,0.29833333333333334,0.29833333333333334
2018-11-03,0.18625,0.18625
2018-11-04,0.2764,0.2764
2018-11-05,0.6166666666666667,0.6166666666666667
2018-11-06,0.6529166666666667,0.6529166666666667
2018-11-07,0.6341666666666667,0.6341666666666667
2018-11-08,0.615,0.615
2018-11-09,0.5770833333333334,0.5770833333333334
2018-11-10,0.25375,0.25375
2018-11-11,0.2164,0.2164
2018-11-12,0.56125,0.56125
2018-11-13,0.6166666666666667,0.6166666666666667
2018-11-14,0.6091666666666666,0.6091666666666666
2018-11-15,0.5841666666666666,0.5841666666666666
2018-11-16,0.5041666666666667,0.5041666666666667
2018-11-17,0.2845833333333333,0.2845833333333333
2018-11-18,0.33520000000000005,0.33520000000000005
2018-11-19,0.7004166666666667,0.7004166666666667
2018-11-20,0.7604166666666667,0.7604166666666667
2018-11-21,0.7033333333333333,0.7033333333333333
2018-11-22,0.6066666666666667,0.6066666666666667
2018-11-23,0.54875,0.54875
2018-11-24,0.36666666666666664,0.36666666666666664
2018-11-25,0.2948,0.2948
2018-11-26,0.5833333333333334,0.5833333333333334
2018-11-27,0.6575,0.6575
2018-11-28,0.6525,0.6525
2018-11-29,0.6508333333333333,0.6508333333333333
2018-11-30,0.6341666666666667,0.6341666666666667
2018-12-01,0.32541666666666663,0.32541666666666663
2018-12-02,0.29719999999999996,0.29719999999999996
2018-12-03,0.6583333333333333,0.6583333333333333
2018-12-04,0.68375,0.68375
2018-12-05,0.655,0.655
2018-12-06,0.6875,0.6875
2018-12-07,0.6508333333333333,0.6508333333333333
2018-12-08,0.36458333333333337,0.36458333333333337
2018-12-09,0.324,0.324
2018-12-10,0.6629166666666667,0.6629166666666667
2018-12-11,0.6879166666666667,0.6879166666666667
2018-12-12,0.7116666666666667,0.7116666666666667
2018-12-13,0.7133333333333333,0.7133333333333333
2018-12-14,0.6133333333333334,0.6133333333333334
2018-12-15,0.27,0.27
2018-12-16,0.3044,0.3044
2018-12-17,0.6616666666666667,0.6616666666666667
2018-12-18,0.7454166666666667,0.7454166666666667
2018-12-19,0.7420833333333333,0.7420833333333333
2018-12-20,0.6733333333333333,0.6733333333333333
2018-12-21,0.6745833333333333,0.6745833333333333
2018-12-22,0.35083333333333333,0.35083333333333333
2018-12-23,0.2924,0.2924
2018-12-24,0.4016666666666666,0.4016666666666666
2018-12-25,0.34708333333333335,0.34708333333333335
2018-12-26,0.49875,0.49875
2018-12-27,0.5741666666666666,0.5741666666666666
2018-12-28,0.5316666666666666,0.5316666666666666
2018-12-29,0.32,0.32
2018-12-30,0.264,0.264
2018-12-31,0.36541666666666667,0.36541666666666667
2019-01-01,0.33791666666666664,0.33791666666666664
2019-01-02,0.5870833333333334,0.5870833333333334
2019-01-03,0.6320833333333333,0.6320833333333333
2019-01-04,0.66625,0.66625
2019-01-05,0.3804166666666666,0.3804166666666666
2019-01-06,0.2468,0.2468
2019-01-07,0.5325,0.5325
2019-01-08,0.64625,0.64625
2019-01-09,0.6745833333333333,0.6745833333333333
2019-01-10,0.6783333333333332,0.6783333333333332
2019-01-11,0.5816666666666667,0.5816666666666667
2019-01-12,0.29041666666666666,0.29041666666666666
2019-01-13,0.292,0.292
2019-01-14,0.5129166666666667,0.5129166666666667
2019-01-15,0.54375,0.54375
2019-01-16,0.6104166666666666,0.6104166666666666
2019-01-17,0.5654166666666667,0.5654166666666667
2019-01-18,0.5191666666666667,0.5191666666666667
2019-01-19,0.24791666666666667,0.24791666666666667
2019-01-20,0.2316,0.2316
2019-01-21,0.39083333333333337,0.39083333333333337
2019-01-22,0.5466666666666666,0.5466666666666666
2019-01-23,0.5891666666666666,0.5891666666666666
2019-01-24,0.51,0.51
2019-01-25,0.41666666666666663,0.41666666666666663
2019-01-26,0.18791666666666668,0.18791666666666668
2019-01-27,0.29359999999999997,0.29359999999999997
2019-01-28,0.5925,0.5925
2019-01-29,0.58125,0.58125
2019-01-30,0.59375,0.59375
2019-01-31,0.5741666666666666,0.5741666666666666
2019-02-01,0.54875,0.54875
2019-02-02,0.2791666666666667,0.2791666666666667
2019-02-03,0.1884,0.1884
2019-02-04,0.41875,0.41875
2019-02-05,0.4454166666666666,0.4454166666666666
2019-02-06,0.44916666666666666,0.44916666666666666
2019-02-07,0.44833333333333336,0.44833333333333336
2019-02-08,0.47125,0.47125
2019-02-09,0.2054166666666667,0.2054166666666667
2019-02-10,0.2832,0.2832
2019-02-11,0.5408333333333334,0.5408333333333334
2019-02-12,0.5458333333333334,0.5458333333333334
2019-02-13,0.6041666666666666,0.6041666666666666
2019-02-14,0.6166666666666667,0.6166666666666667
2019-02-15,0.555,0.555
2019-02-16,0.2775,0.2775
2019-02-17,0.2544,0.2544
2019-02-18,0.5591666666666666,0.5591666666666666
2019-02-19,0.6420833333333333,0.6420833333333333
2019-02-20,0.67125,0.67125
2019-02-21,0.6295833333333334,0.6295833333333334
2019-02-22,0.6270833333333333,0.6270833333333333
2019-02-23,0.40041666666666664,0.40041666666666664
2019-02-24,0.344,0.344
2019-02-25,0.6133333333333334,0.6133333333333334
2019-02-26,0.6929166666666667,0.6929166666666667
2019-02-27,0.6454166666666667,0.6454166666666667
2019-02-28,0.6525,0.6525
2019-03-01,0.5858333333333333,0.5858333333333333
2019-03-02,0.35208333333333336,0.35208333333333336
2019-03-03,0.2084,0.2084
2019-03-04,0.42875,0.42875
2019-03-05,0.48291666666666666,0.48291666666666666
2019-03-06,0.45291666666666663,0.45291666666666663
2019-03-07,0.47916666666666663,0.47916666666666663
2019-03-08,0.4083333333333334,0.4083333333333334
2019-03-09,0.215,0.215
2019-03-10,0.248,0.248
2019-03-11,0.49166666666666664,0.49166666666666664
2019-03-12,0.58,0.58
2019-03-13,0.5545833333333333,0.5545833333333333
2019-03-14,0.535,0.535
2019-03-15,0.49375,0.49375
2019-03-16,0.2708333333333333,0.2708333333333333
2019-03-17,0.3256,0.3256
2019-03-18,0.6908333333333333,0.6908333333333333
2019-03-19,0.7408333333333332,0.7408333333333332
2019-03-20,0.7391666666666667,0.7391666666666667
2019-03-21,0.6629166666666667,0.6629166666666667
2019-03-22,0.645,0.645
2019-03-23,0.31666666666666665,0.31666666666666665
2019-03-24,0.28,0.28
2019-03-25,0.5829166666666666,0.5829166666666666
2019-03-26,0.5883333333333334,0.5883333333333334
2019-03-27,0.6075,0.6075
2019-03-28,0.6095833333333334,0.6095833333333334
2019-03-29,0.5266666666666666,0.5266666666666666
2019-03-30,0.3183333333333333,0.3183333333333333
2019-03-31,0.2968,0.2968
2019-04-01,0.60875,0.60875
2019-04-02,0.6633333333333333,0.6633333333333333
2019-04-03,0.6275,0.6275
2019-04-04,0.66625,0.66625
2019-04-05,0.55,0.55
2019-04-06,0.2870833333333333,0.2870833333333333
2019-04-07,0.34,0.34
2019-04-08,0.69125,0.69125
2019-04-09,0.7133333333333333,0.7133333333333333
2019-04-10,0.6925,0.6925
2019-04-11,0.7125,0.7125
2019-04-12,0.63375,0.63375
2019-04-13,0.34125,0.34125
2019-04-14,0.2784,0.2784
2019-04-15,0.57375,0.57375
2019-04-16,0.6341666666666667,0.6341666666666667
2019-04-17,0.6770833333333333,0.6770833333333333
2019-04-18,0.53625,0.53625
2019-04-19,0.4025,0.4025
2019-04-20,0.24666666666666667,0.24666666666666667
2019-04-21,0.242,0.242
2019-04-22,0.47041666666666665,0.47041666666666665
2019-04-23,0.5904166666666666,0.5904166666666666
2019-04-24,0.5995833333333334,0.5995833333333334
2019-04-25,0.6020833333333333,0.6020833333333333
2019-04-26,0.5075,0.5075
2019-04-27,0.265,0.265
2019-04-28,0.2324,0.2324
2019-04-29,0.48458333333333337,0.48458333333333337
2019-04-30,0.5170833333333333,0.5170833333333333
2019-05-01,0.40791666666666665,0.40791666666666665
2019-05-02,0.505,0.505
2019-05-03,0.50625,0.50625
2019-05-04,0.2920833333333333,0.2920833333333333
2019-05-05,0.28559999999999997,0.28559999999999997
2019-05-06,0.5533333333333333,0.5533333333333333
2019-05-07,0.63125,0.63125
2019-05-08,0.595,0.595
2019-05-09,0.5975,0.5975
2019-05-10,0.5645833333333333,0.5645833333333333
2019-05-11,0.26708333333333334,0.26708333333333334
2019-05-12,0.2544,0.2544
2019-05-13,0.6083333333333334,0.6083333333333334
2019-05-14,0.6616666666666667,0.6616666666666667
2019-05-15,0.6341666666666667,0.6341666666666667
2019-05-16,0.6379166666666667,0.6379166666666667
2019-05-17,0.5641666666666666,0.5641666666666666
2019-05-18,0.2945833333333333,0.2945833333333333
2019-05-19,0.2556,0.2556
2019-05-20,0.565,0.565
2019-05-21,0.62625,0.62625
2019-05-22,0.6320833333333333,0.6320833333333333
2019-05-23,0.6041666666666666,0.6041666666666666
2019-05-24,0.6041666666666666,0.6041666666666666
2019-05-25,0.2554166666666667,0.2554166666666667
2019-05-26,0.2748,0.2748
2019-05-27,0.5170833333333333,0.5170833333333333
2019-05-28,0.6120833333333333,0.6120833333333333
2019-05-29,0.6966666666666668,0.6966666666666668
2019-05-30,0.63125,0.63125
2019-05-31,0.5633333333333334,0.5633333333333334
2019-06-01,0.2995833333333333,0.2995833333333333
2019-06-02,0.2364,0.2364
2019-06-03,0.5283333333333333,0.5283333333333333
2019-06-04,0.6,0.6
2019-06-05,0.5391666666666667,0.5391666666666667
2019-06-06,0.54625,0.54625
2019-06-07,0.5575,0.5575
2019-06-08,0.29875,0.29875
2019-06-09,0.2784,0.2784
2019-06-10,0.5670833333333334,0.5670833333333334
2019-06-11,0.6191666666666666,0.6191666666666666
2019-06-12,0.5841666666666666,0.5841666666666666
2019-06-13,0.5929166666666666,0.5929166666666666
2019-06-14,0.5566666666666666,0.5566666666666666
2019-06-15,0.2895833333333333,0.2895833333333333
2019-06-16,0.25120000000000003,0.25120000000000003
2019-06-17,0.6154166666666666,0.6154166666666666
2019-06-18,0.63,0.63
2019-06-19,0.6483333333333333,0.6483333333333333
2019-06-20,0.5979166666666667,0.5979166666666667
2019-06-21,0.5858333333333333,0.5858333333333333
2019-06-22,0.26958333333333334,0.26958333333333334
2019-06-23,0.2968,0.2968
2019-06-24,0.65,0.65
2019-06-25,0.65,0.65
2019-06-26,0.6645833333333333,0.6645833333333333
2019-06-27,0.6416666666666667,0.6416666666666667
2019-06-28,0.6108333333333333,0.6108333333333333
2019-06-29,0.28125,0.28125
2019-06-30,0.258,0.258
2019-07-01,0.5833333333333334,0.5833333333333334
2019-07-02,0.6275,0.6275
2019-07-03,0.63,0.63
2019-07-04,0.5620833333333334,0.5620833333333334
2019-07-05,0.5191666666666667,0.5191666666666667
2019-07-06,0.3116666666666667,0.3116666666666667
2019-07-07,0.2692,0.2692
2019-07-08,0.5520833333333334,0.5520833333333334
2019-07-09,0.69875,0.69875
2019-07-10,0.69,0.69
2019-07-11,0.665,0.665
2019-07-12,0.6145833333333334,0.6145833333333334
2019-07-13,0.2829166666666667,0.2829166666666667
2019-07-14,0.2328,0.2328
2019-07-15,0.47125,0.47125
2019-07-16,0.5308333333333334,0.5308333333333334
2019-07-17,0.5866666666666667,0.5866666666666667
2019-07-18,0.5404166666666667,0.5404166666666667
2019-07-19,0.47708333333333336,0.47708333333333336
2019-07-20,0.24125,0.24125
2019-07-21,0.3392,0.3392
2019-07-22,0.615,0.615
2019-07-23,0.6358333333333334,0.6358333333333334
2019-07-24,0.6008333333333333,0.6008333333333333
2019-07-25,0.6883333333333332,0.6883333333333332
2019-07-26,0.5466666666666666,0.5466666666666666
2019-07-27,0.3225,0.3225
2019-07-28,0.32280000000000003,0.32280000000000003
2019-07-29,0.59375,0.59375
2019-07-30,0.6525,0.6525
2019-07-31,0.65375,0.65375
2019-08-01,0.6845833333333333,0.6845833333333333
2019-08-02,0.63,0.63
2019-08-03,0.32125,0.32125
2019-08-04,0.2864,0.2864
2019-08-05,0.6041666666666666,0.6041666666666666
2019-08-06,0.6333333333333333,0.6333333333333333
2019-08-07,0.6216666666666666,0.6216666666666666
2019-08-08,0.64625,0.64625
2019-08-09,0.55125,0.55125
2019-08-10,0.3179166666666667,0.3179166666666667
2019-08-11,0.30920000000000003,0.30920000000000003
2019-08-12,0.62875,0.62875
2019-08-13,0.72625,0.72625
2019-08-14,0.7429166666666667,0.7429166666666667
2019-08-15,0.68875,0.68875
2019-08-16,0.6933333333333332,0.6933333333333332
2019-08-17,0.3458333333333334,0.3458333333333334
2019-08-18,0.26239999999999997,0.26239999999999997
2019-08-19,0.56625,0.56625
2019-08-20,0.6170833333333333,0.6170833333333333
2019-08-21,0.5941666666666666,0.5941666666666666
2019-08-22,0.5858333333333333,0.5858333333333333
2019-08-23,0.5675,0.5675
2019-08-24,0.2516666666666667,0.2516666666666667
2019-08-25,0.282,0.282
2019-08-26,0.6229166666666667,0.6229166666666667
2019-08-27,0.6591666666666667,0.6591666666666667
2019-08-28,0.65875,0.65875
2019-08-29,0.6625,0.6625
2019-08-30,0.5579166666666666,0.5579166666666666
2019-08-31,0.2683333333333333,0.2683333333333333
2019-09-01,0.3016,0.3016
2019-09-02,0.49916666666666665,0.49916666666666665
2019-09-03,0.63125,0.63125
2019-09-04,0.6454166666666667,0.6454166666666667
2019-09-05,0.6908333333333333,0.6908333333333333
2019-09-06,0.67375,0.67375
2019-09-07,0.3466666666666666,0.3466666666666666
2019-09-08,0.302,0.302
2019-09-09,0.5975,0.5975
2019-09-10,0.6483333333333333,0.6483333333333333
2019-09-11,0.64625,0.64625
2019-09-12,0.6958333333333333,0.6958333333333333
2019-09-13,0.6558333333333333,0.6558333333333333
2019-09-14,0.32875,0.32875
2019-09-15,0.2864,0.2864
2019-09-16,0.6679166666666667,0.6679166666666667
2019-09-17,0.6866666666666668,0.6866666666666668
2019-09-18,0.715,0.715
2019-09-19,0.7541666666666668,0.7541666666666668
2019-09-20,0.6279166666666667,0.6279166666666667
2019-09-21,0.35375,0.35375
2019-09-22,0.36920000000000003,0.36920000000000003
2019-09-23,0.6804166666666667,0.6804166666666667
2019-09-24,0.7354166666666667,0.7354166666666667
2019-09-25,0.74,0.74
2019-09-26,0.7366666666666667,0.7366666666666667
2019-09-27,0.68375,0.68375
2019-09-28,0.33791666666666664,0.33791666666666664
2019-09-29,0.3148,0.3148
2019-09-30,0.6804166666666667,0.6804166666666667
2019-10-01,0.69,0.69
2019-10-02,0.64625,0.64625
2019-10-03,0.6975,0.6975
2019-10-04,0.6158333333333333,0.6158333333333333
2019-10-05,0.35708333333333336,0.35708333333333336
2019-10-06,0.3144,0.3144
2019-10-07,0.6075,0.6075
2019-10-08,0.6645833333333333,0.6645833333333333
2019-10-09,0.7345833333333333,0.7345833333333333
2019-10-10,0.6954166666666667,0.6954166666666667
2019-10-11,0.6716666666666667,0.6716666666666667
2019-10-12,0.3491666666666666,0.3491666666666666
2019-10-13,0.2296,0.2296
2019-10-14,0.46041666666666664,0.46041666666666664
2019-10-15,0.5291666666666667,0.5291666666666667
2019-10-16,0.6275,0.6275
2019-10-17,0.6133333333333334,0.6133333333333334
2019-10-18,0.5479166666666666,0.5479166666666666
2019-10-19,0.2366666666666667,0.2366666666666667
2019-10-20,0.2932,0.2932
2019-10-21,0.5691666666666666,0.5691666666666666
2019-10-22,0.5670833333333334,0.5670833333333334
2019-10-23,0.6620833333333332,0.6620833333333332
2019-10-24,0.67875,0.67875
2019-10-25,0.5616666666666666,0.5616666666666666
2019-10-26,0.2754166666666667,0.2754166666666667
2019-10-27,0.3132,0.3132
2019-10-28,0.6054166666666666,0.6054166666666666
2019-10-29,0.6525,0.6525
2019-10-30,0.6508333333333333,0.6508333333333333
2019-10-31,0.6029166666666667,0.6029166666666667
2019-11-01,0.58625,0.58625
2019-11-02,0.31916666666666665,0.31916666666666665
2019-11-03,0.2492,0.2492
2019-11-04,0.5120833333333333,0.5120833333333333
2019-11-05,0.5629166666666666,0.5629166666666666
2019-11-06,0.6275,0.6275
2019-11-07,0.5575,0.5575
2019-11-08,0.4979166666666666,0.4979166666666666
2019-11-09,0.2608333333333333,0.2608333333333333
2019-11-10,0.3372,0.3372
2019-11-11,0.6191666666666666,0.6191666666666666
2019-11-12,0.7116666666666667,0.7116666666666667
2019-11-13,0.7175,0.7175
2019-11-14,0.70875,0.70875
2019-11-15,0.6591666666666667,0.6591666666666667
2019-11-16,0.3625,0.3625
2019-11-17,0.3004,0.3004
2019-11-18,0.60875,0.60875
2019-11-19,0.6170833333333333,0.6170833333333333
2019-11-20,0.5979166666666667,0.5979166666666667
2019-11-21,0.60375,0.60375
2019-11-22,0.5475,0.5475
2019-11-23,0.2875,0.2875
2019-11-24,0.3208,0.3208
2019-11-25,0.59625,0.59625
2019-11-26,0.64625,0.64625
2019-11-27,0.5941666666666666,0.5941666666666666
2019-11-28,0.52375,0.52375
2019-11-29,0.4716666666666666,0.4716666666666666
2019-11-30,0.31125,0.31125
2019-12-01,0.278,0.278
2019-12-02,0.5591666666666666,0.5591666666666666
2019-12-03,0.61625,0.61625
2019-12-04,0.6541666666666667,0.6541666666666667
2019-12-05,0.61,0.61
2019-12-06,0.57125,0.57125
2019-12-07,0.2816666666666667,0.2816666666666667
2019-12-08,0.3128,0.3128
2019-12-09,0.6129166666666667,0.6129166666666667
2019-12-10,0.6254166666666666,0.6254166666666666
2019-12-11,0.6691666666666667,0.6691666666666667
2019-12-12,0.6741666666666667,0.6741666666666667
2019-12-13,0.60625,0.60625
2019-12-14,0.31916666666666665,0.31916666666666665
2019-12-15,0.2956,0.2956
2019-12-16,0.6529166666666667,0.6529166666666667
2019-12-17,0.6541666666666667,0.6541666666666667
2019-12-18,0.62625,0.62625
2019-12-19,0.6779166666666667,0.6779166666666667
2019-12-20,0.6383333333333333,0.6383333333333333
2019-12-21,0.33875,0.33875
2019-12-22,0.4036,0.4036
2019-12-23,0.6570833333333332,0.6570833333333332
2019-12-24,0.575,0.575
2019-12-25,0.45791666666666664,0.45791666666666664
2019-12-26,0.5895833333333333,0.5895833333333333
2019-12-27,0.5745833333333333,0.5745833333333333
2019-12-28,0.36625,0.36625
2019-12-29,0.31079999999999997,0.31079999999999997
2019-12-30,0.51875,0.51875
2019-12-31,0.42791666666666667,0.42791666666666667
2020-01-01,0.33791666666666664,0.33791666666666664
2020-01-02,0.56,0.56
2020-01-03,0.5770833333333334,0.5770833333333334
2020-01-04,0.3145833333333333,0.3145833333333333
2020-01-05,0.33640000000000003,0.33640000000000003
2020-01-06,0.5766666666666667,0.5766666666666667
2020-01-07,0.6458333333333333,0.6458333333333333
2020-01-08,0.655,0.655
2020-01-09,0.6525,0.6525
2020-01-10,0.6308333333333334,0.6308333333333334
2020-01-11,0.33125,0.33125
2020-01-12,0.2364,0.2364
2020-01-13,0.5175,0.5175
2020-01-14,0.57625,0.57625
2020-01-15,0.5820833333333334,0.5820833333333334
2020-01-16,0.6029166666666667,0.6029166666666667
2020-01-17,0.5225,0.5225
2020-01-18,0.3020833333333333,0.3020833333333333
2020-01-19,0.1728,0.1728
2020-01-20,0.35625,0.35625
2020-01-21,0.48125,0.48125
2020-01-22,0.48625,0.48625
2020-01-23,0.40875,0.40875
2020-01-24,0.38916666666666666,0.38916666666666666
2020-01-25,0.2033333333333333,0.2033333333333333
2020-01-26,0.1324,0.1324
2020-01-27,0.27625,0.27625
2020-01-28,0.2941666666666667,0.2941666666666667
2020-01-29,0.3091666666666667,0.3091666666666667
2020-01-30,0.35833333333333334,0.35833333333333334
2020-01-31,0.5554166666666667,0.5554166666666667
2020-02-01,0.24958333333333332,0.24958333333333332
2020-02-02,0.38,0.38
2020-02-03,0.6958333333333333,0.6958333333333333
2020-02-04,0.7383333333333333,0.7383333333333333
2020-02-05,0.7458333333333332,0.7458333333333332
2020-02-06,0.7641666666666667,0.7641666666666667
2020-02-07,0.67875,0.67875
2020-02-08,0.3829166666666666,0.3829166666666666
2020-02-09,0.3072,0.3072
2020-02-10,0.63,0.63
2020-02-11,0.6245833333333334,0.6245833333333334
2020-02-12,0.6729166666666667,0.6729166666666667
2020-02-13,0.6341666666666667,0.6341666666666667
2020-02-14,0.56,0.56
2020-02-15,0.3408333333333334,0.3408333333333334
2020-02-16,0.298,0.298
2020-02-17,0.5145833333333334,0.5145833333333334
2020-02-18,0.6208333333333333,0.6208333333333333
2020-02-19,0.6225,0.6225
2020-02-20,0.6020833333333333,0.6020833333333333
2020-02-21,0.57625,0.57625
2020-02-22,0.295,0.295
2020-02-23,0.364,0.364
2020-02-24,0.69625,0.69625
2020-02-25,0.7720833333333332,0.7720833333333332
2020-02-26,0.7570833333333333,0.7570833333333333
2020-02-27,0.7254166666666667,0.7254166666666667
2020-02-28,0.68125,0.68125
2020-02-29,0.36916666666666664,0.36916666666666664
2020-03-01,0.2912,0.2912
2020-03-02,0.59,0.59
2020-03-03,0.6633333333333333,0.6633333333333333
2020-03-04,0.6075,0.6075
2020-03-05,0.6229166666666667,0.6229166666666667
2020-03-06,0.5766666666666667,0.5766666666666667
2020-03-07,0.32583333333333336,0.32583333333333336
2020-03-08,0.368,0.368
2020-03-09,0.7658333333333333,0.7658333333333333
2020-03-10,0.7316666666666667,0.7316666666666667
2020-03-11,0.7429166666666667,0.7429166666666667
2020-03-12,0.7045833333333333,0.7045833333333333
2020-03-13,0.7141666666666667,0.7141666666666667
2020-03-14,0.40541666666666665,0.40541666666666665
2020-03-15,0.3592,0.3592
2020-03-16,0.6820833333333333,0.6820833333333333
2020-03-17,0.6870833333333333,0.6870833333333333
2020-03-18,0.6554166666666668,0.6554166666666668
2020-03-19,0.6754166666666667,0.6754166666666667
2020-03-20,0.6266666666666666,0.6266666666666666
2020-03-21,0.37083333333333335,0.37083333333333335
2020-03-22,0.298,0.298
2020-03-23,0.5275,0.5275
2020-03-24,0.5525,0.5525
2020-03-25,0.5116666666666666,0.5116666666666666
2020-03-26,0.5233333333333333,0.5233333333333333
2020-03-27,0.49833333333333335,0.49833333333333335
2020-03-28,0.2754166666666667,0.2754166666666667
2020-03-29,0.35,0.35
2020-03-30,0.6545833333333333,0.6545833333333333
2020-03-31,0.6629166666666667,0.6629166666666667
2020-04-01,0.7133333333333333,0.7133333333333333
2020-04-02,0.675,0.675
2020-04-03,0.6233333333333334,0.6233333333333334
2020-04-04,0.37666666666666665,0.37666666666666665
2020-04-05,0.4096,0.4096
2020-04-06,0.745,0.745
2020-04-07,0.70625,0.70625
2020-04-08,0.69125,0.69125
2020-04-09,0.7058333333333333,0.7058333333333333
2020-04-10,0.5395833333333333,0.5395833333333333
2020-04-11,0.39958333333333335,0.39958333333333335
2020-04-12,0.4152,0.4152
2020-04-13,0.6445833333333333,0.6445833333333333
2020-04-14,0.7091666666666667,0.7091666666666667
2020-04-15,0.7045833333333333,0.7045833333333333
2020-04-16,0.72125,0.72125
2020-04-17,0.7354166666666667,0.7354166666666667
2020-04-18,0.3925,0.3925
2020-04-19,0.2332,0.2332
2020-04-20,0.4404166666666666,0.4404166666666666
2020-04-21,0.46791666666666665,0.46791666666666665
2020-04-22,0.38458333333333333,0.38458333333333333
2020-04-23,0.36458333333333337,0.36458333333333337
2020-04-24,0.35291666666666666,0.35291666666666666
2020-04-25,0.19375,0.19375
2020-04-26,0.3632,0.3632
2020-04-27,0.69125,0.69125
2020-04-28,0.7508333333333332,0.7508333333333332
2020-04-29,0.7370833333333333,0.7370833333333333
2020-04-30,0.6854166666666667,0.6854166666666667
2020-05-01,0.5541666666666667,0.5541666666666667
2020-05-02,0.3695833333333334,0.3695833333333334
2020-05-03,0.3772,0.3772
2020-05-04,0.5870833333333334,0.5870833333333334
2020-05-05,0.6308333333333334,0.6308333333333334
2020-05-06,0.6645833333333333,0.6645833333333333
2020-05-07,0.625,0.625
2020-05-08,0.6091666666666666,0.6091666666666666
2020-05-09,0.3795833333333334,0.3795833333333334
2020-05-10,0.396,0.396
2020-05-11,0.6891666666666667,0.6891666666666667
2020-05-12,0.70875,0.70875
2020-05-13,0.7291666666666667,0.7291666666666667
2020-05-14,0.7033333333333333,0.7033333333333333
2020-05-15,0.6975,0.6975
2020-05-16,0.3975,0.3975
2020-05-17,0.3248,0.3248
2020-05-18,0.61375,0.61375
2020-05-19,0.6333333333333333,0.6333333333333333
2020-05-20,0.5725,0.5725
2020-05-21,0.6425,0.6425
2020-05-22,0.7116666666666667,0.7116666666666667
2020-05-23,0.44958333333333333,0.44958333333333333
2020-05-24,0.0424,0.0424
2020-05-25,0.08333333333333334,0.08333333333333334
2020-05-26,0.05375,0.05375
2020-05-27,0.05041666666666667,0.05041666666666667
2020-05-28,0.05458333333333333,0.05458333333333333
2020-05-29,0.04458333333333333,0.04458333333333333
2020-05-30,0.025416666666666664,0.025416666666666664
2020-05-31,0.3372,0.3372
2020-06-01,0.6166666666666667,0.6166666666666667
2020-06-02,0.705,0.705
2020-06-03,0.6741666666666667,0.6741666666666667
2020-06-04,0.6645833333333333,0.6645833333333333
2020-06-05,0.65125,0.65125
2020-06-06,0.39125,0.39125
2020-06-07,0.2304,0.2304
2020-06-08,0.37833333333333335,0.37833333333333335
2020-06-09,0.48666666666666664,0.48666666666666664
2020-06-10,0.49083333333333334,0.49083333333333334
2020-06-11,0.45125,0.45125
2020-06-12,0.375,0.375
2020-06-13,0.2070833333333333,0.2070833333333333
2020-06-14,0.37920000000000004,0.37920000000000004
2020-06-15,0.6816666666666668,0.6816666666666668
2020-06-16,0.6875,0.6875
2020-06-17,0.66125,0.66125
2020-06-18,0.68125,0.68125
2020-06-19,0.6158333333333333,0.6158333333333333
2020-06-20,0.39666666666666667,0.39666666666666667
2020-06-21,0.32159999999999994,0.32159999999999994
2020-06-22,0.6491666666666667,0.6491666666666667
2020-06-23,0.7554166666666667,0.7554166666666667
2020-06-24,0.6816666666666668,0.6816666666666668
2020-06-25,0.67875,0.67875
2020-06-26,0.6616666666666667,0.6616666666666667
2020-06-27,0.38333333333333336,0.38333333333333336
2020-06-28,0.35359999999999997,0.35359999999999997
2020-06-29,0.6795833333333333,0.6795833333333333
2020-06-30,0.6941666666666667,0.6941666666666667
2020-07-01,0.6825,0.6825
2020-07-02,0.6966666666666668,0.6966666666666668
2020-07-03,0.5645833333333333,0.5645833333333333
2020-07-04,0.36791666666666667,0.36791666666666667
2020-07-05,0.2768,0.2768
2020-07-06,0.5020833333333333,0.5020833333333333
2020-07-07,0.5129166666666667,0.5129166666666667
2020-07-08,0.5208333333333334,0.5208333333333334
2020-07-09,0.5316666666666666,0.5316666666666666
2020-07-10,0.49875,0.49875
2020-07-11,0.27875,0.27875
2020-07-12,0.3248,0.3248
2020-07-13,0.62375,0.62375
2020-07-14,0.6879166666666667,0.6879166666666667
2020-07-15,0.7016666666666667,0.7016666666666667
2020-07-16,0.6929166666666667,0.6929166666666667
2020-07-17,0.62875,0.62875
2020-07-18,0.34958333333333336,0.34958333333333336
2020-07-19,0.1448,0.1448
2020-07-20,0.38208333333333333,0.38208333333333333
2020-07-21,0.42291666666666666,0.42291666666666666
2020-07-22,0.32958333333333334,0.32958333333333334
2020-07-23,0.3104166666666667,0.3104166666666667
2020-07-24,0.26125,0.26125
2020-07-25,0.15625,0.15625
2020-07-26,0.3212,0.3212
2020-07-27,0.6220833333333333,0.6220833333333333
2020-07-28,0.6491666666666667,0.6491666666666667
2020-07-29,0.6633333333333333,0.6633333333333333
2020-07-30,0.68375,0.68375
2020-07-31,0.5954166666666666,0.5954166666666666
2020-08-01,0.3704166666666666,0.3704166666666666
2020-08-02,0.3048,0.3048
2020-08-03,0.5216666666666666,0.5216666666666666
2020-08-04,0.5625,0.5625
2020-08-05,0.5716666666666667,0.5716666666666667
2020-08-06,0.6029166666666667,0.6029166666666667
2020-08-07,0.53375,0.53375
2020-08-08,0.32708333333333334,0.32708333333333334
2020-08-09,0.31920000000000004,0.31920000000000004
2020-08-10,0.5841666666666666,0.5841666666666666
2020-08-11,0.6229166666666667,0.6229166666666667
2020-08-12,0.6275,0.6275
2020-08-13,0.64,0.64
2020-08-14,0.5433333333333333,0.5433333333333333
2020-08-15,0.3383333333333334,0.3383333333333334
2020-08-16,0.32880000000000004,0.32880000000000004
2020-08-17,0.69125,0.69125
2020-08-18,0.6433333333333333,0.6433333333333333
2020-08-19,0.6708333333333333,0.6708333333333333
2020-08-20,0.6883333333333332,0.6883333333333332
2020-08-21,0.6320833333333333,0.6320833333333333
2020-08-22,0.38166666666666665,0.38166666666666665
2020-08-23,0.2956,0.2956
2020-08-24,0.5654166666666667,0.5654166666666667
2020-08-25,0.5754166666666667,0.5754166666666667
2020-08-26,0.615,0.615
2020-08-27,0.6225,0.6225
2020-08-28,0.5529166666666666,0.5529166666666666
2020-08-29,0.3133333333333333,0.3133333333333333
2020-08-30,0.3576,0.3576
2020-08-31,0.5516666666666666,0.5516666666666666
2020-09-01,0.6145833333333334,0.6145833333333334
2020-09-02,0.6925,0.6925
2020-09-03,0.71375,0.71375
2020-09-04,0.6058333333333333,0.6058333333333333
2020-09-05,0.3475,0.3475
2020-09-06,0.3468,0.3468
2020-09-07,0.5616666666666666,0.5616666666666666
2020-09-08,0.6983333333333333,0.6983333333333333
2020-09-09,0.7045833333333333,0.7045833333333333
2020-09-10,0.7029166666666667,0.7029166666666667
2020-09-11,0.655,0.655
2020-09-12,0.35083333333333333,0.35083333333333333
2020-09-13,0.3024,0.3024
2020-09-14,0.6075,0.6075
2020-09-15,0.6475,0.6475
2020-09-16,0.60125,0.60125
2020-09-17,0.6245833333333334,0.6245833333333334
2020-09-18,0.5954166666666666,0.5954166666666666
2020-09-19,0.32291666666666663,0.32291666666666663
2020-09-20,0.35600000000000004,0.35600000000000004
2020-09-21,0.6079166666666667,0.6079166666666667
2020-09-22,0.6625,0.6625
2020-09-23,0.6891666666666667,0.6891666666666667
2020-09-24,0.69625,0.69625
2020-09-25,0.6245833333333334,0.6245833333333334
2020-09-26,0.36666666666666664,0.36666666666666664
2020-09-27,0.2964,0.2964
2020-09-28,0.49416666666666664,0.49416666666666664
2020-09-29,0.5275,0.5275
2020-09-30,0.5470833333333334,0.5470833333333334
2020-10-01,0.535,0.535
2020-10-02,0.45666666666666667,0.45666666666666667
2020-10-03,0.26958333333333334,0.26958333333333334
2020-10-04,0.1816,0.1816
2020-10-05,0.36666666666666664,0.36666666666666664
2020-10-06,0.3491666666666666,0.3491666666666666
2020-10-07,0.3704166666666666,0.3704166666666666
2020-10-08,0.5654166666666667,0.5654166666666667
2020-10-09,0.53,0.53
2020-10-10,0.2529166666666667,0.2529166666666667
2020-10-11,0.1788,0.1788
2020-10-12,0.32208333333333333,0.32208333333333333
2020-10-13,0.33458333333333334,0.33458333333333334
2020-10-14,0.34458333333333335,0.34458333333333335
2020-10-15,0.33708333333333335,0.33708333333333335
2020-10-16,0.28541666666666665,0.28541666666666665
2020-10-17,0.16125,0.16125
2020-10-18,0.23920000000000002,0.23920000000000002
2020-10-19,0.5116666666666666,0.5116666666666666
2020-10-20,0.5433333333333333,0.5433333333333333
2020-10-21,0.46791666666666665,0.46791666666666665
2020-10-22,0.49875,0.49875
2020-10-23,0.40625,0.40625
2020-10-24,0.21541666666666667,0.21541666666666667
2020-10-25,0.102,0.102
2020-10-26,0.16375,0.16375
2020-10-27,0.1733333333333333,0.1733333333333333
2020-10-28,0.1775,0.1775
2020-10-29,0.21875,0.21875
2020-10-30,0.16875,0.16875
2020-10-31,0.09,0.09
2020-11-01,0.2864,0.2864
2020-11-02,0.53125,0.53125
2020-11-03,0.5525,0.5525
2020-11-04,0.5133333333333333,0.5133333333333333
2020-11-05,0.5933333333333334,0.5933333333333334
2020-11-06,0.5245833333333334,0.5245833333333334
2020-11-07,0.3179166666666667,0.3179166666666667
2020-11-08,0.336,0.336
2020-11-09,0.67,0.67
2020-11-10,0.6820833333333333,0.6820833333333333
2020-11-11,0.6633333333333333,0.6633333333333333
2020-11-12,0.71125,0.71125
2020-11-13,0.6354166666666666,0.6354166666666666
2020-11-14,0.35375,0.35375
2020-11-15,0.35,0.35
2020-11-16,0.7333333333333333,0.7333333333333333
2020-11-17,0.7145833333333332,0.7145833333333332
2020-11-18,0.77625,0.77625
2020-11-19,0.7466666666666667,0.7466666666666667
2020-11-20,0.7145833333333332,0.7145833333333332
2020-11-21,0.40708333333333335,0.40708333333333335
2020-11-22,0.37079999999999996,0.37079999999999996
2020-11-23,0.63625,0.63625
2020-11-24,0.6954166666666667,0.6954166666666667
2020-11-25,0.6875,0.6875
2020-11-26,0.6470833333333332,0.6470833333333332
2020-11-27,0.57625,0.57625
2020-11-28,0.35125,0.35125
2020-11-29,0.2916,0.2916
2020-11-30,0.5854166666666667,0.5854166666666667
2020-12-01,0.6641666666666667,0.6641666666666667
2020-12-02,0.6616666666666667,0.6616666666666667
2020-12-03,0.69,0.69
2020-12-04,0.6858333333333333,0.6858333333333333
2020-12-05,0.3983333333333334,0.3983333333333334
2020-12-06,0.3124,0.3124
2020-12-07,0.6341666666666667,0.6341666666666667
2020-12-08,0.66875,0.66875
2020-12-09,0.625,0.625
2020-12-10,0.6725,0.6725
2020-12-11,0.5941666666666666,0.5941666666666666
2020-12-12,0.38583333333333336,0.38583333333333336
2020-12-13,0.3428,0.3428
2020-12-14,0.6325,0.6325
2020-12-15,0.6395833333333334,0.6395833333333334
2020-12-16,0.6216666666666666,0.6216666666666666
2020-12-17,0.6620833333333332,0.6620833333333332
2020-12-18,0.5925,0.5925
2020-12-19,0.35583333333333333,0.35583333333333333
2020-12-20,0.3508,0.3508
2020-12-21,0.7075,0.7075
2020-12-22,0.6583333333333333,0.6583333333333333
2020-12-23,0.6783333333333332,0.6783333333333332
2020-12-24,0.5645833333333333,0.5645833333333333
2020-12-25,0.38458333333333333,0.38458333333333333
2020-12-26,0.36625,0.36625
2020-12-27,0.41840000000000005,0.41840000000000005
2020-12-28,0.6729166666666667,0.6729166666666667
2020-12-29,0.7008333333333333,0.7008333333333333
2020-12-30,0.78625,0.78625
2020-12-31,0.6304166666666666,0.6304166666666666
2021-01-01,0.62,0.62
