date,open,high,low,close,volume,ticker,day,vix,turbulence,boll_lb,boll_ub,cci_30,close_30_sma,close_60_sma,dx_30,macd,rsi_30,neg_title,neu_title,pos_title,compound_title,neg_body,neu_body,pos_body,compound_body,ibm,fear greed
2018-07-11,-0.0035292228353993593,0.004121233302608385,-0.0018022993755347771,0.001589341332172367,-0.06629590087127935,ibm,0.5,0.13630000114440918,0.08860326381784135,0.944281549919274,1.0171852790045333,0.10064949891484896,0.9855181574454404,0.9934041796960759,0.09485721440844666,-0.001359906572796944,0.5007359986585433,0.0,1.0,0.0,0.0,0.0,0.934,0.066,0.5859,0.6216666666666666,0.41
2018-07-12,0.012847250393586362,0.004377808665370964,0.012083353838391764,0.010418168189414878,-0.11543706070010384,ibm,0.75,0.12579999923706056,0.036291985659947436,0.9344639806369406,1.0068469453153637,0.1635831704087437,0.9762284710928009,0.9815158269511451,0.1356355925054778,0.0009088401182097323,0.5239332069785142,0.0,0.7735,0.2265,0.2899,0.015,0.852,0.133,0.98925,0.6616666666666667,0.49
2018-07-13,0.0041138865804764,0.0010215800358173155,0.00041166631001332554,-0.0037555852887860564,-0.018239979993852296,ibm,1.0,0.1218000030517578,0.10848728468706131,0.937588044121911,1.0115209083391807,0.2679551564331105,0.9809572667300208,0.9848857541460335,0.1452830219273137,0.002374342301798381,0.5149184384185053,0.0,0.748,0.252,0.4019,0.011,0.915,0.073,0.9874,0.6070833333333333,0.47
2018-07-17,-0.011608093449773205,-0.013471246698700257,-0.016872358562578516,-0.016518168771366804,0.6641739608176109,ibm,0.25,0.120600004196167,0.1092240577714806,0.9534454796983161,1.0277587767979999,0.3925113638997056,0.9983529567140674,1.0010035470802632,0.04594936713339804,0.002873333801887418,0.4766921420580467,0.03883333333333334,0.8283333333333333,0.13283333333333333,0.11858333333333333,0.012000000000000002,0.8668333333333335,0.12133333333333333,0.9125166666666668,0.4441666666666666,0.49
2018-07-18,-0.008566509228257746,-0.0013792241077367207,-0.0041859239247048485,0.00717814075776424,0.36074331457314646,ibm,0.5,0.12100000381469728,0.05177578663443901,0.9465186429348696,1.0209946075777898,0.45027520812791616,0.991426843946849,0.9937148766068556,0.0874077852695144,0.0030516399261951177,0.49342083023786926,0.0,0.875,0.125,0.1796,0.041999999999999996,0.85175,0.106,0.48645000000000005,0.5091666666666667,0.56
2018-07-19,0.030241793772404657,0.03964082709896344,0.03159600233472948,0.032659896293037116,1.1132178546202236,ibm,0.75,0.12869999885559083,0.11368875816921135,0.9130267242429249,0.9966891606574186,0.5573984557306141,0.961082816042101,0.9626976633939973,0.24714726116559835,0.005595142577997214,0.5600867736008559,0.0,0.9073333333333333,0.09266666666666667,0.13396666666666665,0.03166666666666667,0.8423333333333334,0.12633333333333333,0.9078666666666666,0.5395833333333333,0.5
2018-07-20,0.004937397594096948,-0.011159762682490637,-0.0067233266744636255,-0.01936479991221829,-0.5623166051172843,ibm,1.0,0.12859999656677246,0.14973457312919475,0.9314459477642434,1.0194662764911906,0.5792158332396206,0.9802869965733494,0.9817549386995581,0.18020147608290205,0.0061746090186745786,0.516992485331087,0.0,0.7679999999999999,0.23199999999999998,0.39176666666666665,0.04800000000000001,0.8476666666666667,0.10433333333333333,0.4924,0.4054166666666666,0.53
2018-07-30,-0.025440753308664354,-0.017600507276825605,-0.010734237750827713,-0.005876283521682568,-0.4375020120208558,ibm,0.0,0.14260000228881836,0.10816924626049733,0.962119675366224,1.0275977833983292,-0.1325780803797806,0.9859715210218238,0.9885261058640764,0.09437418989831892,0.005549325648237735,0.503234701677804,0.0,1.0,0.0,0.0,0.022000000000000002,0.8683333333333333,0.10966666666666665,0.9518333333333334,0.7116666666666667,0.64
2018-07-31,0.006491636949796931,-0.003008782856311565,-0.0036630501304080187,-0.0038490403014902475,0.5171553957326325,ibm,0.25,0.12829999923706056,0.10283926090193116,0.9716641638288135,1.029239636683783,-0.07736608108762535,0.9898847297994123,0.9924629824003621,0.06097300951762663,0.0048018536165349126,0.4947890608059113,0.0945,0.9055,0.0,-0.1366,0.023,0.8745,0.10250000000000001,0.9593,0.7141666666666667,0.66
2018-08-02,-0.019761187543956504,-0.01673519292571235,-0.012694264922932907,-0.013592853997160703,-0.2982719389564781,ibm,0.75,0.12189999580383301,0.06350330024818902,0.9945164010687338,1.0377794313323678,-0.34033459862744075,1.0035091830557035,1.0061672667929291,0.05010543264520034,0.0019166587621165835,0.4660553358867813,0.0,1.0,0.0,0.0,0.09,0.749,0.161,0.9758,0.6916666666666668,0.68
2018-08-03,0.002659892104998285,0.03180804950665017,0.004707468389235858,0.03315617588202491,1.096527616009939,ibm,1.0,0.11640000343322754,0.029650892250180628,0.9651245096339648,1.005484830083934,-0.23565887982232614,0.9727600962641244,0.9744515857530479,0.18417615644796,0.0032662171728722383,0.534944003802017,0.0,1.0,0.0,0.0,0.031,0.894,0.075,0.5859,0.6920833333333333,0.71
2018-08-09,0.01598721361646449,-0.01338563934703585,0.012097870073489503,-0.019837509984888646,-0.6158860816142704,ibm,0.75,0.11270000457763672,0.03918517786720979,0.9859128469681298,1.027487718916007,0.10037893374094442,0.9989109163189425,0.9951267499029076,0.09376810983921592,0.003598102770514294,0.49201500104092444,0.0,0.9013333333333332,0.09866666666666667,0.09106666666666667,0.0,0.8976666666666667,0.10233333333333333,0.8406666666666668,0.6791666666666667,0.7
2018-08-10,-0.007077629201499236,-0.005961363835457201,-0.005873023329983074,-0.0020032174958392046,-0.029222439822473634,ibm,1.0,0.1315999984741211,0.030413909463589125,0.9870495929028511,1.0294095081503913,-0.15015546574566302,1.0019403304832832,0.9971069032873418,0.04022115158452738,0.0026820503760903564,0.4880299481125813,0.0,1.0,0.0,0.0,0.0,0.951,0.049,0.4588,0.61875,0.56
2018-08-14,-0.01038052614179441,-0.00861648610813448,-0.006602699651212074,-0.007751895166698053,-0.04765088215079194,ibm,0.25,0.133100004196167,0.040582092995068896,0.9917224201296171,1.0384812546151463,-0.5279579425923279,1.0112816175402555,1.0046049520603981,0.039603724441996724,-5.7888146156713745e-05,0.4740085876778117,0.0,1.0,0.0,0.0,0.0,0.894,0.106,0.7717,0.65375,0.58
2018-08-15,-0.0031469351396521406,0.0012514861189580895,-0.006506665177761328,0.003836533821951482,0.48304195804195804,ibm,0.5,0.14640000343322754,0.07227090582765404,0.9873780510879617,1.0346425808050757,-0.5624567959507137,1.0084218873950639,1.0005824970725978,0.09431349432679328,-0.0005452397666462843,0.48223304216293966,0.0,1.0,0.0,0.0,0.0,0.925,0.075,0.836,0.5691666666666666,0.46
2018-08-16,0.012767435392499804,0.011666713218691172,0.016690051329362632,0.009936753911650609,0.23793464783576823,ibm,0.75,0.13449999809265137,0.1429062350681392,0.9797115433776843,1.019731095260656,-0.33284439420631823,0.9993967866961867,0.9907664489266798,0.014135262517379853,-0.0001270941276798384,0.5031290725783379,0.0,0.7685,0.2315,0.30405,0.066,0.8069999999999999,0.1275,0.9842500000000001,0.6716666666666667,0.51
2018-08-29,0.017316639960483604,0.015444775595477411,0.015446506966123819,0.015136851355258774,-0.39935621801846677,ibm,0.5,0.1225,0.015868594235408554,0.9666802974196758,1.0064592416025115,0.34668419837265996,0.9875830619038156,0.9793581732675362,0.17205542601730392,0.0033949596711503912,0.5359616900207793,0.0,0.513,0.487,0.5859,0.033,0.848,0.119,0.9902,0.6491666666666667,0.78
2018-08-30,0.0010894393283358283,-0.004258774497501894,-0.009208753558085925,-0.010912315816199558,0.059166534045697494,ibm,0.75,0.1352999973297119,0.033580112286586764,0.9801792857638494,1.016764546985837,0.2021851683173354,0.9977227054410295,0.9903024810222719,0.06439750951083618,0.003116051367511801,0.508165579011045,0.0,1.0,0.0,0.0,0.0,0.91,0.09,0.8807,0.6495833333333333,0.73
2018-09-04,-0.007141441288683437,-0.007535549655745322,-0.0030292900969420833,-0.001713097744022063,-0.004250931152259052,ibm,0.25,0.1315999984741211,0.0709385121972552,0.9823246845126512,1.0169682703553329,0.61794783354175,0.999460004574493,0.9920773840911429,0.007231347409673421,0.0026784424453527985,0.5033852725544584,0.0,1.0,0.0,0.0,0.0,0.927,0.073,0.4603,0.6525,0.67
2018-09-10,0.004247219534104785,0.007592765315806993,0.005179262142240182,-0.00020597270445332772,0.08781805038794777,ibm,0.0,0.14159999847412108,0.12632211871743532,0.9840349912752828,1.0163564265285672,0.8828378479939611,0.999503415851528,0.9921845016053658,0.13511486108293924,0.0017768409812331458,0.5018029247406978,0.0,1.0,0.0,0.0,0.004,0.93,0.066,0.9622,0.6616666666666667,0.56
2018-09-12,-0.0015689600454651398,0.004616465498354039,0.003228871353374796,0.0063165556285254,0.24552954996668208,ibm,0.5,0.13140000343322755,0.08909522851510178,0.985853736541985,1.0067504634169617,0.8187489415779824,0.9938300201219221,0.9863193924547964,0.17717156296089043,0.0020343474421009988,0.517818836989743,0.0,1.0,0.0,0.0,0.0,0.872,0.128,0.9336,0.6841666666666667,0.59
2018-09-13,0.006695378541159647,0.006892823587743457,0.007464244462340064,0.016237939233501253,0.18634482588913714,ibm,0.75,0.12369999885559083,0.06196608472233371,0.9705807589454111,0.9935683292590949,0.566662197404177,0.9791697710278883,0.9711245722428655,0.2430328426975424,0.0033540934599620145,0.5571168995705522,0.0,0.8775,0.1225,0.2202,0.0,0.9355,0.0645,0.629,0.6829166666666667,0.72
2018-09-14,0.010179857030747863,0.0020134039831463113,0.004486069923500091,-0.004162424679615473,-0.3543251879904278,ibm,1.0,0.12069999694824221,0.03373593279233056,0.9745108124192897,0.9998638443284261,0.471389706713339,0.9844692975358146,0.9758241641573742,0.26161451199860836,0.004060182050368781,0.5451438129481809,0.0,1.0,0.0,0.0,0.0,0.88,0.12,0.8658,0.61375,0.73
2018-09-21,0.017668814488813966,0.022103155470840408,0.020029817487770885,0.020360025376996438,4.77836615112533,ibm,1.0,0.11680000305175779,0.04793060931230537,0.9509978675040982,0.9964748013251803,0.408479674788433,0.9682743852795624,0.961878620485726,0.4380566974954547,0.008077728577338879,0.5913715285587152,0.0,1.0,0.0,0.0,0.053500000000000006,0.8935,0.053,-0.09639999999999999,0.57875,0.75
2018-09-24,-0.0025086357168867535,-0.009174261070090228,-0.00849144026567128,-0.008721487859275068,-0.7861887454568242,ibm,0.0,0.12199999809265137,0.06747279433672002,0.9598006496902535,1.0074657920678463,0.26796309264228063,0.9780265670407956,0.9714512201885509,0.2952086643879426,0.008310720909727511,0.5638149684057499,0.0,0.8135,0.1865,0.347,0.012750000000000001,0.9025,0.08474999999999999,0.7141500000000001,0.58,0.7
2018-09-25,-0.007875561938424647,-0.005224910123459936,-0.00735979530672759,-0.0074652381795342615,0.031066822977725783,ibm,0.25,0.12420000076293944,0.035403976273733664,0.9676163415812041,1.0159375092804708,0.18342651383967704,0.9867705453335256,0.9797887038246821,0.18690143382173321,0.007805628084841958,0.5416603793376369,0.0,0.846,0.154,0.25,0.014,0.899,0.087,0.8555,0.6170833333333333,0.64
2018-09-26,0.01660993847291592,0.01954662334928159,0.020086202370737327,0.018131802467256763,0.6832062802935355,ibm,0.5,0.12890000343322755,0.038414037844721756,0.9496614125200207,1.0018786664422996,0.17324775700827114,0.9710111172509638,0.9636314417264512,0.3436998411382552,0.008563119213899536,0.5825658476344517,0.14,0.86,0.0,-0.27115,0.07200000000000001,0.817,0.111,0.9113,0.66625,0.53
2018-09-27,-0.0025590522112630687,-0.0062602135162868056,-0.0011894059972723525,-0.0007255530368005525,-0.530174608941661,ibm,0.75,0.12409999847412109,0.022723653988040854,0.9496697622308253,1.00590115702819,0.09281944609510168,0.9733861149415018,0.9656435458556681,0.32695223155652436,0.009116656194461574,0.5803827963222745,0.0,1.0,0.0,0.0,0.022,0.874,0.104,0.7096,0.6433333333333333,0.48
2018-10-08,-0.023090559849609726,-0.021786204636424777,-0.026329654855795193,-0.02052808507818471,-0.06852431705781603,ibm,0.0,0.15689999580383301,0.059140893098561235,0.9825491677014284,1.0393930590836897,-0.6214953027519228,1.0026327167149875,0.9914538421810546,0.025006962000963993,0.007082870200036649,0.5088689353981445,0.0,0.846,0.154,0.2294,0.0235,0.9,0.0765,0.7764500000000001,0.4579166666666666,0.28
2018-10-09,-0.0028283208694827033,-0.004762832688424368,-0.0016986567338336256,-0.007749847669436538,0.12444028110785688,ibm,0.25,0.15949999809265136,0.08579873731568886,0.9912960662780704,1.0469476590631512,-0.6141156430875526,1.0105881706372017,0.9993989555161971,0.04055887461547107,0.004837470973927774,0.4898635765063002,0.0,0.708,0.292,0.5106,0.0,0.82,0.18,0.9924,0.5925,0.23
2018-10-10,-0.003916772438959604,-0.004516135834143009,-0.030150319257332914,-0.03090189300720214,0.5230892793868687,ibm,0.5,0.22959999084472657,0.11036635538828518,1.0148758174022225,1.0856427569115872,-0.6572284278628571,1.041902003649181,1.0311736174558161,0.2631756563690415,0.0005310896064253973,0.4249099523033841,0.0,1.0,0.0,0.0,0.034,0.937,0.029,-0.1027,0.5758333333333333,0.08
2018-10-15,-0.04827119718078965,-0.03676611634026439,-0.016561486636028078,-0.010932778290325573,-0.10494436052080225,ibm,0.0,0.21299999237060546,0.048353085560900476,0.9916132640439322,1.1149621840157913,-0.6670295980251307,1.0489430258418542,1.0403150422640381,0.3391339211972926,-0.010719680372164234,0.4172655206359551,0.0,0.728,0.272,0.4767,0.0,0.937,0.063,0.6486,0.4045833333333333,0.11
2018-10-16,0.018165038667560696,0.02242372980048457,0.010275479709167756,0.028271789348259135,0.75118316383043,ibm,0.25,0.176200008392334,0.06617146120288792,0.9621834501554751,1.0841023727303243,-0.5498387196431761,1.0199742633091287,1.0116455190049964,0.14073036199924352,-0.00989311534244439,0.47650533386526633,0.22699999999999998,0.773,0.0,-0.2263,0.029,0.905,0.0655,0.84995,0.5229166666666667,0.13
2018-10-17,-0.049254923856450916,-0.05706433207107242,-0.057635260618798756,-0.07628170843205662,1.2383991719855096,ibm,0.5,0.17399999618530274,0.26905297682603446,1.0204385904472124,1.1836345356030917,-0.7053853704539352,1.1010692533348383,1.0936553476121111,0.388474428842031,-0.01672462725001091,0.3688777255628503,0.179,0.821,0.0,-0.2202,0.0475,0.9139999999999999,0.038,-0.46265,0.50375,0.14
2018-10-18,-0.023254116347337317,-0.02734230305301355,-0.025333563177524998,-0.026109693838065162,-0.485629890629089,ibm,0.75,0.20059999465942382,0.05858811335912871,1.0224089115637809,1.2249753257259506,-0.7641079027294064,1.1265441477109743,1.120924326913316,0.4577053140797811,-0.0239545394181782,0.3435014072983392,0.0,1.0,0.0,0.0,0.013,0.904,0.082,0.902,0.45375,0.12
2018-10-19,-0.015670892969737005,-0.011319349899671316,-0.015995060089176838,-0.011106833463150223,-0.2217504987950044,ibm,1.0,0.1988999938964844,0.39748076845532015,1.010154870108929,1.24523633934445,-0.7221710587879913,1.1349754838721378,1.1312406465824028,0.49529205814738886,-0.0302163407422143,0.3336640734748943,0.0,1.0,0.0,0.0,0.0925,0.8140000000000001,0.0935,0.05625000000000002,0.3695833333333334,0.14
2018-10-23,-0.012476094845245589,7.58160160092558e-05,0.003516753458238542,0.016343947874427833,-0.17043995261848632,ibm,0.25,0.20709999084472655,0.2407719101502019,0.9624553740539163,1.2279264320941554,-0.6303103256322974,1.1088712571003148,1.1093132902013882,0.41654297989222644,-0.03526298092949756,0.36171627440887916,0.0,1.0,0.0,0.0,0.0,0.855,0.145,0.8807,0.6916666666666668,0.12
2018-10-24,0.016664092527489238,-0.0015921366419280325,-0.010980449673664072,-0.030485519633623226,-0.11654498215185316,ibm,0.5,0.25229999542236325,0.18414777057668177,0.9748466207335882,1.2652289042999587,-0.5538417161521488,1.138665749500797,1.1418730373518207,0.44662913045795277,-0.03992916890353284,0.33375479547109377,0.0,1.0,0.0,0.0,0.034,0.938,0.029,-0.1027,0.695,0.06
2018-10-25,-0.029884838308390504,-0.029614970837404497,-0.014645695237731293,-0.005974375815929189,0.8045111195863233,ibm,0.75,0.2421999931335449,0.11024307984627468,0.9644387962196118,1.2692900118415922,-0.5044141846586733,1.1395782560782748,1.146488751529172,0.48413926862604884,-0.042994707596545056,0.32875966188249167,0.0,0.88325,0.11674999999999999,0.174975,0.012750000000000001,0.9095,0.078,0.563,0.69875,0.09
2018-10-26,-0.016031434224102914,-0.01572894523973467,-0.011427188136896582,-0.013127717861890709,-0.14919015970796135,ibm,1.0,0.24159999847412109,0.09698836457178864,0.9608559937827462,1.2814150828478321,-0.5875450814120513,1.1484494237499785,1.1593129999374354,0.5113604212564353,-0.04637450849122001,0.318005615272717,0.202,0.639,0.159,-0.09149999999999997,0.051000000000000004,0.9185000000000001,0.0305,-0.14475,0.6033333333333334,0.07
2018-10-29,-0.0468812371353482,-0.01454919098902241,-0.04373134454486771,-0.04126930936649975,1.3326565093636162,ibm,0.0,0.24700000762939453,0.15013769838372132,0.9803828463707829,1.3305248813715942,-0.5380978291703636,1.1900005580817465,1.2053075819740933,0.5972980855841881,-0.0535479475347152,0.28779252969416463,0.0,0.9516666666666667,0.04833333333333333,0.0593,0.016,0.943,0.04133333333333333,0.4355,0.7541666666666668,0.07
2018-10-30,0.009552476027196999,-0.01976602100437508,-0.026627172831580226,-0.03543963612180756,0.04929980751824181,ibm,0.25,0.23350000381469727,0.1589194259070003,0.9909675537549546,1.3716147383817414,-0.45786083489609475,1.224144985515164,1.2451689490296283,0.6370301639966196,-0.06201895732771919,0.2662483869760905,0.0,0.858,0.142,0.2679333333333333,0.011000000000000001,0.9006666666666666,0.08800000000000001,0.6097666666666667,0.4708333333333334,0.07
2018-10-31,-0.033117512463330834,-0.041152314730675155,-0.00920543193045098,0.0002599490682391181,0.008686476017495837,ibm,0.5,0.21229999542236327,0.11478963325358142,0.971069986131426,1.3581598533822339,-0.3890289844396306,1.2141153409321888,1.2402855901243826,0.6494708341897446,-0.0663695844464121,0.2666501894111784,0.0,0.903,0.097,0.17,0.047,0.8075,0.146,0.9951,0.3941666666666666,0.07
2018-11-01,-0.008498600065355189,0.004291851079466946,0.008940310796355266,0.012128564400422537,-0.37044583927949126,ibm,0.75,0.1934000015258789,0.08956216851482274,0.9460740086870377,1.3257311733127481,-0.3154630301802379,1.1897743182386633,1.2211346873897477,0.621448612412945,-0.06725129227065393,0.2855387746192981,0.06799999999999999,0.8530000000000001,0.079,0.05283333333333334,0.034,0.9253333333333332,0.04066666666666666,0.13043333333333332,0.3266666666666666,0.06
2018-11-05,0.005194825833246597,0.0322222530674372,0.007731736663111333,0.027646986297205967,-0.32892039079728186,ibm,0.0,0.19959999084472657,0.09150671922335069,0.905194077102488,1.2541096439552117,-0.2219217513828424,1.1395385880387368,1.1808526459254312,0.4167398336909784,-0.06408933067069289,0.3355590854732984,0.0,1.0,0.0,0.0,0.034,0.938,0.029,-0.1027,0.6166666666666667,0.09
2018-11-06,0.03962101257609163,0.025171824916337515,0.03715518795815198,0.02548725746801539,0.04951547538946177,ibm,0.25,0.1990999984741211,0.04474714744440126,0.8854971580714754,1.200549012434804,-0.1986450023733922,1.10423437381404,1.1488520829891247,0.27606630429260365,-0.0577722585841871,0.37092730810081664,0.0,0.9616666666666666,0.03833333333333334,0.025733333333333334,0.022333333333333334,0.8693333333333332,0.10866666666666665,0.5564,0.6529166666666667,0.12
2018-11-07,0.02560064837177145,0.010096063235334629,0.016789970353784378,0.013970144091539183,0.2902140477822228,ibm,0.5,0.16360000610351563,0.077420239128337,0.8754175284863175,1.1675894883247644,-0.08005330166514688,1.0818727831083432,1.1305510824319807,0.2227032047922904,-0.051577608287181484,0.3898137686787193,0.251,0.618,0.131,-0.3716,0.023,0.904,0.073,0.9718,0.6341666666666667,0.25
2018-11-08,-0.009128307461834018,-0.005277455845505097,0.0024523599463184276,-0.011695004759505911,-0.16040929860818587,ibm,0.75,0.16719999313354492,0.0510212134071075,0.8855139477800019,1.1689924935137719,-0.013769702489525235,1.0870778858691397,1.1411560653686434,0.22270320479229053,-0.0482573969277536,0.379801008843389,0.2265,0.7735000000000001,0.0,-0.2983,0.0495,0.885,0.0655,0.5768,0.615,0.29
2018-11-12,0.006848160018112948,-0.006671993312931224,-0.01614609702925196,-0.020100474234921895,-0.4825996902516443,ibm,0.0,0.20450000762939452,0.21357964166956112,0.9115594801162175,1.1540401633886983,-0.15283062390837307,1.0928977049825834,1.1580906929532728,0.2797112091140563,-0.04367732925969436,0.36358270474235804,0.07425,0.92575,0.0,-0.146475,0.01575,0.9275,0.05675,0.15345000000000003,0.56125,0.11
2018-11-13,-0.018704446597522573,-0.010682246328375444,-0.006216336116720456,-0.0004963128686618079,-0.24069094695691262,ibm,0.25,0.20020000457763673,0.047512643314174124,0.9304878325904506,1.1160448143520443,-0.2769369385814722,1.084362273493654,1.1551252584471605,0.3009345728029184,-0.04186063710297341,0.3631794817554891,0.0,1.0,0.0,0.0,0.04,0.8785000000000001,0.0815,0.9613,0.6166666666666667,0.1
2018-11-14,-0.0006601450264541731,-0.0026175537733398313,-0.0010842355872873188,-0.0052962584892722875,0.16597312630580108,ibm,0.5,0.2125,0.06201425236770075,0.9383483893203892,1.1075584695420648,-0.1557393628994862,1.0809789517577633,1.1577024621295364,0.3047303920539785,-0.04058068550207325,0.35878909683865073,0.108,0.7886666666666667,0.10333333333333333,-0.014533333333333323,0.024333333333333332,0.9193333333333333,0.056333333333333326,0.15839999999999999,0.6091666666666666,0.07
2018-11-19,0.004293678347541796,0.002050359370853183,0.0,0.0009151505888793654,-0.13252007581856062,ibm,0.0,0.20100000381469726,0.12437041396031816,0.9425697866784299,1.079564720935302,-0.3587725690902896,1.0563267259608662,1.1464854811992333,0.31393516565738044,-0.034146403544673715,0.3661647068947743,0.0,1.0,0.0,0.0,0.011999999999999999,0.8929999999999999,0.09500000000000001,0.8368666666666668,0.7004166666666667,0.08
2018-11-20,-0.02581602371940306,-0.022016690668232752,-0.025632457629603422,-0.025849862819756098,0.5089563515985591,ibm,0.25,0.22479999542236329,0.1104456245372866,0.9711506807041363,1.092688877832897,-0.6258138117892623,1.0758134125975127,1.1727147173410502,0.4067291286422735,-0.035572637152705255,0.34417969542275967,0.0,1.0,0.0,0.0,0.0,0.941,0.059,0.6597,0.7604166666666667,0.07
2018-11-21,-0.007426793840349832,0.00016736754888801997,0.005912568362063109,0.011689437323604057,-0.14405338195905104,ibm,0.5,0.20799999237060546,0.06567723589824713,0.961146123092907,1.0715602333401761,-0.5879200490011571,1.056602258758184,1.1552261330354328,0.405405444347881,-0.03424200070403142,0.36164581547293717,0.0,1.0,0.0,0.0,0.0,0.946,0.054,0.6808,0.7033333333333333,0.13
2018-11-26,0.006462038391296554,0.006191963695466152,0.0057075217505069276,0.008349446696205964,-0.06085306742382124,ibm,0.0,0.18899999618530278,0.056217239909788684,0.9546685327644471,1.049086949301966,-0.5088194213830696,1.035831403492436,1.1377537341684352,0.2900667304491843,-0.03166984858117736,0.3815493331315074,0.0,0.809,0.191,0.3818,0.04,0.825,0.135,0.9859,0.5833333333333334,0.17
2018-11-27,8.447557957946827e-05,-0.0017463851850790801,0.0026257543340326706,0.003931101759767852,-0.021412500851360372,ibm,0.25,0.19020000457763672,0.041526579645937596,0.9510878498161244,1.045146427843825,-0.4070942149292081,1.0259157419534994,1.129625929422611,0.29006673044918413,-0.02922899412318351,0.3873033018349337,0.0,0.588,0.412,0.6369,0.054,0.837,0.109,0.9169,0.6575,0.19
2018-11-28,0.02221661645973816,0.025408203309769783,0.015628926083463224,0.02474379516910785,0.040927403436091137,ibm,0.5,0.18489999771118165,0.14343615483446198,0.9330796951990924,1.0211317219651674,-0.15943792719030503,0.995149067255335,1.0992764453121757,0.10612857163005072,-0.024500606622130824,0.42243068033787673,0.0,1.0,0.0,0.0,0.0,0.9635,0.0365,0.43125,0.6525,0.21
2018-11-29,0.011817191042016617,0.0002437088558961964,0.009815388594171193,-0.0123577292318936,0.018728647743986304,ibm,0.75,0.18790000915527344,0.0716916463954378,0.9510475093974525,1.032595932804419,-0.08957799356640515,1.0041515956708347,1.109576364763252,0.10447290626157775,-0.022331545111914344,0.40998610013779685,0.0,1.0,0.0,0.0,0.027,0.886,0.087,0.9779,0.6508333333333333,0.23
2018-12-04,0.01674288970931559,0.014619876028501677,-0.0005766359118748454,0.0009878208397680055,0.15395845608951886,ibm,0.25,0.20739999771118164,0.08989656343371358,0.9605265711275432,1.0364718143616662,0.01903415028100606,0.9980921217723047,1.0993928417382814,0.07051085356280519,-0.01335003661259877,0.4213034813241082,0.0,1.0,0.0,0.0,0.034,0.938,0.029,-0.1027,0.68375,0.2
2018-12-06,-0.03831630519630236,-0.008085179917149188,-0.01673123470756921,0.01899670370987039,0.15619848035570105,ibm,0.75,0.21190000534057618,0.07240810987022103,0.9423395264600665,1.0180672619162823,-0.20569865039288188,0.9775213402843692,1.075860196722753,0.15197706502119168,-0.010776340442515523,0.44585802928087204,0.0,0.789,0.211,0.34,0.023,0.902,0.076,0.9747,0.6875,0.15
2018-12-07,0.0349147488760555,0.0011298460593600623,-0.003604334003936782,-0.03688155531943482,0.011761369617927064,ibm,1.0,0.2322999954223633,0.04031623725860931,0.9777481109894712,1.0531216063441702,-0.16699532544506185,1.0127562389560294,1.1132562131662387,0.1684791685680098,-0.012225093847320486,0.4102342490470723,0.0,1.0,0.0,0.0,0.043,0.9005,0.057,0.41365,0.6508333333333333,0.11
2018-12-11,-0.005246160206847428,-0.0019346471023685696,0.009506192640209798,0.012988090733877744,-0.2815687350170283,ibm,0.25,0.2176000022888184,0.03253763086849867,0.9654833883380918,1.0352941359853296,-0.244480899229935,0.9972288677433653,1.0913640336936228,0.06677757353180669,-0.011172377797453708,0.4268721811288577,0.0,0.932,0.06799999999999999,0.19756666666666667,0.011333333333333334,0.866,0.12266666666666666,0.8704666666666666,0.6879166666666667,0.08
2018-12-12,-0.006004069750238261,-0.007511555098230205,0.008333343862957143,0.0022334276113122886,-0.29398589557737764,ibm,0.5,0.21459999084472656,0.048878465923544265,0.9634298925186603,1.033103590093788,-0.14158255341808784,0.9954247725432167,1.085248148863894,0.06677757353180676,-0.010546707232610633,0.4297463068904802,0.0,0.8205,0.1795,0.2899,0.009,0.9285,0.0625,0.5849,0.7116666666666667,0.1
2018-12-17,-0.02807934331731121,-0.02522784546157064,-0.04900829685622499,-0.0417629794909834,1.0711978654683332,ibm,0.0,0.24520000457763672,0.08459870136071927,0.9984505466023126,1.0801455103777757,-0.4635262947862303,1.0414125855315373,1.1193339251574992,0.306789075514416,-0.01352328687376206,0.3896531692102213,0.0,1.0,0.0,0.0,0.028,0.8875,0.08499999999999999,0.4472,0.6616666666666667,0.1
2018-12-18,-0.01822457354371898,-0.012940380654141825,0.008255882636264866,0.004737274062017072,-0.14703372312761398,ibm,0.25,0.25579999923706054,0.09714468122263693,0.9890402394866085,1.0755376172638038,-0.3658827675253406,1.036782428103847,1.1090984825893093,0.3067890755144158,-0.014989591704304547,0.3960594506423881,0.0,0.789,0.211,0.34,0.013,0.891,0.095,0.9899,0.7454166666666667,0.08
2018-12-20,-0.010265156412751608,-0.015055403436456283,-0.03723496748156718,-0.031118700973287616,0.34405899249325445,ibm,0.75,0.283799991607666,0.07725456252283734,1.007731494103249,1.116025359660252,-0.654590418645818,1.066032560266375,1.1344732547528324,0.32575758957415446,-0.01985685505500139,0.3687756243567771,0.09233333333333334,0.9076666666666666,0.0,-0.10606666666666666,0.066,0.8903333333333334,0.044000000000000004,-0.32776666666666665,0.6733333333333333,0.05
2018-12-24,-0.05012961338358635,-0.046801220770310015,-0.03760072061742881,-0.04822157317473752,-0.5479987000330873,ibm,0.0,0.3606999969482422,0.09486551559612438,1.02341127373637,1.1919090188234274,-0.872444592617302,1.110836376750911,1.1788432624368135,0.43412906760041603,-0.030059925684995704,0.3323811005498716,0.0,1.0,0.0,0.0,0.034,0.938,0.029,-0.1027,0.4016666666666666,0.02
2018-12-26,-0.017288451109885195,0.003513509432985673,-0.014511610587596091,0.035511764501648724,0.7391010771583195,ibm,0.5,0.3040999984741211,0.11233918826495073,0.9789325961825,1.1530810747913616,-0.4673236440011512,1.0691055597108665,1.1324580528498271,0.46870405118898717,-0.029959835571598162,0.3775004929296728,0.0,0.8885000000000001,0.1115,0.1591,0.0205,0.8995,0.0805,0.44575,0.49875,0.04
2019-01-03,0.06046294728825963,0.03133140469578799,0.06371523918478128,0.013645755421248129,-0.3459478642544703,ibm,0.75,0.2545000076293945,0.10652882275340993,0.9531437048683105,1.1098799581214551,-0.13321515796585834,1.0439819402394468,1.0889144860127067,0.19746433231304383,-0.02295764962108363,0.4043697070428116,0.0,1.0,0.0,0.0,0.042,0.865,0.093,0.9741,0.6320833333333333,0.1
2019-01-04,0.003317909401430841,0.022719326672161477,0.015529348612769445,0.039057687213379655,0.030160900953845493,ibm,1.0,0.21379999160766602,0.057489333902326925,0.9182310164349623,1.0635964244205485,0.107937118257034,1.0038896253409153,1.0435688521878204,0.0656324106896452,-0.018399584178842708,0.4500975419762749,0.0,1.0,0.0,0.0,0.034,0.938,0.029,-0.1027,0.66625,0.16
2019-01-08,0.041336681314779966,0.02621498723918858,0.039671472470906854,0.021394430191558067,0.06382602595041309,ibm,0.25,0.2046999931335449,0.057417389116631086,0.9025017736480804,1.0334158210621813,0.44041269238108016,0.9834766128485518,1.0144844350492024,0.06873794786945484,-0.01032482153665615,0.47440405357021975,0.049666666666666665,0.8023333333333333,0.148,0.1304,0.05366666666666667,0.8119999999999999,0.13433333333333333,0.23146666666666668,0.64625,0.22
2019-01-09,0.010446277847848684,0.006884000559689962,0.0074802501850042,0.0071768512267011975,-0.23719466011175405,ibm,0.5,0.1997999954223633,0.04662794188472505,0.8963727840830511,1.025385447182756,0.5166992684851739,0.9774353056209196,1.0047242332518238,0.10228782555593571,-0.006378847466406732,0.4826005175409577,0.0,1.0,0.0,0.0,0.057,0.795,0.148,0.9978,0.6745833333333333,0.27
2019-01-10,-0.006864642536772103,0.0037890869352918966,0.0006673479065588683,0.009114284661990268,0.0760382546009446,ibm,0.75,0.195,0.05126186250387418,0.8875861574010667,1.0175537977873772,0.40182597638012996,0.9692174857066025,0.993041283926957,0.12104732879241667,-0.0025221673707033097,0.4930609092042303,0.0,0.684,0.316,0.5719,0.039,0.814,0.147,0.9993,0.6783333333333332,0.31
2019-01-14,0.0035809879268011713,-0.0099293956069324,-0.001583960800163653,-0.011495198097245196,0.337263378208545,ibm,0.0,0.1906999969482422,0.02719014142585926,0.8978816491468619,1.0293797158536673,0.36136687140120705,0.980161678635198,0.9984425453383536,0.09601371929230157,0.0017685112168112388,0.4799488228176479,0.0,1.0,0.0,0.0,0.057,0.796,0.147,0.9978,0.5129166666666667,0.28
2019-01-15,0.003734094932946741,0.010609197764497535,0.00885101467214966,0.011130458945826538,-0.3291831376320572,ibm,0.25,0.18600000381469728,0.08594135753243784,0.8868742199635903,1.0206753008976448,0.242454015287407,0.9694405796320458,0.9857649604624393,0.15471241494413787,0.0037683572476944014,0.4933939850745846,0.0,1.0,0.0,0.0,0.035,0.837,0.128,0.996,0.54375,0.31
2019-01-16,0.0051256706697710985,0.0005740639717100038,8.276257649342256e-05,-0.0009036482437763116,0.09511058657424876,ibm,0.5,0.19040000915527344,0.2637493986134556,0.886940278552731,1.0268732806747696,0.2778942617038575,0.9695910987570225,0.9854327938364232,0.15790873648619408,0.005240145728456349,0.49231310342008866,0.0412,0.8699999999999999,0.0888,0.022420000000000006,0.013000000000000001,0.8870000000000001,0.0998,0.5602199999999999,0.6104166666666666,0.36
2019-01-18,0.013900296338801077,0.022295126833877354,0.015559067445323427,0.018089180015746553,0.5642652890605808,ibm,1.0,0.17799999237060546,0.027491262444737152,0.8687645755021407,1.0214873558261466,0.41730789347796854,0.9521213368440328,0.9661591876537472,0.27796535759536767,0.008687794200545468,0.5148635192146648,0.0,0.708,0.292,0.5106,0.024,0.789,0.187,0.9698,0.5191666666666667,0.51
2019-01-22,0.0002434177351959832,-0.007376509704068224,-0.009534664041452756,-0.010499163520213073,0.6730298106999788,ibm,0.25,0.20799999237060546,0.04180964798724827,0.8809891680133923,1.0370732386643577,0.2979604076818055,0.9618457129452969,0.9752285621645056,0.19861821556816886,0.00949797612133067,0.5011380281853866,0.08216666666666667,0.7631666666666667,0.15466666666666665,0.13638333333333333,0.046000000000000006,0.8490000000000001,0.105,0.7247499999999999,0.5466666666666666,0.51
2019-01-23,0.06545010286750741,0.09046844311240987,0.07215732983407963,0.08463929118470004,1.1948689515074453,ibm,0.5,0.19520000457763673,0.1929392081560443,0.807598315445935,0.9773064587638235,0.25367351792546855,0.8901873584880694,0.8998394522496049,0.5099610727102665,0.015400626475691705,0.5910916219536371,0.09759999999999999,0.6856,0.21680000000000002,0.19844,0.036,0.8433999999999999,0.12,0.72264,0.5891666666666666,0.55
2019-01-24,0.009591238226984045,-0.013259257586561213,0.008594841098876316,-0.0027090180918885043,-0.7134252336468846,ibm,0.75,0.1888999938964844,0.07358741620162197,0.8163455687579212,0.9922411529761282,0.2514487889120404,0.895472717366747,0.903048362357958,0.5099610727102666,0.020269198638078575,0.5872885187780859,0.11733333333333333,0.8826666666666667,0.0,-0.14049999999999999,0.056666666666666664,0.8450000000000001,0.09866666666666667,0.9304,0.51,0.58
2019-01-25,0.0018095524561723142,0.009233562603307766,0.007608622854928804,0.010865507223198456,-0.09734457878907787,ibm,1.0,0.17420000076293946,0.09940672429970218,0.8093436650399217,0.996657594707514,0.4275282736018343,0.889101995303011,0.8944837988108448,0.5327420261992453,0.0244212579111097,0.5979914285702981,0.0,1.0,0.0,0.0,0.0,0.918,0.082,0.7184,0.4166666666666666,0.58
2019-01-28,0.001730967005738826,0.0027521629861739783,0.0011326632766712752,0.002239286249548167,-0.061271302559154694,ibm,0.0,0.18870000839233397,0.16712022305462645,0.8088790930960106,1.0083473469027437,0.3523373791857048,0.8903701263343866,0.8943012617351569,0.5396240188842438,0.027683326705150644,0.6002257537025575,0.0,0.682,0.318,0.6808,0.0,0.956,0.044,0.5106,0.5925,0.55
2019-02-01,0.014049667496538909,0.002892957037782473,0.005807812084200226,-0.0012660858037915057,-0.28962052077798006,ibm,1.0,0.16139999389648438,0.185969539003209,0.8413439825780636,1.03964028632045,0.5038497500009309,0.9073700849011253,0.9046196475293479,0.5384320661224727,0.03249296007035655,0.597362473782701,0.0,1.0,0.0,0.0,0.0,0.957,0.043,0.3612,0.54875,0.61
2019-02-05,0.0022967220093657037,0.004585747998125278,0.011773570000837896,0.010812803927116033,0.4185232836549717,ibm,0.25,0.15569999694824221,0.03318761808378812,0.8472393433070705,1.0396436928959731,0.5573896039463961,0.9078175152523429,0.8983314697806366,0.5261684269732433,0.03261876676952713,0.6097672538645068,0.0,1.0,0.0,0.0,0.052,0.788,0.16,0.9987,0.4454166666666666,0.64
2019-02-06,-0.00044349680774324884,0.006111058556427906,0.001852893088553742,0.005680499542020545,-0.09616770926870766,ibm,0.5,0.15380000114440917,0.037470739834206276,0.8489341439839013,1.0393875326101951,0.5106874754118523,0.9088957706112326,0.8946608813053737,0.5474021704576956,0.03260825910720998,0.6164259185784637,0.15233333333333335,0.7303333333333334,0.11733333333333333,-0.09603333333333335,0.06133333333333333,0.8286666666666666,0.10999999999999999,0.19499999999999998,0.4491666666666666,0.63
2019-02-07,-0.012350238660878698,-0.015953101607188658,-0.022564125574304983,-0.022960650192214382,-0.10252683788105643,ibm,0.75,0.16370000839233398,0.04930663318932723,0.8767966304745005,1.065286130376755,0.42317444225799267,0.9366669241100919,0.9169131882195247,0.31578540869096666,0.03125887881975351,0.5751563175421309,0.108,0.892,0.0,-0.148,0.066,0.841,0.0935,0.91625,0.4483333333333333,0.63
2019-02-19,0.031898201490995204,0.03145681942459144,0.039660848559937456,0.04136952073161537,-0.22690320490598692,ibm,0.25,0.14880000114440917,0.032017880343401174,0.921868950885049,1.0162276058975603,0.7127755384418395,0.937229000498153,0.8931867011334776,0.4731652774998391,0.026638719477496686,0.6201594133896909,0.0,1.0,0.0,0.0,0.032,0.902,0.066,0.9136,0.6420833333333333,0.69
2019-02-20,0.006893522919015016,0.0038932813078425,-0.0010191558540401102,-0.005046893021587007,0.1229583881368097,ibm,0.5,0.1402000045776367,0.049713433306084874,0.9531765493684862,1.005968384250644,0.6205910505674155,0.9467777750662589,0.9002294619515385,0.49021761994323865,0.026186258808970502,0.610073654823383,0.0,1.0,0.0,0.0,0.011,0.862,0.127,0.9994,0.67125,0.7
2019-02-25,0.008936308828600525,0.008833631440501755,0.01530386440226894,0.010579742109894985,-0.15986328016953943,ibm,0.0,0.14850000381469727,0.04461389378296338,0.9466938771380875,1.0042453957794577,0.44919403084910975,0.9498302645679945,0.8981224841823653,0.5568470551060878,0.024657633425947283,0.6229335142267753,0.0,0.776,0.224,0.3818,0.073,0.826,0.101,0.9001,0.6133333333333334,0.7
2019-03-04,-7.148110328059065e-05,-0.0027763903085514796,-0.01543210725146138,-0.007385682940484695,0.066589387492207,ibm,0.0,0.1463000011444092,0.07797018363662181,0.9618251544085085,1.020353600747327,-0.04568575704143501,0.9779094339309379,0.9145043364707439,0.2815128480066157,0.01987370406376637,0.5986055685054349,0.0,1.0,0.0,0.0,0.034,0.809,0.157,0.9997,0.42875,0.65
2019-03-06,-0.013358116740748605,-0.01206452048815021,-0.00328057007497351,-0.010474587066200192,-0.18744298278967686,ibm,0.5,0.15739999771118163,0.04317138101669949,0.9748837336295264,1.0312850428361762,-0.05748148019661405,0.9952012451779821,0.9277558713437782,0.2050616933721852,0.01646263351862632,0.5752713578538909,0.0,1.0,0.0,0.0,0.014,0.893,0.093,0.9965,0.4529166666666666,0.61
2019-03-08,-0.02830862287706415,-0.022761777743742218,-0.022966669328338685,-0.013797645255940849,0.3631471017480752,ibm,1.0,0.16049999237060547,0.02245960105328981,0.9908435136706312,1.0440887777338934,-0.4210870577677401,1.0103659400606984,0.9444345790369583,0.031209011976593558,0.011491468129022644,0.5460587490252291,0.0,0.806,0.194,0.34,0.0,0.909,0.091,0.6369,0.4083333333333334,0.55
2019-03-11,0.013560820870273327,0.018411682038059318,0.01691865775561796,0.019394445929178383,0.04391026923990915,ibm,0.0,0.14329999923706058,0.13996417290410754,0.976786070691577,1.0223353551752248,-0.30563271797459446,0.9920485471202081,0.9285019569650428,0.12137178460190713,0.010768648456897085,0.5777146293624871,0.0,0.722,0.278,0.4019,0.0,0.848,0.152,0.9371,0.4916666666666666,0.59
2019-03-12,0.018304754545242385,0.014303437905448968,0.014870446255558223,0.004139163898859932,0.003909226726413362,ibm,0.25,0.13770000457763673,0.07260839532720045,0.9779859040227824,1.0159973370183148,-0.21019804739099454,0.9889258588779837,0.9267380232855913,0.21909253427374187,0.010537482110644422,0.5842398969124072,0.0,0.741,0.259,0.4215,0.051,0.826,0.123,0.9779,0.58,0.59
2019-03-14,-7.224483602097376e-05,-0.005440231204970614,0.0014507722111651855,0.0036881113379558794,-0.3075073925160082,ibm,0.75,0.135,0.030885371036250546,0.9765744683481349,1.0128052932522906,-0.4053880571959283,0.987367066567599,0.9277422086247548,0.21835788958512642,0.010326115353588655,0.5901921690616398,0.122,0.878,0.0,-0.2202,0.054000000000000006,0.7865,0.15949999999999998,0.90585,0.535,0.6
2019-03-18,0.00953009347336553,0.010292199915084677,0.004780578034682126,0.010231335193325197,0.19349285897808266,ibm,0.0,0.13100000381469729,0.048006679586993214,0.9677079232834955,1.0051827574063308,-0.21716914860903266,0.9800109455379991,0.9239200824326582,0.2440363489598628,0.01089403251834769,0.6070126917691756,0.0,1.0,0.0,0.0,0.0,0.975,0.025,0.1531,0.6908333333333333,0.67
2019-03-19,0.008081249205275531,0.009474877628434575,0.009227218043867058,0.001996993411048642,0.0654123271239373,ibm,0.25,0.135600004196167,0.042823974630390664,0.9651897479325368,1.0050430414375437,-0.07558578240361699,0.9793152749939249,0.9249329925037719,0.30798897540070364,0.011280923427409013,0.610324951708521,0.0,0.9106666666666667,0.08933333333333333,0.09866666666666667,0.042,0.883,0.075,0.7576,0.7408333333333332,0.67
2019-03-20,-0.0030506028456366296,-0.00705717240027659,-0.007285714302000756,-0.006334971891842622,0.04801418591588269,ibm,0.5,0.1390999984741211,0.049102924978496894,0.9716074730978599,1.012332387557052,0.02724173093627127,0.9865258093525625,0.9340031251023031,0.22315772099660683,0.011037061936653866,0.593866371946547,0.0,1.0,0.0,0.0,0.0,0.937,0.063,0.4767,0.7391666666666667,0.64
2019-03-22,0.0031310354461879797,0.005259428777302011,-0.0005757012059062205,-0.0010744885346539723,0.062392056116018946,ibm,1.0,0.1647999954223633,0.09209563967621687,0.9719946540267069,1.0168042125065284,0.38065101000555396,0.9903071701951683,0.94246325921597,0.29153677547575,0.010987852835636542,0.5805917135456231,0.0,1.0,0.0,0.0,0.084,0.875,0.041,-0.9721,0.645,0.59
2019-03-25,-0.0135489836592253,-0.010817252083951678,-0.003959608067860887,-0.0019361139619843426,-0.26756413616793373,ibm,0.0,0.16329999923706054,0.021224621888873498,0.973868984692175,1.018586715441297,0.35809007628649975,0.9935382933343181,0.9476193410000772,0.24310939917100977,0.010148015724677883,0.5759436748827256,0.0,1.0,0.0,0.0,0.071,0.8085,0.1205,-0.013900000000000023,0.5829166666666666,0.55
2019-03-26,0.006256302614565001,0.007933688573120268,0.00773392769177339,0.007472328817329732,-0.10074665932317561,ibm,0.25,0.1468000030517578,0.04565919175537162,0.9665121634630489,1.01152226050244,0.3403044559956206,0.9876503182444346,0.9437336173445751,0.2997551417345611,0.009879934088478953,0.5890533227970234,0.0,0.813,0.187,0.3182,0.043,0.807,0.15,0.9907,0.5883333333333334,0.51
2019-03-28,-0.00014291966511859044,-0.004112973908760309,-0.0022951940817901306,-0.0021395887896338284,0.043153000370624195,ibm,0.75,0.1443000030517578,0.030687814965823776,0.9689800758486328,1.0146249307354958,0.3056876421809116,0.9910997266575229,0.9520059576553385,0.21074871736765557,0.008717635261205307,0.5806271568151525,0.0,0.722,0.278,0.4019,0.0,0.726,0.274,0.9872,0.6095833333333334,0.48
2019-04-02,0.02458717919759623,0.024992965202413453,0.025161787046938944,0.022012685512270647,-0.09726320942249234,ibm,0.25,0.13359999656677246,0.20173942986137985,0.9451821788363963,1.00401351945562,0.5550358261129541,0.9730605535651815,0.9410535649397236,0.3866448866206531,0.01093877315719067,0.6159651595620379,0.0,0.707,0.293,0.45355,0.0345,0.8255,0.14,0.99615,0.6633333333333333,0.56
2019-04-04,0.001883551177044085,0.0013198755697951814,-0.0004207310378065987,-0.0015384768208890343,0.15232042668006662,ibm,0.75,0.13579999923706057,0.05031416637863616,0.9518907443059129,1.0101626919324158,0.7641770964714596,0.9770275611287192,0.9481568062234256,0.350029869308915,0.011835177514699386,0.6070963785122208,0.097,0.5900000000000001,0.313,0.46840000000000004,0.0395,0.8160000000000001,0.1445,0.94505,0.66625,0.7
2019-04-05,-0.002297753056224927,-0.0044400713281547155,-0.0005613228093237499,0.003501895374182551,-0.01418216079578527,ibm,1.0,0.12819999694824222,0.021361866977579382,0.9547753040581565,1.0061472881419127,0.8121002450419486,0.9745556133077363,0.9474757698906568,0.3415730702191233,0.01197280323032268,0.6132210128085276,0.0,0.682,0.318,0.4215,0.023,0.877,0.1,0.9924,0.55,0.74
2019-04-08,-0.0018842284420919064,-0.0005575676038206412,0.002878101011273504,0.0007677351612231931,-0.22461393200891844,ibm,0.0,0.1318000030517578,0.0399648262123844,0.9561882791123094,1.0071912314056746,0.7665333522433164,0.9747215792852421,0.9492595532816722,0.34157307021912325,0.012028554801836016,0.6145883282275468,0.0,0.9536666666666666,0.04633333333333334,0.09106666666666667,0.04133333333333333,0.8763333333333333,0.08233333333333333,0.5149,0.69125,0.72
2019-04-15,0.009648954040079705,0.00725142098805609,0.0027996844280526734,0.0035566776558986213,0.7010670069149414,ibm,0.0,0.1231999969482422,0.06718372592339467,0.9608698586459096,1.0107632641297561,0.5339413941809518,0.976481365492966,0.958609000980749,0.2707712753896803,0.011153124306447595,0.6092199751925242,0.0,1.0,0.0,0.0,0.0,0.928,0.072,0.6597,0.57375,0.7
2019-04-16,0.0,0.006437752355130444,0.005234822273940454,0.00861711072850313,0.7489176685159011,ibm,0.25,0.1218000030517578,0.06830116199570183,0.9527321462664912,1.0052601538042178,0.49984464101429416,0.9698061638289535,0.9528673448366743,0.3308516193404236,0.011484469838526318,0.625287355555556,0.16199999999999998,0.7717499999999999,0.06625,-0.152475,0.02725,0.85025,0.12225,0.972475,0.6341666666666667,0.69
2019-04-17,-0.04868420441801724,-0.023454063686671134,-0.0538813622378308,-0.04154607806157962,0.9876700237788281,ibm,0.5,0.12600000381469728,0.1974165822855939,0.9933291600956446,1.0491839485886314,0.4970970704056645,1.0123547152617045,0.9961588982153878,0.2328820449565726,0.008736603187295989,0.5181203049023512,0.0,1.0,0.0,0.0,0.0475,0.8795,0.07250000000000001,0.2839,0.6770833333333333,0.71
2019-04-18,0.011865776808927864,-0.010494509422856457,0.017906993878454402,0.008770062875561369,-0.6040141408692278,ibm,0.75,0.1209000015258789,0.13228017811704096,0.9838074397498688,1.0401574496836932,0.45602737481365696,1.0047340386913817,0.9883821065392057,0.23288204495657264,0.006734668882107674,0.5348074318494703,0.0,0.891,0.109,0.0258,0.0,0.848,0.152,0.8481,0.53625,0.7
2019-04-23,0.0010791265711667108,0.003060695056456675,0.0017303600338729463,0.0007837606521670093,-0.10036294177511873,ibm,0.25,0.12279999732971192,0.11204218264429051,0.9837429190760957,1.0391353336938416,0.38340037124797505,1.0054970749334364,0.9891306524428135,0.21450897934263588,0.0032758619618519875,0.5341546491992873,0.0,0.611,0.389,0.6249,0.0,0.813,0.187,0.9274,0.5904166666666666,0.73
2019-04-25,0.003952608612718178,-0.008302573622268827,-0.008852819760656216,-0.012887999203556322,-0.3478327938894401,ibm,0.75,0.1325,0.7780821370608445,0.9953445301773808,1.053310174393217,0.3621153838602938,1.0190434951435,1.0032448439561994,0.28818534187646566,0.0004761628478779525,0.5070175324000487,0.0,1.0,0.0,0.0,0.0,0.934,0.066,0.6124,0.6020833333333333,0.71
2019-04-26,-0.0025770177680096706,0.001001840476433813,0.007987880489161547,0.005842928496486044,-0.20284530209775742,ibm,1.0,0.12729999542236328,0.1714902281714794,0.9889767141136377,1.0474331579364127,0.2741665654415523,1.0132792717907313,0.9980218081390604,0.27628791087502147,-0.00038374856847856376,0.5184466490217692,0.0,1.0,0.0,0.0,0.048,0.839,0.114,0.8537,0.5075,0.72
2019-05-06,-0.007463749099819839,0.0057187634382041,-0.006555715649240068,0.006741172028084996,0.2041124066612514,ibm,0.0,0.154399995803833,0.045766812142577135,0.9759925487948476,1.0346785700693442,-0.05129925184143491,1.0063708499836903,0.9950586874036685,0.2420274072494935,-0.0012065630121734212,0.5300165691472138,0.0,0.593,0.407,0.6705,0.0,0.863,0.137,0.8481,0.5533333333333333,0.4
2019-05-09,-0.024656559458430483,-0.036321042612521226,-0.03531549161710623,-0.0359025790539258,0.500984327426456,ibm,0.75,0.19100000381469726,0.06367004757742752,1.0005694054249392,1.0720182849338178,-0.4874438836720588,1.041961063091836,1.0330046005024698,0.4872143052577273,-0.005875803952238877,0.45418013601371904,0.31,0.531,0.159,-0.4019,0.11,0.801,0.089,-0.9633,0.5975,0.4
2019-05-10,-7.407068212594847e-05,0.0012539704551752795,-0.004585444898775104,-0.00014776673517236105,-0.051303321534014734,ibm,1.0,0.16040000915527344,0.042263695239640735,0.9962801559198896,1.0703619815392886,-0.5398671779678236,1.0409819365327693,1.0328863033686202,0.505839110968717,-0.007576855694279955,0.4539065836364373,0.237,0.763,0.0,-0.4767,0.065,0.899,0.036,-0.8429,0.5645833333333333,0.41
2019-05-14,-0.02268689174856553,-0.010534174694042608,-0.005588291730909467,-0.014853636235823808,-0.17528175225990672,ibm,0.25,0.18059999465942383,0.03684820480863841,0.995484751730546,1.0846742900962645,-0.6386598312003728,1.0517590764995042,1.0472370276913023,0.4788106042895024,-0.012848827334610659,0.4353958578392873,0.0,1.0,0.0,0.0,0.054,0.863,0.084,0.9689,0.6616666666666667,0.35
2019-05-15,0.005841296678627206,0.0020101776756087375,0.00524001159719889,0.008176458150800814,-0.22235084215943934,ibm,0.5,0.16440000534057617,0.04318615643962287,0.9875275842851925,1.0677699941665422,-0.602988329721692,1.041096219346474,1.0382105482209072,0.45385301547304413,-0.013164344057981411,0.4522316083011784,0.0,1.0,0.0,0.0,0.023,0.867,0.11,0.9982,0.6341666666666667,0.35
2019-05-16,0.01621541002033977,0.011293563271359996,0.017148912832273044,0.011011928124154302,0.18279113728129714,ibm,0.75,0.15289999961853026,0.14551973448355315,0.9750846429847433,1.0554495668476211,-0.46731932391689673,1.0278554258191337,1.0266423403534306,0.3198128951719609,-0.012328955545068347,0.47425194977955715,0.25,0.521,0.229,-0.0531,0.02,0.866,0.114,0.9968,0.6379166666666667,0.37
2019-05-23,0.0028944600614855265,-0.007200077393708204,-0.03119429938675089,-0.025684463872605923,0.770920783144746,ibm,0.75,0.16920000076293945,0.07224738917796786,0.9901550336264681,1.0760735187022485,-0.40029206391833616,1.0448926093133382,1.051086433862855,0.45417075165659104,-0.01151302093997563,0.4342995182503656,0.0,1.0,0.0,0.0,0.034,0.938,0.029,-0.1027,0.6041666666666666,0.28
2019-05-28,-0.022200813472134207,-0.01842666986675834,-0.0013033219935816298,-0.014578132379477138,-0.08133388057960389,ibm,0.25,0.175,0.028264730019777102,0.9940084069433508,1.0907148387858088,-0.22467581859298377,1.0538632387022624,1.0647720765680178,0.49254554201983114,-0.014557381144608183,0.41220507006959756,0.041666666666666664,0.7816666666666666,0.17666666666666667,0.22296666666666667,0.021333333333333333,0.9426666666666668,0.035666666666666666,0.2820666666666667,0.6120833333333333,0.23
2019-06-03,-0.03806860271457413,-0.030759952329702966,-0.02464112024539311,-0.01678674398741198,-0.13076526821440015,ibm,0.0,0.1886000061035156,0.10988225891143476,0.9875207903044982,1.0968168823124114,-0.2998794065745411,1.0578337103679445,1.078516648513302,0.582251161049086,-0.021038629749592735,0.39603850116086525,0.07333333333333333,0.7523333333333334,0.17466666666666666,0.18876666666666667,0.030333333333333334,0.8803333333333333,0.08933333333333333,0.482,0.5283333333333333,0.25
2019-06-05,0.04940996291367683,0.03928123247936521,0.02683773140084922,0.025103281933813504,-0.25911071866520197,ibm,0.5,0.1609000015258789,0.06021918040937509,0.9660222796939509,1.0567474898865141,0.03789846031463768,1.028088313407856,1.0510127465841517,0.21452636460657126,-0.016992701862718118,0.4478292960826614,0.085,0.8335,0.0815,-0.0129,0.0455,0.8945,0.0605,0.592,0.5391666666666667,0.29
2019-06-06,-0.008921917293503112,-0.007185059710746011,0.003295754078833646,0.0055517697445754965,-0.27302069724681854,ibm,0.75,0.1593000030517578,0.03469168859209724,0.9621489342766868,1.0450813851490226,0.1370362484597503,1.0204633457633676,1.04444610357965,0.2145263646065712,-0.01528455963258537,0.45790022975411754,0.0,1.0,0.0,0.0,0.0,0.955,0.045,0.4939,0.54625,0.29
2019-06-07,0.0021181515128518846,0.015604961712083698,0.010007623090599882,0.008243802903670439,0.11104335133034948,ibm,1.0,0.16299999237060547,0.034427386598182036,0.9545136365129769,1.0347820073467358,0.23758757102431635,1.0107893976265967,1.035249931536595,0.08926383756288458,-0.013080137849470751,0.472753893949924,0.293,0.707,0.0,-0.4404,0.028,0.87,0.102,0.9692,0.5575,0.32
2019-06-12,0.023326023286564412,0.009055845367039073,0.01664017919050753,0.011702034171280795,-0.11698122249945331,ibm,0.5,0.1590999984741211,0.05157047303314239,0.9440574842152957,1.0263140270530466,0.43453021945138465,0.9958355137721288,1.0216851058219907,0.027704264980913197,-0.005755059671750472,0.49326686619240834,0.0,1.0,0.0,0.0,0.0066,0.9046,0.08900000000000001,0.59376,0.5841666666666666,0.34
2019-06-13,-0.0031720054418948873,0.0024275657630101755,0.005059187326251768,0.006598948608388833,0.31072889600477605,ibm,0.75,0.15819999694824222,0.07833726009856888,0.9375510533383168,1.0209050810889084,0.6210939221161984,0.9881285757549823,1.014406575548694,0.008637031540023864,-0.0038082483077658455,0.5048035085094459,0.0,0.818,0.182,0.4404,0.0,0.938,0.062,0.6124,0.5929166666666666,0.39
2019-06-18,0.0005180463440055405,0.0067512312818800435,0.0008142801005397438,0.004566949795765218,-0.013738158488944885,ibm,0.25,0.15149999618530272,0.07752753117533873,0.9329851725918216,1.0174180110268292,0.8931629426441421,0.9802780938265895,1.008082765986381,0.03631217079601928,-0.0002720605724678479,0.5134102262463829,0.0,0.703,0.297,0.6705,0.013,0.83,0.157,0.9944,0.63,0.44
2019-06-20,0.027588742989159254,0.017129562464785364,0.022189377403105448,0.018111137820193912,0.05362479893570393,ibm,0.75,0.1475,0.04060637827402235,0.914068438394485,1.0038933357172823,0.7730424702531223,0.9629095835464204,0.9897335041324803,0.16787113642411114,0.003529813583070065,0.5451632462229045,0.0,1.0,0.0,0.0,0.093,0.865,0.042,0.08439999999999998,0.5979166666666667,0.45
2019-06-27,-0.0015115154685921839,-0.0017199437063579737,-0.0018090325048402134,-0.0023766891350155417,-0.2999673750554904,ibm,0.75,0.15819999694824222,0.048296697267320256,0.9250251202002021,1.026064964501395,0.3662860981834053,0.9710174189174621,0.9905741670825257,0.09836778995245136,0.008196909518388917,0.538127829520548,0.0,0.621,0.379,0.6705,0.057,0.846,0.097,0.7003,0.6416666666666667,0.47
2019-07-01,0.00634366206776571,0.015721454849856542,0.009641207769242266,0.00981803864833708,0.5711691824265761,ibm,0.0,0.140600004196167,0.04588588937651698,0.937573947912849,1.01064601482119,0.42616821602367055,0.9633829338025239,0.9799149649191069,0.23622652857978038,0.008704391853312619,0.5557606027221625,0.0,1.0,0.0,0.0,0.009,0.892,0.098,0.9882,0.5833333333333334,0.55
2019-07-02,0.0010744885346538613,-0.0074916781379333885,0.001364130473396008,0.00243073106778513,-0.28658556260072676,ibm,0.25,0.1293000030517578,0.02687056804729445,0.9379673022196356,1.0108986827122957,0.3712009135145898,0.9622592678046467,0.9771751167542541,0.2362265285797803,0.009434933701838052,0.560366508642003,0.0,0.892,0.108,0.148,0.0095,0.913,0.0775,0.63395,0.6275,0.62
2019-07-03,0.006941045936532886,0.009898175709695645,0.006883227962467098,0.009413758135291994,-0.19890452306762108,ibm,0.5,0.12569999694824222,0.027223190662616574,0.9338722296824156,1.0039191651653276,0.4125107652886206,0.9544839917203765,0.9678441727871501,0.3113982353999445,0.010567784051366533,0.577940694872564,0.0,0.7070000000000001,0.293,0.3544,0.0335,0.854,0.1125,0.10044999999999998,0.63,0.62
2019-07-09,-0.0007817019143303572,-0.005852516757771209,-0.009257270281605168,-0.015613942027298933,0.7432658907150265,ibm,0.25,0.1409000015258789,0.03454337306014473,0.9615025134623366,1.0221046649431085,0.3691731145397067,0.9744706431354606,0.9822830297158932,0.15241488229221334,0.010650290753502913,0.5387039691924472,0.161,0.839,0.0,-0.3454,0.07050000000000001,0.8085,0.121,0.8954,0.69875,0.56
2019-07-10,-0.004338252721297509,0.006525330172061583,0.004743697401870417,0.008181959915326775,-0.25297166277604055,ibm,0.5,0.13029999732971193,0.02604854182548002,0.9554546480838977,1.0152722219203612,0.2808439493617332,0.9689376274382281,0.9738508952092847,0.21136323143099936,0.01043672566075109,0.5550998924808077,0.141,0.859,0.0,-0.2023,0.076,0.837,0.087,0.34,0.69,0.58
2019-07-11,0.005642788976040647,-0.0023254406764067204,0.0036483870153776188,0.005481652303898299,-0.15155736423760968,ibm,0.75,0.1293000030517578,0.1432776498011402,0.9536960109272716,1.0107969737810196,0.3784546000807835,0.9663810621025082,0.9682278007301571,0.21136323143099933,0.010597375424830495,0.5658814334327208,0.0,1.0,0.0,0.0,0.03,0.919,0.051,0.5423,0.665,0.62
2019-07-12,0.008026146562000402,0.009464585140344317,0.009693476194620354,0.010620121049943254,0.3062967360566702,ibm,1.0,0.12390000343322755,0.08440897963979088,0.9452565943955695,1.003482483922978,0.5325731311710648,0.9593013478366852,0.9577729292879598,0.29317914248042043,0.011373453184993621,0.5860946200780799,0.0,1.0,0.0,0.0,0.091,0.847,0.062,-0.9885,0.6145833333333334,0.64
2019-07-15,0.00683491523243096,0.004128204618505604,0.003247233919144721,0.0040634134014370105,-0.14998910568854618,ibm,0.0,0.1268000030517578,0.03052041824537886,0.9444283758280807,1.0021247514966436,0.580652780518035,0.959217112716733,0.9543864324458361,0.32608551116884515,0.012213647152157104,0.593662702493685,0.0,1.0,0.0,0.0,0.036,0.804,0.16,0.9986,0.47125,0.57
2019-07-17,0.005038748996243347,0.00202080551064876,-0.0011961535761915165,-0.0017444061847128323,1.5606129720067718,ibm,0.5,0.1397000026702881,0.07249780894065781,0.9537915370723099,1.0068361966720354,0.462692455964177,0.9668670650202394,0.9569138965913929,0.24037563462576997,0.013032045904160579,0.5873732061798246,0.1236,0.746,0.1306,0.02776,0.0172,0.8762000000000001,0.10659999999999999,0.9269400000000001,0.5866666666666667,0.47
2019-07-18,-0.007729172550095642,0.04527120635533022,0.0017611295335902,0.04585171447772263,1.093003311547473,ibm,0.75,0.1352999973297119,0.12768091206500656,0.9054588732278702,0.9775993462358771,0.3550307818580303,0.9285192352861994,0.9159849869428025,0.509867771544384,0.015908807838703052,0.6628677423133464,0.0,1.0,0.0,0.0,0.034,0.938,0.029,-0.1027,0.5404166666666667,0.47
2019-07-29,0.06042102178897757,0.0077839038361622315,0.057102694046178515,0.008353897095074947,-0.8364795284285118,ibm,0.0,0.12829999923706056,0.04373060192973675,0.9001169497804897,1.0215294664735224,0.5019241984972488,0.9452302458114021,0.9166777510696615,0.4408629366900563,0.023585105281714314,0.6667714089736517,0.0,1.0,0.0,0.0,0.028,0.854,0.117,0.9976,0.59375,0.58
2019-07-30,-0.007345657848624065,-0.007129629317436992,-0.007317689262749116,-0.007356750179277505,0.26846533789227234,ibm,0.25,0.139399995803833,0.084630799649654,0.9106864419199634,1.0318052868030383,0.4707514016155974,0.9555339992129597,0.9245309035540222,0.33955598425691536,0.022898311582678403,0.6429564075934957,0.135,0.865,0.0,-0.1027,0.057,0.842,0.101,0.4767,0.6525,0.53
2019-08-01,-0.0073333001350912586,0.016090373176697703,-0.004825109436960351,0.0036722274570801794,1.4096936455898823,ibm,0.75,0.178700008392334,0.10339347616663419,0.914960893513007,1.031599811645561,0.1490313077160638,0.9576038021107572,0.9234256006964717,0.24456539012759937,0.020566948689147064,0.6365670307044011,0.217,0.783,0.0,-0.3612,0.028,0.868,0.104,0.6908,0.6845833333333333,0.43
2019-08-02,0.0008730681157131936,0.0008506729977486582,-0.019595969822788994,-0.020423041202309977,0.2770649131140308,ibm,1.0,0.17610000610351562,0.07098258823485533,0.9381104547813796,1.0530202017802808,-0.04012467097759592,0.9794702567476606,0.9437249240083144,0.06930280582725798,0.018690957241165852,0.5800569516086994,0.0,1.0,0.0,0.0,0.024,0.923,0.053,0.8433,0.63,0.36
2019-08-05,-0.027175802377428893,-0.0513239340380387,-0.04423378146204737,-0.04407470796538837,-0.1218016236707874,ibm,0.0,0.2459000015258789,0.0814795347922202,0.9816310265084905,1.101439390807614,-0.5295948545749903,1.0249999716526483,0.9878788670795704,0.19790696128789415,0.01376287242409611,0.4857533233912299,0.0,1.0,0.0,0.0,0.05333333333333334,0.8846666666666666,0.06233333333333333,0.27613333333333334,0.6041666666666666,0.22
2019-08-07,-0.04304037016303619,-0.03804276805714257,-0.019691010614119042,-0.011722083471384925,-0.16627079278464596,ibm,0.5,0.19489999771118163,0.11614044361237914,0.9932772837555626,1.114529435247552,-0.5354411090455257,1.037668007872764,1.0011657199363255,0.2892936822475105,0.004392819537847794,0.465189214572841,0.0,1.0,0.0,0.0,0.045,0.9,0.054,0.4549,0.6216666666666666,0.25
2019-08-09,0.003820028633533923,-0.001934310734281075,-0.007770673345641521,-0.021421932408398736,-0.11586494706408801,ibm,1.0,0.17969999313354493,0.11869744958346688,1.003168068946077,1.1450872993364034,-0.2552802822290426,1.060185129819034,1.0241252356546238,0.3167635160839648,-0.0037150095682866695,0.4328847221346868,0.0,1.0,0.0,0.0,0.026,0.844,0.13,0.9966,0.55125,0.25
