date,open,high,low,close,volume,ticker,day,vix,turbulence,boll_lb,boll_ub,cci_30,close_30_sma,close_60_sma,dx_30,macd,rsi_30,neg_title,neu_title,pos_title,compound_title,neg_body,neu_body,pos_body,compound_body,msft,fear greed
2018-05-25,-0.004355315411276095,0.00040429466889335686,0.010846018781503375,0.0005086263147142667,-0.3109049768661841,msft,1.0,0.13220000267028809,0.04500695919448134,0.9018080796034793,0.9684044094267452,0.5092237619863542,0.9290820427768369,0.9113643267012828,0.10593825530489161,0.01171857293784882,0.5694169218357102,0.0218,0.783,0.1954,0.2964,0.0252,0.8779999999999999,0.09659999999999999,0.8367799999999999,0.7775,0.44
2018-05-29,-0.004679620545128271,-0.0010103667420074958,-0.0064377401337490925,-0.0035583415204274438,0.5612696649404538,msft,0.25,0.17020000457763673,0.06643684465332349,0.9100837542971484,0.9715753482335511,0.4115363587820645,0.9337789768370569,0.9154895063587497,0.03971747240051366,0.011441441973162962,0.562698729992226,0.091,0.6595,0.2495,0.11405,0.031,0.8525,0.117,0.993,0.8454166666666667,0.34
2018-05-30,0.0048037738991730805,0.0037419372659748262,0.006993729113424774,0.009590804933410357,-0.22714589655052142,msft,0.5,0.149399995803833,0.06245380727566264,0.9032647797272972,0.9647268366511588,0.496036068652943,0.9259682109322427,0.9077117233508722,0.07450839158671074,0.011679420518597657,0.5765777805980997,0.0,0.7286666666666667,0.27133333333333337,0.28353333333333336,0.0036666666666666666,0.8616666666666667,0.13466666666666668,0.9537333333333334,0.8566666666666667,0.42
2018-05-31,0.00996850148785211,0.007455897871733175,0.0071493915030163,-0.0011116787644683823,0.5407586253582146,msft,0.75,0.15430000305175778,0.049170082914854606,0.910741275592178,0.9648687286408857,0.5263666528406435,0.9279056925289051,0.9096756380239652,0.14104014326046024,0.011746326715278426,0.5743710384563543,0.0,0.9185,0.0815,0.1314,0.017499999999999998,0.8632500000000001,0.11925,0.782025,0.8345833333333332,0.43
2018-06-01,-0.00010073659117981748,0.008700897741465763,0.005678912434110339,0.019728901759268558,-0.16066653193090985,msft,1.0,0.13460000038146971,0.03670754517243937,0.8965861055471934,0.9494876403204702,0.6454149402540578,0.9115623388543687,0.8932342369940676,0.21221371215413437,0.012902501889837168,0.602286193946734,0.0,0.87125,0.12875,0.2072,0.03125,0.88675,0.08174999999999999,0.56125,0.77625,0.52
2018-06-04,0.01994362793391269,0.009914733233675754,0.016940610428506142,0.008730997573415111,-0.047948743003112804,msft,0.0,0.12739999771118163,0.05428072407554872,0.8892219868072083,0.9473734661726227,0.7565274762421216,0.905889011705609,0.886700076066323,0.2850069090919544,0.01437867191882563,0.6141014418648232,0.0661,0.8692,0.06470000000000001,0.01149,0.0316,0.8779,0.0907,0.63826,0.7491666666666668,0.55
2018-06-05,0.0073078989547517015,0.00461418827691773,0.006742690287201869,0.005114628521944331,-0.13808574277168495,msft,0.25,0.12399999618530272,0.024463499771862195,0.8836267815193269,0.9495898126485577,0.7526011943340273,0.9035380834121235,0.8831328654409466,0.3167273415987734,0.015767686837969096,0.6209844641879654,0.0,0.843,0.157,0.25830000000000003,0.04814285714285715,0.882,0.06971428571428571,0.2346857142857143,0.7420833333333333,0.58
2018-06-06,0.0047059152640549495,0.0026384895752487036,0.0036442701766039587,0.0029356631294268354,-0.10170363692035522,msft,0.5,0.11640000343322754,0.045773271887228656,0.8817731184590129,0.9526867707930543,0.7361251507866367,0.9039283008111992,0.8815009808636857,0.3348482947864545,0.016907495329875778,0.6249764323357249,0.07657142857142858,0.8325714285714286,0.09085714285714286,0.00519999999999999,0.029285714285714283,0.8501428571428571,0.12042857142857143,0.9878714285714285,0.67625,0.65
2018-06-07,0.001658842343644551,0.0008772316629990229,-0.014916626591756521,-0.015708855926522602,0.33656836892661524,msft,0.75,0.12130000114440918,0.13326909909840542,0.8975698390304665,0.9702928935770211,0.5687417123563645,0.9211844574829517,0.8966543954517676,0.1511266792909732,0.016710150324503004,0.590449763467198,0.1035,0.5745,0.3215,0.3107,0.06475,0.804,0.131,0.192125,0.66875,0.62
2018-06-08,-0.01519732259911355,-0.007206207766781159,0.0015939795426118675,0.007434575935960197,-0.2149000077925206,msft,1.0,0.1218000030517578,0.05246196369317711,0.8912353081936655,0.9667355700845707,0.5353894343413648,0.91682213600982,0.8913191506015598,0.15112667929097331,0.016596501359610855,0.6010702924422269,0.0,1.0,0.0,0.0,0.05000000000000001,0.834,0.11599999999999999,0.45136666666666664,0.62875,0.63
2018-06-11,-0.0007913166936198701,-0.00353114880949279,0.001292990374320846,-0.0057069193873332535,0.05981475382470647,msft,0.0,0.12350000381469728,0.0382468230620718,0.897757203377469,0.9744421067531438,0.4568221315237812,0.9238621430989985,0.897581096950613,0.15112667929097337,0.016072019039582632,0.5888540979657384,0.053000000000000005,0.9469999999999998,0.0,-0.11148,0.0376,0.8722,0.0908,0.43285999999999997,0.7033333333333333,0.64
2018-06-12,0.0008909646172390318,-0.0013780824362152888,0.0007946938761278499,0.0025729292328946496,-0.21990217488474262,msft,0.25,0.1234000015258789,0.018618937488879713,0.8966419422311762,0.9742431775046086,0.4315612848491402,0.9240656231869735,0.8963958797603576,0.15112667929097343,0.01555922779768361,0.592692880091245,0.0,1.0,0.0,0.0,0.013999999999999999,0.8993333333333333,0.08700000000000001,0.5759666666666666,0.6825,0.65
2018-06-13,0.006132569297127466,0.005520011876136266,-0.0018858803117244305,-0.0045405102710285306,0.6094176325497129,msft,0.5,0.12939999580383302,0.05384755450557181,0.903502215853322,0.9796566576470781,0.39283965670992527,0.9302563332864551,0.9018040145569506,0.2038411780975588,0.014733553444665967,0.5827346692422779,0.021666666666666667,0.8361666666666667,0.14216666666666666,0.17306666666666667,0.02266666666666667,0.8576666666666667,0.11966666666666666,0.9850833333333333,0.6616666666666667,0.64
2018-06-14,-0.0006881605779018862,0.00019602629788884052,0.004375521599927046,0.005651955413469745,-0.1288818664831196,msft,0.75,0.12119999885559082,0.07944582123859364,0.9009874939258479,0.9756081832118908,0.4039363651195128,0.9276373856487239,0.8980997150298471,0.2057239054378357,0.014213292149823054,0.5915322295905943,0.0,0.867,0.133,0.19019999999999998,0.028285714285714286,0.8855714285714286,0.08657142857142856,0.4582428571428571,0.6529166666666667,0.63
2018-06-15,-0.001377268937991949,-0.004900519513692858,-0.009207923813621566,-0.012719393993465555,1.558738585852295,msft,1.0,0.11979999542236328,0.06132348612104863,0.9178213611094054,0.9867181325709525,0.2595831459299275,0.9416439155062629,0.9109495745493004,0.07888497925311407,0.012903938686099046,0.5637069972118514,0.0,1.0,0.0,0.0,0.009666666666666667,0.8826666666666667,0.10733333333333334,0.8800333333333333,0.58125,0.61
2018-06-18,-0.014776868962990908,-0.004136690377179009,-0.00649546845069604,0.007290556046716468,-0.6412153590128175,msft,0.0,0.123100004196167,0.06291989755522931,0.9168506177592151,0.9781647915601439,0.22076651323173424,0.936757017174534,0.9061643038942793,0.000268052237501566,0.012054965955317302,0.5753990960196816,0.092,0.7614000000000001,0.1466,0.10476,0.0688,0.8382,0.09319999999999999,0.21636000000000002,0.8520833333333333,0.61
2018-06-19,-0.0035996460620127957,-0.0010879300730644026,0.0008046855011878407,0.0,0.21483507165267524,msft,0.25,0.1335000038146973,0.07184728419747925,0.9203132859924522,0.9777886770902345,0.20184953775575262,0.9383524476669882,0.908382376739187,0.000268052237501565,0.011325609231988816,0.5753990960196816,0.105,0.7585000000000001,0.13649999999999998,0.07958333333333335,0.04800000000000001,0.8543333333333333,0.09766666666666667,0.6462666666666667,0.8616666666666667,0.53
2018-06-20,0.01726042342564793,0.015049471713528773,0.016281434639015435,0.010013901746167786,-0.08628385759307022,msft,0.5,0.12789999961853027,0.08204492564094479,0.9151853932139993,0.9681941131708529,0.3776090812130521,0.9310718087001957,0.9007032893072269,0.16320376331858724,0.011274935283687608,0.5916040377092289,0.0,0.9046666666666666,0.09533333333333333,0.16463333333333333,0.005999999999999999,0.8763333333333333,0.11766666666666666,0.9163,0.8866666666666667,0.57
2018-06-21,0.007004035367815575,-0.0005852278634248531,-0.00237347198027249,-0.007166028637003219,-0.11392318034590232,msft,0.75,0.14640000343322754,0.049531201572586794,0.9240628078912713,0.975252025103137,0.3066415272527704,0.9392455710059471,0.9091015292835033,0.1320618624211518,0.010725764304439618,0.5751907192966029,0.06627272727272727,0.8252727272727273,0.10845454545454546,0.06717272727272729,0.06481818181818182,0.7879090909090909,0.14736363636363636,0.5557545454545454,0.8575,0.52
2018-06-22,-0.016359699637439218,-0.016494265630560223,-0.012390959893267106,-0.007217675815151092,0.677850005603883,msft,1.0,0.13770000457763673,0.09478385663829103,0.9338359796185008,0.9812843233385828,0.11107579686569151,0.9470005106018264,0.9175187233333386,0.014787410231496429,0.009629228544216861,0.5591423854848783,0.0386,0.8454,0.11600000000000002,0.12728,0.047599999999999996,0.8572,0.0954,0.58538,0.7845833333333333,0.52
2018-06-25,-0.004083294962213935,-0.006549529172384383,-0.023386472607578312,-0.020117559991915446,-0.08965884012321734,msft,0.0,0.17329999923706055,0.11419055411688178,0.9530795799632196,1.0013883730901438,-0.1547734093877885,0.9668026320571255,0.9375713784052025,0.21713463148412354,0.007212050459195186,0.5177895108143094,0.0,1.0,0.0,0.0,0.041,0.923,0.036,-0.0772,0.8616666666666667,0.42
2018-06-26,-0.011800003051757768,-0.0002996581671560472,0.014902331991407003,0.007012932672899597,-0.24090615325132003,msft,0.25,0.15920000076293944,0.034279379222550324,0.9489310062357942,0.9929571102509207,-0.053034209270392166,0.9605429765346586,0.932799708222636,0.2171346314841236,0.005576227345000156,0.5300703578152035,0.07025,0.8744999999999999,0.05525,-0.10537500000000001,0.0355,0.855,0.10925,0.9707250000000001,0.8616666666666667,0.47
2018-06-27,0.007690772501290244,-0.0005995722111352686,-0.013670870624011067,-0.015543004512184488,0.16363041506179088,msft,0.5,0.17909999847412109,0.036542421167978664,0.9602853646313114,1.0108816331456518,-0.22480206354242513,0.9759172748581,0.9488679245233825,0.3108454533599195,0.003135217292463065,0.5006318135878551,0.0,1.0,0.0,0.0,0.0,0.927,0.073,0.5267,0.8725,0.36
2018-06-28,-0.02209283528001138,-0.009098141004366123,-0.0014373653742831838,0.011174864954477393,-0.14849640876210923,msft,0.75,0.16850000381469726,0.19819147084688998,0.9492535832243869,0.9999259996396355,-0.23920597123239107,0.9656097032266262,0.9394625511820381,0.3198705283673236,0.0019474904240699559,0.5201449349047492,0.0,0.9554,0.0446,0.06364,0.034600000000000006,0.8375999999999999,0.1276,0.91862,0.88875,0.39
2018-06-29,0.01591705787097286,0.008071870112310808,0.011001436061305547,-0.00020274402943576408,0.05262525937405016,msft,1.0,0.1609000015258789,0.18021997218711652,0.9468974270637702,1.0005662886316142,-0.15397522882005388,0.966589923979427,0.9407229304529229,0.222107884583146,0.0010066423541170556,0.5197593238301834,0.06175,0.93825,0.0,-0.07955,0.038,0.85625,0.10575,0.79115,0.8525,0.34
2018-07-02,-0.008389789027537953,0.0015012900709288068,-0.003356064526691127,0.014197358454655085,-0.3025929305747651,msft,0.0,0.15600000381469728,0.0578403874835065,0.9332513094548668,0.9853655799843685,-0.10795107072612595,0.9542207272816874,0.9291724755516979,0.24671108391504012,0.0013204352405368001,0.5442210283241516,0.0,1.0,0.0,0.0,0.077,0.843,0.08,-0.4118,0.845,0.35
2018-07-05,0.014271167662130324,-0.0013991544379806653,0.010510191625478393,-0.002499749971602405,-0.03000843364256689,msft,0.75,0.14970000267028807,0.04752930911648564,0.9352086734499492,0.982597351033707,-0.10171013762782642,0.9577958081107385,0.9340460665727879,0.17792331807033215,0.0009814621303339544,0.5375804298026435,0.13733333333333334,0.7943333333333333,0.06833333333333333,-0.005733333333333331,0.043000000000000003,0.8486666666666668,0.108,0.9559000000000001,0.8404166666666667,0.33
2018-07-06,0.003919591855763294,0.015112111328078104,0.006462681990684338,0.014033695828986392,0.013552962998092388,msft,1.0,0.1336999988555908,0.02331985270853207,0.9222101744074863,0.9693187393073527,0.14314627700796798,0.9453270739518281,0.9226449160047635,0.00934046524439296,0.0021256172680827606,0.5608584872275468,0.0,0.8645,0.1355,0.1909,0.0625,0.8495,0.088,0.04905000000000004,0.7729166666666667,0.4
2018-07-09,0.017619402812939278,0.008084390144504239,0.015852331294082145,0.006820826285420134,-0.05316460960976577,msft,0.0,0.12689999580383302,0.0729295867739961,0.9157980490980973,0.9631227762128857,0.3656201029692775,0.9400292101817448,0.9177497797762937,0.06808313723891436,0.003504131039039537,0.5718475735300019,0.0,1.0,0.0,0.0,0.027,0.899,0.074,0.9291,0.8320833333333333,0.47
2018-07-10,0.00344317234498015,0.002542808178293221,0.006024697386188382,0.00265099927841006,0.059361959147814725,msft,0.25,0.12640000343322755,0.028851412720127957,0.9127684845822384,0.9621850700229545,0.43330276498635173,0.9387157918376686,0.9167947733020705,0.0916983951542329,0.00474485554374891,0.5761408206049095,0.1195,0.8805000000000001,0.0,-0.148,0.0435,0.9335,0.0235,-0.2294,0.8754166666666667,0.45
2018-07-12,0.007548986696729543,0.01853479159383764,0.008541161804132447,0.02027026673668475,0.2613784202642395,msft,0.75,0.12579999923706056,0.036291985659947436,0.8911401867667353,0.9502379678732313,0.762925916315598,0.92287958635048,0.9011391381169104,0.1855773832010627,0.007639021370093051,0.6073624839778197,0.0868,0.7806,0.13240000000000002,0.09886000000000002,0.0186,0.8768,0.1046,0.85922,0.8733333333333333,0.49
2018-07-13,0.015568805641520633,0.011397325641925748,0.01323851782844554,0.011901313319067075,0.012298702739574008,msft,1.0,0.1218000030517578,0.10848728468706131,0.8763140900284857,0.9470390719152004,0.9580047650525029,0.9140149340651608,0.8919604926703999,0.265072786062679,0.010049973000222487,0.6248580696158161,0.0,1.0,0.0,0.0,0.04,0.8423333333333334,0.118,0.9355666666666668,0.8254166666666667,0.47
2018-07-16,0.009868724271261842,0.002083344923125452,0.00413104352295246,-0.004932150636073551,-0.11561911411313897,msft,0.0,0.12829999923706056,0.11502790059793874,0.8789468125251055,0.957794956877671,0.8595461141867168,0.9197954091859916,0.8977795354982945,0.27898135359757037,0.011576150048399686,0.6130085998340178,0.07477777777777778,0.8061111111111111,0.11911111111111111,0.030366666666666667,0.04122222222222222,0.8688888888888889,0.08988888888888888,0.5908555555555556,0.7866666666666667,0.45
2018-07-17,-0.007495264744691421,0.006426009328452498,-0.001913480239816412,0.009913194641403278,0.18886578632113804,msft,0.25,0.120600004196167,0.1092240577714806,0.867614091598991,0.9556860943724561,0.851561877228034,0.9120526698753088,0.8906735119751853,0.3214131323560389,0.013224948280687703,0.6276188766734196,0.0854,0.8795999999999999,0.034999999999999996,-0.10400000000000001,0.022,0.859,0.119,0.95014,0.8275,0.49
2018-07-18,0.01271390711494802,-0.004225323457673236,0.0038343704663446054,-0.007833829406013293,0.13868587776091923,msft,0.5,0.12100000381469728,0.05177578663443901,0.8735925487027758,0.9679737372126958,0.7151767164170235,0.9201411800841163,0.8992475142111862,0.321413132356039,0.013967732413664039,0.608647598127169,0.0745,0.8475999999999999,0.0779,-0.026400000000000007,0.0457,0.8695,0.08499999999999999,0.60775,0.85375,0.56
2018-07-19,-0.009533718264628788,-0.006977892238276273,-0.007925915024632357,-0.006849326502006314,0.36203079280800443,msft,0.75,0.12869999885559083,0.11368875816921135,0.8791952887966136,0.9773856375565647,0.5375551712368309,0.9270693496119081,0.9072301166885671,0.22117776964771393,0.01388202808943955,0.592573519862847,0.08,0.7903333333333333,0.12966666666666668,0.009599999999999997,0.043666666666666666,0.8632222222222222,0.09322222222222223,0.5327777777777778,0.8354166666666667,0.5
2018-07-20,0.030020027796793247,0.0274427827998045,0.021080012073081633,0.01791183036260735,0.3941192285096935,msft,1.0,0.12859999656677246,0.14973457312919475,0.8623873859952625,0.9661337498404865,0.7923229624492226,0.9123705224270009,0.8934163164326719,0.39265307385446696,0.014682672383052695,0.6195677227908211,0.05490909090909091,0.8033636363636364,0.14172727272727273,0.09992727272727274,0.057272727272727274,0.8439999999999999,0.09854545454545455,0.2944727272727273,0.7541666666666668,0.53
2018-07-23,-0.016469270439866235,-0.0005545061024582187,0.0004712992222879464,0.015997032382965015,-0.46955574601814154,msft,0.0,0.12619999885559083,0.04215902118317769,0.8469147025110088,0.959502517746648,0.7475074440466781,0.899874240181468,0.8814302668495592,0.39265307385446696,0.016291965091134227,0.6418814066687389,0.04575,0.91675,0.0375,-0.025675,0.07075000000000001,0.84475,0.08425,0.386375,0.84,0.58
2018-07-24,0.021354624439297032,0.006288147854760062,0.010647365608747794,-0.0028711452726584152,-0.11412798330359852,msft,0.25,0.12409999847412109,0.03312999941008311,0.8516649115671667,0.9681761764981247,0.699907977782569,0.9044196959599692,0.8857797402519357,0.42659699100415566,0.017379460546288347,0.6348572501449469,0.0,0.887,0.113,0.27115,0.0105,0.888,0.1015,0.9801500000000001,0.8641666666666667,0.64
2018-07-25,-0.005618500617723066,0.021411522124508142,0.003169833405921363,0.029444529640685557,0.16664386736888503,msft,0.5,0.12289999961853028,0.0882832088812636,0.825987444585432,0.9519260402986199,0.7824215674896864,0.8812854000206058,0.8629881140785952,0.5240317574264094,0.019660746797303754,0.6727422543676124,0.105,0.7116666666666666,0.18300000000000002,0.06533333333333334,0.056999999999999995,0.8406666666666668,0.10233333333333333,0.7365333333333334,0.8491666666666667,0.7
2018-07-26,0.025750266792070597,-0.0013495413748958462,0.017658006996495335,-0.010917613141585125,0.021822611482602117,msft,0.75,0.12140000343322754,0.07930232748445833,0.8400459377828231,0.9680157332243575,0.69183370816554,0.8935597643661811,0.8746960810604241,0.5240317574264094,0.02101122504340912,0.646265847787231,0.0524,0.8766,0.071,-0.048720000000000006,0.056600000000000004,0.8272,0.1162,0.40338,0.8316666666666667,0.72
2018-07-27,-0.005056868063900821,-0.007387384638055994,-0.030684937080836194,-0.017697522284241596,0.17956081996423578,msft,1.0,0.13029999732971193,0.11099034415474578,0.8611725224310465,0.987489673019332,0.4536130936872765,0.9115089831845584,0.8926089756529406,0.19064595114181546,0.020677615904841136,0.6066645689159447,0.28250000000000003,0.5974999999999999,0.12,-0.16219999999999996,0.0755,0.8025,0.122,0.9802,0.7704166666666667,0.67
2018-07-30,-0.02713739204472565,-0.02405156578815526,-0.013001670071165816,-0.021452428975176185,-0.06315311590501904,msft,0.0,0.14260000228881836,0.10816924626049733,0.8876331445185349,1.0076831951359895,0.2510841868242384,0.9330747048059631,0.9139455341228889,0.08631538124191629,0.018649953796452536,0.5640882532946321,0.0,0.96025,0.03975,0.044475,0.03325,0.88725,0.07925,0.596925,0.8675,0.64
2018-07-31,-0.00653050248804099,-0.007532758930428818,0.005918242693248699,0.006738151902493605,-0.20229143049990916,msft,0.25,0.12829999923706056,0.10283926090193116,0.8874049965352573,1.0006901490899454,0.24661030738756431,0.928395949554897,0.9095284409026642,0.08631538124191637,0.016893087393661587,0.5736030447298993,0.0,1.0,0.0,0.0,0.019,0.922,0.059,0.928,0.885,0.66
2018-08-01,-0.004319645916991299,-0.002530025012860926,0.0003795873654388604,0.0018853407314294302,-0.14559648818305415,msft,0.5,0.13149999618530273,0.14838360872416181,0.894431252631122,0.9966071590879954,0.22922560911155393,0.9282722216048643,0.9093855910971826,0.08631538124191625,0.01553624865510192,0.5762982767111317,0.0,0.777,0.22299999999999998,0.2143,0.0835,0.8015,0.11499999999999999,0.484,0.8975,0.66
2018-08-02,-0.005941688773658416,0.015406288742740193,-0.005501819779252792,0.012137758095069007,0.10477089302416132,msft,0.75,0.12189999580383301,0.06350330024818902,0.8919173994965577,0.9833765470962622,0.2754850048234381,0.9188269040476739,0.9002812031563012,0.18942068568391768,0.01506283573369809,0.5934439238200628,0.143,0.7944,0.0626,-0.17356000000000002,0.0448,0.8493999999999999,0.10600000000000001,0.19451999999999997,0.8841666666666668,0.68
2018-08-03,0.022770412629354864,-0.00036999988424279984,0.018885954083327272,0.004369259291963523,-0.28519056247438157,msft,1.0,0.11640000343322754,0.029650892250180628,0.8941488464243621,0.9790681586513322,0.32084608013858645,0.916862687164909,0.8980615531033936,0.18942068568391768,0.014933811988809014,0.5995512356346069,0.0,0.8954000000000001,0.1046,0.15126,0.009,0.8625999999999999,0.129,0.91478,0.83375,0.71
2018-08-06,0.0029684571963379813,0.003424295296042601,0.00692752168024402,0.0008329909027025018,0.08608437479903097,msft,0.0,0.11270000457763672,0.020735362312433364,0.8990272258106482,0.9781768158705566,0.3336350233071214,0.9183722052864353,0.8988805775940303,0.21233495258172985,0.01476504167709889,0.6007395108532565,0.143,0.857,0.0,-0.21075,0.0695,0.854,0.07700000000000001,0.2062,0.8554166666666667,0.72
2018-08-07,0.004069504262250279,0.006271908473159726,0.005671259057246303,0.0069360956168551535,-0.20653906315534964,msft,0.25,0.1093000030517578,0.023728431941002975,0.8985376942498807,0.9716644671924002,0.37135361475906414,0.9151129401041831,0.8943846881710306,0.25377832795109007,0.014899307683299676,0.6106970491404133,0.08320000000000001,0.8817999999999999,0.034999999999999996,-0.07361999999999999,0.0322,0.8612,0.1068,0.9087999999999999,0.8808333333333332,0.73
2018-08-08,0.007092891394413492,0.005957850916314067,0.005454414137676666,0.00560250391016992,-0.03685899429111583,msft,0.5,0.10850000381469728,0.047387026591703886,0.9005400613855168,0.9657926581261187,0.40538782891313874,0.9130410202312633,0.8911291580775876,0.2918504840492252,0.015255713627113721,0.6186985737519095,0.17966666666666664,0.8203333333333332,0.0,-0.16623333333333332,0.05566666666666666,0.8636666666666667,0.08066666666666666,0.5251,0.8804166666666667,0.74
2018-08-09,0.003475690542886767,0.003735796465689001,0.00772339390761001,0.001643988571447208,-0.11688781275221949,msft,0.75,0.11270000457763672,0.03918517786720979,0.9019907973162395,0.9660503940408325,0.43318378124214335,0.9150631511484625,0.8915197832538625,0.3154016555359221,0.015525839673061394,0.6210759371816984,0.1016,0.7824,0.11599999999999999,0.07250000000000001,0.0364,0.8652000000000001,0.0984,0.66462,0.8525,0.7
2018-08-10,-0.002643340788874071,-0.004266532362732667,-0.011131398154090366,-0.006109220207273114,0.32948995408416937,msft,1.0,0.1315999984741211,0.030413909463589125,0.9093537071410397,0.9732975536549034,0.3494599790606287,0.9237161922163191,0.8987300336178654,0.1895637453978134,0.01520767542194946,0.6065146128179456,0.0,0.777,0.223,0.3182,0.037,0.795,0.168,0.9998,0.8041666666666667,0.56
2018-08-13,-0.0016450402868576353,-0.0010028316884240773,-0.002583491293528639,-0.007247714821351781,0.01588235617613587,msft,0.0,0.1477999973297119,0.030697846146268415,0.9191190578445829,0.9801889382276996,0.2991615984892402,0.9332838620102144,0.9070607176237276,0.16228494339943442,0.014261580268452295,0.5896522720509224,0.0,0.8805000000000001,0.1195,0.148,0.0,0.9279999999999999,0.07200000000000001,0.68765,0.655,0.56
2018-08-14,-0.006224828986391651,0.0015513612530086984,-0.0005550190512547681,0.012475727617992538,-0.09117336581404789,msft,0.25,0.133100004196167,0.040582092995068896,0.909264235326872,0.9697870108633051,0.3336851137018914,0.9245585684406934,0.8978014597426636,0.1745697899225532,0.014045952309934074,0.6088752055027259,0.0,0.8875,0.1125,0.24695,0.074,0.8420000000000001,0.08399999999999999,0.17985,0.6758333333333333,0.58
2018-08-15,-0.0006448019196616528,-0.006924848621690072,-0.011292125234772965,-0.017342040332451236,0.7859342518301435,msft,0.5,0.14640000343322754,0.07227090582765404,0.9287070505303293,0.9861263245192413,0.1936715448298444,0.9435434367130666,0.915194387035406,0.055792919888111456,0.01304790187807719,0.5780467746261648,0.0,1.0,0.0,0.0,0.007,0.885,0.108,0.9505,0.66,0.46
2018-08-20,-0.009033051404145231,-0.010000884110971664,-0.0031828902720648644,-0.0073379239146855735,-0.40251744333417827,msft,0.0,0.12489999771118164,0.05921405326114445,0.942753666886032,0.990424817893551,0.038074304908435164,0.9566419242607528,0.926257572788422,0.02154264388601646,0.009440655277597696,0.5613230673750406,0.0,0.888,0.112,0.1909,0.027,0.931,0.0425,0.4708,0.82625,0.61
2018-08-21,-0.005487898386770884,-0.005097340537348338,-0.005916649727185419,-0.008327869063116666,0.2773051545701175,msft,0.25,0.12859999656677246,0.054537327008299316,0.9491066190540899,0.9991600405864505,-0.1013700501845587,0.9659574718259648,0.9352416921513728,0.07969740651197096,0.007601902974071614,0.5429385417109197,0.07675,0.8093750000000001,0.113875,0.0468625,0.06575,0.838375,0.09575,0.4519125,0.8904166666666667,0.61
2018-08-22,-0.010007479546843223,-9.317313807766237e-05,-0.0006613103054633473,0.01019054696594801,-0.21332581647503046,msft,0.5,0.1225,0.03242163567005494,0.9407356799588926,0.9848821114531996,-0.08490635233699266,0.9578460217212794,0.927213840450776,0.08614852367740589,0.006723290467759134,0.560987788594607,0.13225,0.86775,0.0,-0.181675,0.084,0.84375,0.0725,0.15410000000000001,0.8583333333333333,0.61
2018-08-23,0.012281559475654014,0.007825638121329304,0.010304442993607887,0.004670278455090937,0.009283023899203435,msft,0.75,0.12409999847412109,0.03714986836885697,0.936775554388098,0.9784294192736083,0.05397497846526877,0.9545132215414687,0.924238892927257,0.003459731835263089,0.006345883981516024,0.569136754998835,0.089,0.911,0.0,-0.14229999999999998,0.03475,0.887,0.07775,0.588475,0.8516666666666667,0.59
2018-08-24,0.004852978400945895,0.003512638679478819,0.006456393695880136,0.007809631706504616,-0.05139340698052042,msft,1.0,0.11989999771118164,0.03866013474060999,0.9296958692539169,0.9716697290042726,0.1758909827639872,0.9481112169576194,0.918541740494313,0.04169171832130945,0.006548431790180908,0.582601920924379,0.0,1.0,0.0,0.0,0.076,0.84,0.084,0.8497,0.7958333333333333,0.68
2018-08-27,0.014860207126692115,0.009948432713180244,0.008832322417255511,0.011070082392533154,0.14090170593013807,msft,0.0,0.12159999847412109,0.032968573952235944,0.9227881183350095,0.9618127003909221,0.3993170933627362,0.9392150791550854,0.9098253365188377,0.1417294741075269,0.007435245682996451,0.6010279821066477,0.0,1.0,0.0,0.0,0.034999999999999996,0.895,0.07,0.91425,0.8058333333333333,0.77
2018-08-28,0.0061316538750195715,0.007843858219072075,0.011796136338564134,0.006021931307464756,-0.02597864949675266,msft,0.25,0.125,0.02056450712729489,0.9188218229941514,0.9584857038054282,0.5774170897317523,0.9349598188227569,0.905680416021802,0.21177003323928864,0.008510750397241676,0.6108039206121805,0.08,0.6763333333333333,0.244,0.15293333333333334,0.035333333333333335,0.8253333333333334,0.13933333333333334,0.9733,0.8620833333333333,0.78
2018-08-29,0.004638843874028131,0.013846142799066818,0.004371943925097321,0.01596222086646959,0.08701668276636298,msft,0.5,0.1225,0.015868594235408554,0.9033396019851981,0.9497334020327999,0.799468408760536,0.922353447842362,0.8929087640759621,0.31766579300871095,0.010346739257998812,0.6354444200237241,0.05566666666666667,0.9443333333333334,0.0,-0.14049999999999999,0.047999999999999994,0.8796666666666667,0.07233333333333333,0.244,0.8591666666666667,0.78
2018-08-30,0.011045733403458824,0.005177201083410798,0.010610373029456222,-0.0006248857072121972,0.09514362570852142,msft,0.75,0.1352999973297119,0.033580112286586764,0.9025072494311275,0.9558280772902907,0.8344942321797316,0.9251994058226921,0.8948732364194614,0.3528949610187141,0.011731590877099575,0.6337935056185805,0.0,0.7224,0.27759999999999996,0.35062,0.0186,0.8784000000000001,0.1032,0.89136,0.83125,0.73
2018-08-31,0.00017913739400832185,0.001509618755207498,0.0007178230429618626,0.0033944161962609076,0.018597551614785157,msft,1.0,0.12859999656677246,0.02647041259941097,0.898021480233202,0.9580417318770033,0.7703832147558176,0.923909257410592,0.893529500845756,0.3631962000323298,0.012893629009399886,0.6390598181167213,0.065,0.81225,0.123,0.135575,0.041749999999999995,0.851,0.1075,0.9336500000000001,0.7683333333333333,0.71
2018-09-04,-0.007520851901904213,-0.007270790066498445,-0.011657061168357852,-0.0055194759768143475,-0.025324359355285986,msft,0.25,0.1315999984741211,0.0709385121972552,0.9029906191532049,0.9668017521761435,0.5325059938107447,0.9302252537036073,0.8999860652510044,0.2062300196415508,0.013339766126857581,0.6239157891646296,0.09225,0.7382500000000001,0.1695,0.0476,0.0275,0.85025,0.1225,0.93655,0.77,0.67
2018-09-05,0.0014434250276218474,-0.0048231593421138585,-0.01923428346128364,-0.028824646379848606,0.4523075291809884,msft,0.5,0.1390999984741211,0.09928815616557787,0.9298100760722281,0.9955022428228271,0.1546768147568885,0.9582005116127162,0.9278505078867436,0.0045829856776230275,0.011611674509721127,0.5534519336782062,0.03457142857142857,0.9654285714285714,0.0,-0.07055714285714286,0.052142857142857144,0.8718571428571428,0.07571428571428572,0.10899999999999999,0.75625,0.62
2018-09-06,-0.024862643753879365,-0.021809373048913727,-0.00545787554318844,0.0023043598942080745,-0.2857959869069493,msft,0.75,0.1464999961853027,0.07830845982286437,0.927521202569039,0.9930735394070642,-0.01422043917807122,0.9555082384342299,0.9268660578633294,0.04301028637946877,0.009968481886930834,0.5574662131735731,0.516,0.484,0.0,-0.8625,0.145,0.757,0.098,-0.9843,0.7375,0.53
2018-09-07,-0.0001847264948398042,-0.0024772607428057425,-0.002604397486124954,-0.004874000273209944,-0.04169932190683889,msft,1.0,0.14880000114440917,0.03614278533103742,0.9315124392099335,0.9975681746753672,-0.07362525007397101,0.9598959156264116,0.9325494948836899,0.06547097452492168,0.008255917124085308,0.5466886184364746,0.0,1.0,0.0,0.0,0.042,0.8,0.158,0.9996,0.6879166666666667,0.52
2018-09-11,0.006190503078298049,0.026398041620339763,0.015480704847031124,0.028001097910845818,0.0801472091596811,msft,0.25,0.13220000267028809,0.06348123294506602,0.9070882623154539,0.9731034382281991,0.38758573835347593,0.9361589847701766,0.909998254054682,0.16052474980685086,0.00810238111284094,0.594083077272712,0.05566666666666667,0.7826666666666666,0.16166666666666665,0.16493333333333335,0.024999999999999998,0.8566666666666666,0.11866666666666666,0.9861,0.84125,0.59
2018-09-12,0.02323231169740292,0.0023299771015601323,0.014877424517058646,0.004225109940030114,-0.22264605913965219,msft,0.5,0.13140000343322755,0.08909522851510178,0.902869834691894,0.9716166734500995,0.5037337421996577,0.933946992724768,0.9077766690231214,0.17777069023462178,0.008844978002185538,0.6008667818139057,0.2012,0.741,0.057800000000000004,-0.30344,0.08280000000000001,0.825,0.0924,0.15596,0.8625,0.59
2018-09-13,0.006192250197581739,0.016808269186051605,0.014568822543020499,0.010742141146463435,0.3792526639528666,msft,0.75,0.12369999885559083,0.06196608472233371,0.8933804207256628,0.9656413937606589,0.7375035118052596,0.9260126329957957,0.8998886448089353,0.2904418432776756,0.010066019140873532,0.6177394428633327,0.0,0.974,0.026000000000000002,0.0256,0.009,0.9065999999999999,0.08399999999999999,0.82284,0.84125,0.72
2018-09-17,0.014002851020016083,-0.00026383898536619377,-0.0023189629848489046,-0.006819628442889969,-0.20414421467937793,msft,0.0,0.1368000030517578,0.03517996425935536,0.9018812658877282,0.9787017140174508,0.5309879401814,0.9354275343357906,0.9093842063504267,0.23097605643708563,0.011370385374625406,0.5968232173031106,0.094,0.7969999999999999,0.109,0.0386,0.036500000000000005,0.8725,0.091,0.86615,0.73625,0.67
2018-09-18,-0.013193772256035241,0.0,-0.0012515589923524084,0.009541641703656012,0.06917271477828946,msft,0.25,0.12789999961853027,0.030966226249759806,0.8963317340318759,0.9718454148362057,0.5214038989226266,0.9281372175921624,0.902649939236431,0.21651148996148362,0.011857080378481311,0.6120506139729176,0.10459999999999998,0.7368,0.1586,-0.011900000000000011,0.037,0.8638,0.0994,0.5799,0.7395833333333333,0.73
2018-09-19,0.007665572614642846,-0.003342104341400809,-0.006086647849496862,-0.01333806331986409,-0.019958594373706062,msft,0.5,0.1175,0.06749812343241363,0.9148535984430562,0.9834871823725607,0.35495426360372057,0.9416102362389374,0.9168100291638223,0.14655965167772234,0.011318465183407178,0.5800671911773064,0.0412,0.9588000000000001,0.0,-0.07636,0.0306,0.9102,0.059399999999999994,0.29606,0.7454166666666667,0.71
2018-09-20,-0.006811183119635911,0.004235822081064766,0.0080151241202302,0.016741296308615983,0.09140571786233687,msft,0.75,0.11800000190734863,0.030860140565636247,0.9038571300030948,0.9687211922112878,0.4680541731404968,0.9273720557072319,0.9038060402833197,0.1820498648694656,0.011725826924232245,0.606416304604198,0.07766666666666668,0.8290000000000001,0.09366666666666668,0.06823333333333334,0.053,0.8403333333333333,0.107,0.48436666666666667,0.7483333333333333,0.74
2018-09-24,0.006679729320929528,0.009666067175945647,0.0025909132023287373,0.00968564301379704,0.15264922304918938,msft,0.0,0.12199999809265137,0.06747279433672002,0.9008292429089342,0.9646285613556757,0.47605084252723523,0.9215686541948319,0.8998052853224161,0.1519581901838914,0.013151699499838257,0.621070243069161,0.0,0.8993333333333333,0.10066666666666667,0.12726666666666667,0.023999999999999997,0.8703333333333333,0.10566666666666667,0.9110999999999999,0.8025,0.7
2018-09-25,0.015659597377480683,0.0017406174550584907,0.01363392231914018,-0.0019185595553860013,-0.1707183229984086,msft,0.25,0.12420000076293944,0.035403976273733664,0.9038602275232135,0.9692457394034103,0.49583886306269614,0.9251981298372551,0.9037989275073064,0.16590556542419907,0.013468448867913077,0.6162221698072563,0.0,1.0,0.0,0.0,0.01,0.869,0.12,0.9773,0.8254166666666667,0.64
2018-09-26,-0.002874580333468213,-0.00034753185106539686,-8.793086796032856e-05,-0.004106540881090193,-0.14628551261690492,msft,0.5,0.12890000343322755,0.038414037844721756,0.9087974236581005,0.9751609012942564,0.4393055718870339,0.9303700407960852,0.9095376766439395,0.16488135307724852,0.013283844543796934,0.6057713903684236,0.0,0.9205,0.0795,0.08895,0.0,0.9079999999999999,0.092,0.8613500000000001,0.7979166666666667,0.53
2018-09-27,0.0027081117785265896,-0.0013036146329483689,0.004044303614491485,0.0037725942490913766,-0.013471475816453027,msft,0.75,0.12409999847412109,0.022723653988040854,0.9051728658050625,0.973707295689229,0.436933897672824,0.9287585530882521,0.9083172478770042,0.1648813530772485,0.013183077975184096,0.6119994381889466,0.0,0.8903333333333334,0.10966666666666668,0.1186,0.0,0.9176666666666667,0.08233333333333333,0.7165666666666667,0.79375,0.48
2018-09-28,-0.005140236488633376,-0.0029588717818244126,-0.004553385787760544,-0.0003496277794506897,0.13390916281238052,msft,1.0,0.12119999885559082,0.03548465727274171,0.9054972408437385,0.9760684293498912,0.37839538621426233,0.930963682717613,0.910729298588692,0.10710493866773865,0.012970804722580748,0.6110702575355268,0.0,0.8366666666666666,0.16333333333333333,0.1953,0.016666666666666666,0.8966666666666666,0.08666666666666667,0.5985999999999999,0.7341666666666667,0.47
2018-10-01,0.004904085704710459,0.00968840545787053,0.009236480022335236,0.010841985083423156,-0.12771274679182176,msft,0.0,0.12,0.038131974826009635,0.8949744588827735,0.9691298306702023,0.485142277013047,0.9231978929382333,0.9030116277489016,0.1978852689918507,0.013337566084925897,0.6291242531018313,0.355,0.645,0.0,-0.6597,0.066,0.896,0.038,-0.8633,0.765,0.49
2018-10-03,0.005838763999523655,0.004322268315015032,0.001743196569252925,-0.003805920241184091,-0.11836509895091374,msft,0.5,0.11609999656677246,0.036042396125165375,0.903755877021904,0.9758935391442511,0.45530433563115824,0.9315719723894127,0.9102254137121005,0.19274509956626884,0.013142631575703813,0.6184135013351035,0.09166666666666667,0.7626666666666667,0.14566666666666667,0.0679,0.026333333333333334,0.8546666666666667,0.11933333333333333,0.9493999999999999,0.8354166666666667,0.51
2018-10-04,-0.00701782681895502,-0.012222397703695265,-0.028713156208085455,-0.020665080240139577,1.0916446419990389,msft,0.75,0.1422000026702881,0.049044900986972645,0.9285222899952349,0.9942320289597212,0.1437123804883043,0.9528525405599486,0.9310188401647383,0.11452287500602006,0.011504816757533832,0.5638189513681808,0.0835,0.9165,0.0,-0.148,0.0495,0.917,0.033,-0.5256,0.7870833333333332,0.43
2018-10-05,-0.017276008606484372,-0.013855036055137715,-0.008868564795554534,-0.005851615007997801,-0.16520732761467705,msft,1.0,0.1481999969482422,0.03022253905559823,0.9417838544523448,0.9956391805498596,-0.026334510915741367,0.9597634105170252,0.9376871199265144,0.18209335518014216,0.009481239947947015,0.5498922479715663,0.191,0.545,0.264,0.2023,0.071,0.804,0.125,0.9348,0.70125,0.33
2018-10-08,-0.008612213575093008,-0.010073335761184743,-0.011749846881140225,-0.011415310894942965,0.019667066865275196,msft,0.0,0.15689999580383301,0.059140893098561235,0.9561956952017732,1.004870241006852,-0.23415866796562335,0.9715521611651172,0.9493541535624271,0.2612275455281076,0.006941003112542511,0.5239286603108924,0.07175,0.8565,0.071875,-0.010012499999999994,0.03225,0.8915,0.07625,0.6839,0.7604166666666667,0.28
2018-10-09,-0.004657032557821683,0.009372516854403878,0.013352906189564528,0.012719924957315776,-0.11612450490206006,msft,0.25,0.15949999809265136,0.08579873731568886,0.9457283502369911,0.9915772882905124,-0.0479435314208258,0.9601064567606824,0.9385334051282043,0.16399298096036452,0.0056862773759072255,0.5482353661244344,0.0,0.8325,0.16749999999999998,0.2226,0.042666666666666665,0.8464999999999999,0.11083333333333334,0.32155,0.8129166666666667,0.23
2018-10-10,0.0008997523364246973,-0.013972424880353773,-0.045216624532854355,-0.05433812896884327,1.3427320543845855,msft,0.5,0.22959999084472657,0.11036635538828518,0.9841397159420178,1.0594727289396333,-0.6943214064491424,1.014040488204575,0.9925546641499823,0.3999471966612607,0.0005831576809405962,0.44626341485153614,0.0774,0.8946,0.028000000000000004,-0.060919999999999995,0.030800000000000004,0.8814,0.088,0.5003599999999999,0.8195833333333333,0.08
2018-10-12,-0.020046707752278126,-0.0023318577240402094,0.0125720939554268,0.032121287821054834,-0.2221411196178329,msft,1.0,0.21309999465942384,0.09542179702725095,0.937426284547168,1.0331368416426836,-0.36346570153183294,0.9800059705681443,0.9626509315597284,0.2788334127672864,-0.004511760542037529,0.50180526048017,0.0,0.9582857142857143,0.04171428571428571,0.07294285714285716,0.062142857142857146,0.8404285714285714,0.09742857142857142,0.4557428571428571,0.7358333333333333,0.11
2018-10-15,-0.0009173330168009697,-0.015821597812248345,-0.0015870593164755142,-0.01797938510714614,-0.32830562543331776,msft,0.0,0.21299999237060546,0.048353085560900476,0.9486250040237351,1.05397157819182,-0.48173706221428864,0.996543801505652,0.9805336574833381,0.2855496826388461,-0.006559668139829899,0.4738527022020924,0.15883333333333335,0.8411666666666666,0.0,-0.23873333333333333,0.06849999999999999,0.8301666666666666,0.10116666666666667,0.04185,0.6979166666666667,0.11
2018-10-16,0.0057845673697021205,0.01762879289365271,0.018700327789330284,0.031598527640282814,-0.01427898752966339,msft,0.25,0.176200008392334,0.06617146120288792,0.9184571368818033,1.0208900426341385,-0.1707992217892393,0.9658146351307362,0.9509949853112388,0.1550118706744783,-0.005436517620034715,0.5214468481813794,0.0,0.94725,0.05275,0.085,0.04975,0.87275,0.0775,0.50795,0.79625,0.13
2018-10-17,0.019536236733270762,0.003590287077787968,0.005507169530262868,-0.0026126208606066514,-0.1601381832446489,msft,0.5,0.17399999618530274,0.26905297682603446,0.920115614169808,1.023454382924117,-0.14992099801074815,0.9689852992479742,0.9539857953090836,0.1296002750597516,-0.0048645436411726755,0.5173173962919413,0.0,0.833,0.167,0.296,0.025,0.863,0.112,0.9803,0.71125,0.14
2018-10-18,-0.014147580826801454,-0.01144798146181969,-0.015700604041886668,-0.019962054943080676,0.2244219947115058,msft,0.75,0.20059999465942382,0.05858811335912871,0.9349538815666522,1.0437245976060148,-0.37513906084100335,0.9886515486991168,0.9731366674654676,0.2095403047242801,-0.005996004753743193,0.48692233512769467,0.07533333333333334,0.7596666666666666,0.165,0.12673333333333334,0.015666666666666666,0.8403333333333333,0.14433333333333334,0.9659,0.6970833333333333,0.12
2018-10-19,-0.010626686513718009,0.0029856313643288335,0.0035240401276572797,0.0014746881300402581,0.008592207025121423,msft,1.0,0.1988999938964844,0.39748076845532015,0.9304727939046058,1.0403516468943559,-0.35101523265510326,0.9873280764985914,0.9716243394200912,0.187178195627414,-0.006613998520222093,0.4891701803323184,0.0334,0.9046,0.062,0.05983999999999999,0.0372,0.8560000000000001,0.1068,0.79242,0.6266666666666666,0.14
2018-10-22,0.0035802753011642263,-0.0028865207745122357,0.0002772274239966066,0.00892686875223081,-0.19032499123087954,msft,0.0,0.1963999938964844,0.06814865894959359,0.9209053628811914,1.028074439578518,-0.32641406441815407,0.9786651790634414,0.963371861440319,0.18717819562741403,-0.0062909202060864354,0.5028309472560502,0.0,0.77,0.22999999999999998,0.33409999999999995,0.0616,0.8516,0.0866,0.44320000000000004,0.8004166666666667,0.16
2018-10-23,-0.014178586316179742,-0.01420300055926349,-0.028917196186176608,-0.013956023147206231,0.6488758965704298,msft,0.25,0.20709999084472655,0.2407719101502019,0.9311011420647598,1.0398325440980805,-0.5524420446125062,0.9915885959394259,0.9774701764893299,0.3228611125734809,-0.007179389305733431,0.48180671424340404,0.04075,0.926125,0.033125,-0.0297625,0.058750000000000004,0.8455,0.095875,0.20284999999999997,0.8154166666666667,0.12
2018-10-24,0.00593863820152718,-0.004404912834326091,-0.03348876654952926,-0.05346899963815077,0.45984044011478087,msft,0.5,0.25229999542236325,0.18414777057668177,0.968915067386791,1.1024315379017249,-0.8137417543447739,1.0446704456229046,1.0321633014539668,0.43603471239548747,-0.012479989663457418,0.4141369809853031,0.0538,0.7325,0.2137,0.25497000000000003,0.0511,0.8538,0.09530000000000001,0.47985,0.8283333333333333,0.06
2018-10-25,-0.017157093879904273,0.007189591618172342,0.04488636039341509,0.058444129933241884,-0.035228129919965934,msft,0.75,0.2421999931335449,0.11024307984627468,0.9142679141901948,1.0372968302025527,-0.3706632277413046,0.9856266766644844,0.9755284206796836,0.3813476256690224,-0.01105743152332054,0.4906958936788155,0.03916666666666666,0.7716666666666666,0.18916666666666668,0.21680833333333335,0.034749999999999996,0.8604166666666666,0.10458333333333332,0.6824,0.8058333333333333,0.09
2018-10-26,-0.008071333512152057,-0.00475882363907254,-0.013094671405252334,-0.012373074141509899,-0.09933524530064819,msft,1.0,0.24159999847412109,0.09698836457178864,0.9236424475909196,1.0457305404290909,-0.4426979307963789,0.996059729638203,0.9877203992840143,0.4231918589184177,-0.011444555252642818,0.47626880291923596,0.11425,0.7378750000000001,0.14775,0.013049999999999999,0.05275,0.85725,0.089875,0.620275,0.7416666666666667,0.07
2018-10-29,0.022897134194759472,-0.0004597981770831927,-0.029877861960543428,-0.02907629615717755,-0.006503599402771121,msft,0.0,0.24700000762939453,0.15013769838372132,0.9463973993699711,1.0710971000826006,-0.5881083055217858,1.0233380133320824,1.0167188124954376,0.5039535457549398,-0.01414361844005714,0.44486561173996025,0.07416666666666667,0.8931666666666667,0.03266666666666667,-0.06698333333333333,0.04750000000000001,0.8905,0.062,-0.11141666666666666,0.8295833333333333,0.07
2018-10-30,-0.04116175120820509,-0.0397424086118533,-0.014956181089685772,-0.0011554657578295435,0.18470867626264464,msft,0.25,0.23350000381469727,0.1589194259070003,0.9436950236082866,1.0655795852335583,-0.6968866701888654,1.0216015221228776,1.017281095359289,0.5375649064357504,-0.015935344424055368,0.4436978247838321,0.034428571428571426,0.9454285714285715,0.02014285714285714,-0.0034285714285714275,0.028571428571428574,0.9167142857142857,0.054714285714285715,0.6583571428571429,0.8995833333333333,0.07
2018-10-31,0.017171509901726,0.03602224789393116,0.05274197130262448,0.029692413978450904,-0.2186427424870966,msft,0.5,0.21229999542236327,0.11478963325358142,0.919027905005799,1.0248037925898805,-0.3151224013085379,0.9906795049453087,0.9876993766577615,0.3039348124373234,-0.014445186977933209,0.4799445039773244,0.09014285714285715,0.78,0.12985714285714287,0.12695714285714285,0.026571428571428572,0.9071428571428571,0.06628571428571428,0.35755714285714285,0.8479166666666668,0.07
2018-11-01,0.015269352931267743,-0.007582760305644198,0.0013283934952008636,-0.008332547607822982,-0.3462077771510935,msft,0.75,0.1934000015258789,0.08956216851482274,0.926458454564129,1.0274887847719694,-0.33457525458167847,0.9966959049963651,0.9955233957778732,0.3039348124373234,-0.014228848341624375,0.47077519231203246,0.0,0.9487142857142857,0.05128571428571428,0.06021428571428571,0.03414285714285714,0.8798571428571428,0.08585714285714285,0.5791142857142857,0.8679166666666667,0.06
2018-11-02,-0.005324611663472978,0.0,-0.00521174479982256,0.0022659129278046475,0.12868362878247797,msft,1.0,0.1951000022888184,0.1653878686851988,0.924483488503182,1.0196554320151456,-0.32271481591553,0.9920045131479607,0.9928077495653728,0.32117536943534847,-0.013598011544322611,0.4735808977297331,0.1045,0.7725,0.1225,0.05135,0.0675,0.8365,0.096,0.28815,0.8041666666666667,0.08
2018-11-06,0.008452233922903618,0.014163218853789461,0.012383267106053308,0.01469477679709752,-0.35403209112478173,msft,0.25,0.1990999984741211,0.04474714744440126,0.9142004317618574,0.9947710335096661,-0.17050215501267676,0.9735180451374202,0.9782597742231857,0.2269178724362609,-0.010311210977824201,0.4917811452319418,0.0,0.89,0.11,0.23835,0.0475,0.866,0.0865,0.8608,0.8604166666666667,0.12
2018-11-07,0.019184254429869707,0.03123853032228774,0.02935644319173436,0.039361286815086105,0.5571646905119925,msft,0.5,0.16360000610351563,0.077420239128337,0.8784033170205212,0.9632401755985713,0.17090307603004576,0.9360737642614744,0.9416148619461866,0.0453534740887771,-0.005768500097966379,0.53802361175631,0.064,0.9359999999999999,0.0,-0.07543333333333334,0.04033333333333333,0.8969999999999999,0.063,0.11713333333333331,0.8633333333333333,0.25
2018-11-08,0.021564332581362144,-0.0002672735198486764,0.013802578749263272,-0.0018756617201668435,-0.32340501877224503,msft,0.75,0.16719999313354492,0.0510212134071075,0.880201588715374,0.9699123435762929,0.2297466574002105,0.9370722122818208,0.9439690791164915,0.045353474088777164,-0.0025979115483646255,0.5355269125384701,0.0428,0.6788000000000001,0.27840000000000004,0.33936,0.0338,0.8606,0.1056,0.98092,0.8708333333333332,0.29
2018-11-09,-0.008497357349774859,-0.0067730339758609315,-0.01938510012522343,-0.019507832708508088,0.24937899945796493,msft,1.0,0.17360000610351561,0.09210401049429319,0.8977140441079093,0.9892096805378622,0.0817273628207378,0.9543163384977914,0.9630316713294612,0.1375733279066182,-0.0015986940372033705,0.51010728801336,0.0,1.0,0.0,0.0,0.0029999999999999996,0.8933333333333334,0.10333333333333333,0.9121666666666667,0.79625,0.18
2018-11-12,-0.012900318672621536,-0.013369205065671741,-0.02445755433856578,-0.024641753726040383,0.049395740218232564,msft,0.0,0.20450000762939452,0.21357964166956112,0.9199128869466625,1.0140278947610666,-0.13767206657092135,0.9758132470091673,0.9872558619393975,0.23527346143511965,-0.002708206435218799,0.48086329336434885,0.0195,0.8006666666666667,0.17983333333333332,0.23106666666666667,0.027,0.8691666666666666,0.104,0.7883,0.8170833333333333,0.11
2018-11-13,-0.017090067158475386,-0.011094954809575008,0.005089546873641604,0.0006549985311610218,0.05213284238202598,msft,0.25,0.20020000457763673,0.047512643314174124,0.9193839470607321,1.0096515202771275,-0.14275268028814336,0.9727213432794648,0.9866200881701345,0.23527346143511965,-0.003462637794430519,0.48165997973854824,0.0,0.8177272727272726,0.18227272727272725,0.2601,0.023,0.857,0.12018181818181818,0.862209090909091,0.8754166666666667,0.1
2018-11-14,0.005113857803412669,-0.004414159802912376,-0.02034882015533801,-0.018421555785754773,0.11648188248064995,msft,0.5,0.2125,0.06201425236770075,0.9354527567338696,1.0249576780856484,-0.2964466713575368,0.9880097395370138,1.0050515550436183,0.30831742597790923,-0.005195793123659083,0.4656388708483625,0.048799999999999996,0.9064,0.0448,0.031099999999999996,0.0196,0.8654,0.1152,0.99328,0.8979166666666667,0.07
2018-11-15,-0.028769663776601284,-0.004249021572102274,-0.005360367110657016,0.022006263996671827,-0.025063868682444146,msft,0.75,0.1997999954223633,0.1537311431751325,0.9152070354855921,1.0023150056989156,-0.23013799213660976,0.9652323622875779,0.9835121549739984,0.3260748633880957,-0.004651087082079443,0.49236083168982986,0.25,0.577,0.173,-0.2023,0.002,0.848,0.149,0.9976,0.8933333333333333,0.1
2018-11-16,0.01990669596923933,0.01001849880413852,0.027812523220055008,0.00941463597802894,-0.1299330999449425,msft,1.0,0.18139999389648442,0.07890676212590958,0.9066616466653884,0.9930625847888388,0.025104635689009336,0.9552347516557771,0.9745158321736122,0.2594183692546478,-0.0035029487297968615,0.5035888079090483,0.0,1.0,0.0,0.0,0.046,0.878,0.076,0.91,0.8454166666666667,0.1
2018-11-19,0.011113137763008707,-0.0029390127011060807,-0.030430710740944167,-0.03389046207329993,0.33645055086099074,msft,0.0,0.20100000381469726,0.12437041396031816,0.9366744037775405,1.0255144068865178,-0.324596806884316,0.9869789628190145,1.0081929451608538,0.36249978888145157,-0.005382721336756737,0.4649335219086458,0.0,1.0,0.0,0.0,0.014333333333333335,0.9146666666666666,0.07166666666666667,0.5283666666666667,0.8908333333333333,0.08
2018-11-20,-0.05975795503751824,-0.051492229767908015,-0.040560158897700815,-0.02781498361415846,0.4305767422538578,msft,0.25,0.22479999542236329,0.1104456245372866,0.9564777508783031,1.056242424966078,-0.9118101343134377,1.0120408089223585,1.0358677835642291,0.4653106680973307,-0.00908682333781903,0.437394066250719,0.0,0.918,0.082,0.131675,0.03175,0.866,0.10200000000000001,0.712575,0.8529166666666668,0.07
2018-11-21,0.01768168338313436,0.014178877995187467,0.029089073316908243,0.013764640040122122,-0.5608196401389485,msft,0.5,0.20799999237060546,0.06567723589824713,0.9458658397660955,1.040674720036563,-0.5550502557109117,0.9974924220304888,1.0207641593427388,0.38246327289618165,-0.010562160712881997,0.45350466186504435,0.0,0.9512,0.048799999999999996,0.08808,0.0312,0.8661999999999999,0.1026,0.39655999999999997,0.87125,0.13
2018-11-23,-0.013803091952100499,-0.005937017569378367,-0.002347396995149631,-0.00038794409165510135,-0.5086098412404997,msft,1.0,0.21520000457763672,0.04710341272994869,0.9425416627303825,1.0403197799291324,-0.5489962911527602,0.997137122804088,1.0198419910220329,0.38853814314252927,-0.01172870154209929,0.45312104762740574,0.0,0.857,0.143,0.128,0.014,0.931,0.055,0.9387,0.8533333333333333,0.09
2018-11-26,0.02564356262637557,0.027165010703641412,0.025294135598575185,0.032987305093100217,1.3392871353025009,msft,0.0,0.18899999618530278,0.056217239909788684,0.912432879886944,1.0070810358934839,-0.14368624767944901,0.9645023249099238,0.9865211571245851,0.2358374691107693,-0.009653873584583248,0.49097204690350865,0.0,0.9067142857142857,0.09328571428571429,0.12604285714285715,0.050571428571428566,0.857,0.092,0.5298999999999999,0.7958333333333333,0.17
2018-11-27,0.014123444170327959,0.006564799734291249,0.007458393245746375,0.006292835176703537,-0.09932212195619772,msft,0.25,0.19020000457763672,0.041526579645937596,0.9097210869514291,1.0011469621210876,-0.040590845653178144,0.9584716804953299,0.9796470411635534,0.20079713037883137,-0.007680101722254222,0.49805410743403244,0.099125,0.7651249999999999,0.135875,0.0034249999999999975,0.04525,0.830625,0.123875,0.7036,0.8154166666666667,0.19
2018-11-28,0.015244215655931592,0.03726823750824382,0.023728169946065636,0.03714768881469821,0.6064996823979811,msft,0.5,0.18489999771118165,0.14343615483446198,0.8786589471542107,0.9705565922303059,0.4430648591686757,0.9243144925330185,0.9445430537255054,0.02352926701278661,-0.0031244234590382335,0.5375890909393287,0.017,0.762,0.221,0.29512,0.0337,0.8609,0.1055,0.77093,0.7908333333333333,0.21
2018-11-29,0.022615649784129443,-0.0018862757659099394,0.01084737773340061,-0.008369332993059309,-0.39892922406146814,msft,0.75,0.18790000915527344,0.0716916463954378,0.8858504377055471,0.9823270322961646,0.45133765294341094,0.9321029345322864,0.9528304817672776,0.02352926701278671,-0.0003810396815997481,0.5275450214441524,0.058249999999999996,0.793,0.148875,0.193075,0.025375,0.887,0.087375,0.863375,0.7816666666666667,0.23
2018-11-30,0.0033535313246353393,-0.0013499057070850418,0.003026706729793549,0.006352635744920843,0.19707572395744433,msft,1.0,0.18069999694824218,0.12769919455673293,0.8806207416820814,0.9804743685014026,0.47047546116891953,0.927045743939015,0.947194499818158,0.02352926701278679,0.0022668381740854034,0.5343197277472111,0.0,0.852,0.148,0.21639999999999998,0.03125,0.8552500000000001,0.1135,0.9056500000000001,0.7220833333333333,0.22
2018-12-03,0.020776902576006062,0.02207801136605836,0.012527457378711304,0.010821507393336649,0.031700014257877385,msft,0.0,0.16440000534057617,0.10989378456236512,0.8709026099377352,0.9757538106924643,0.6496368299667881,0.9182369488955109,0.9376762222981524,0.07827339447099306,0.005089677353022043,0.5458675633135489,0.0502,0.7535999999999999,0.19619999999999999,0.1673,0.0206,0.8558,0.1236,0.81386,0.8491666666666667,0.2
2018-12-04,-0.009380509368086432,-0.006877083335295353,-0.022758098040851715,-0.03184940504469824,0.3012771789202138,msft,0.25,0.20739999771118164,0.08989656343371358,0.9000946210241101,1.0086178567413573,0.3520844060900599,0.9482555375741247,0.9684655139568876,0.028022062531261483,0.004974696612176199,0.5071616185987576,0.029199999999999997,0.8744,0.09659999999999999,0.1072,0.031,0.8952,0.0738,0.54356,0.8754166666666667,0.2
2018-12-06,-0.05467216913618944,-0.03018467280097814,-0.029664532960274936,0.006174030769126704,0.08651901674889917,msft,0.75,0.21190000534057618,0.07240810987022103,0.8950718693488997,1.0036331599165604,0.09203328915223183,0.9428939354641326,0.9622919320662722,0.14305123573586648,0.0051391849313017785,0.5138542322940667,0.0,0.7423333333333334,0.25766666666666665,0.42763333333333337,0.024000000000000004,0.8863333333333333,0.09000000000000001,0.6198666666666667,0.835,0.15
2018-12-07,0.024192001190479484,0.001922364413944555,-0.00666663760230668,-0.040022004294093305,-0.08272683953945836,msft,1.0,0.2322999954223633,0.04031623725860931,0.9306972779944147,1.0410501466846023,-0.1214525051736775,0.9831038437363353,1.001429235303256,0.16605732102723866,0.002249703020214602,0.4707240134448692,0.053200000000000004,0.9228,0.024,-0.06248,0.0422,0.8764,0.0814,0.39792,0.7845833333333333,0.11
2018-12-10,-0.03303187204636371,-0.013430732136098245,-0.003931003356787088,0.02642622258281868,-0.09420378333618229,msft,0.0,0.2263999938964844,0.05936896085176452,0.9076722860281639,1.0100184431686698,-0.0813726731200282,0.9577201736449026,0.9749255934864061,0.17984337427287161,0.0017750290436096122,0.4983347367503404,0.0895,0.9105,0.0,-0.1101,0.06125,0.832,0.1065,-0.0032999999999999974,0.8316666666666667,0.09
2018-12-11,0.04770992227481741,0.02750503333002441,0.0341707871076522,0.009294544418976036,0.038733870078305976,msft,0.25,0.2176000022888184,0.03253763086849867,0.8993718013743445,1.0002080093036887,0.2326692264726463,0.9495182640362175,0.9653132869269782,0.04595353630299566,0.0021223810806698796,0.507921384653521,0.0,1.0,0.0,0.0,0.06266666666666666,0.8729999999999999,0.065,-0.1658666666666667,0.8408333333333333,0.08
2018-12-12,0.00992710662655294,0.0028841793927536497,0.014892018221925207,0.004512436777687423,-0.14626290940236275,msft,0.5,0.21459999084472656,0.048878465923544265,0.8960315397678318,0.9973713352017257,0.3126295903957992,0.946922981118951,0.9605977636576629,0.0324591271541371,0.002717435325842921,0.5126422616942636,0.030199999999999998,0.7722,0.1976,0.26567999999999997,0.032,0.8642,0.1038,0.9044399999999999,0.8225,0.1
2018-12-13,-0.01181348693123041,-0.0035948046063798422,-0.0037601215945239908,0.0033919610467241235,-0.13402979299671114,msft,0.75,0.20649999618530276,0.04445688979711677,0.8937090031665093,0.9959057420242533,0.27211440775607704,0.9455299019529251,0.9568706260518445,0.04925898392351991,0.003409096969618868,0.5162674421514664,0.0,0.9518000000000001,0.0482,0.04526,0.0374,0.8470000000000001,0.11560000000000001,0.57534,0.8308333333333333,0.11
2018-12-14,-0.01213726783017588,-0.014521516825715008,-0.028813378740276785,-0.031247128956637726,0.5013723375056649,msft,1.0,0.21629999160766603,0.3242632284651981,0.923696503975968,1.02783024560403,-0.08590616161259691,0.9759309449243526,0.9869491408710188,0.16725520575376074,0.001568531770341133,0.48198589299680167,0.05433333333333334,0.8643333333333333,0.08133333333333333,0.09106666666666667,0.03933333333333333,0.8796666666666666,0.08066666666666666,0.6264,0.74625,0.08
2018-12-17,-0.026235531989751704,-0.03166757291619482,-0.03592417929409808,-0.02961425469960055,0.2107471658968052,msft,0.0,0.24520000457763672,0.08459870136071927,0.9465144809538544,1.0604612133922369,-0.5126260992571336,1.0049114644685548,1.015479490901106,0.2825149798231393,-0.0023206536658784867,0.4533914309639233,0.0,0.7933333333333333,0.2066666666666667,0.33499999999999996,0.02566666666666667,0.8673333333333333,0.10666666666666667,0.6264,0.7545833333333333,0.1
2018-12-19,-0.016696727778059195,0.01020788440933984,-0.003539481010638612,0.007775323709821036,0.1973566162721898,msft,0.5,0.25579999923706054,0.0613530551859719,0.9345730249631176,1.052043594328559,-0.3939533840758123,0.9955826083851281,1.004505604111078,0.16708857150936274,-0.006443794358777243,0.4621292181413981,0.0,0.91675,0.08325,0.1147,0.02225,0.88925,0.0885,0.576725,0.8108333333333333,0.08
2018-12-20,-0.005788697204903603,-0.024045656445242924,-0.02535766880628465,-0.02102420921831538,0.03132047473393729,msft,0.75,0.283799991607666,0.07725456252283734,0.9542110470412315,1.0748799065984913,-0.6078868561513208,1.015146689029989,1.024110448266816,0.2457738748971429,-0.00968225131790516,0.44247900252697325,0.06566666666666666,0.8101666666666666,0.12416666666666666,0.12165000000000002,0.054833333333333324,0.854,0.09083333333333332,0.36643333333333333,0.7616666666666667,0.05
2018-12-21,-0.013779774442380543,-0.012558696091023336,-0.013363026028917813,-0.03231207477362674,0.5816217430496118,msft,1.0,0.3011000061035156,0.1811297084412848,0.9745680910227424,1.11749334676585,-0.7454949033782148,1.0447151940050965,1.0558138436082651,0.2829650240762371,-0.014965923476029215,0.41501248142687364,0.0,1.0,0.0,0.0,0.042,0.867,0.09066666666666667,0.6281666666666667,0.7145833333333332,0.03
2018-12-24,-0.03886644745638157,-0.04883493960482399,-0.03570691319751407,-0.04173883704979264,-0.6050488079602956,msft,0.0,0.3606999969482422,0.09486551559612438,0.9938890457962283,1.1801522242609224,-1.0317869819701895,1.0843763752612872,1.0984286145828024,0.37045059318843454,-0.022840629352562772,0.3841753091170926,0.0,1.0,0.0,0.0,0.034,0.938,0.029,-0.1027,0.68125,0.02
2018-12-26,-0.02600328529475604,0.027763613216412963,-0.00021285669021486875,0.06830978957605716,0.17524900307725932,msft,0.5,0.3040999984741211,0.11233918826495073,0.9241501958226278,1.105220470156159,-0.6622882241277522,1.0123142927231434,1.026067863627857,0.2436693260700604,-0.021522787973731163,0.4504257291961315,0.0,1.0,0.0,0.0,0.048,0.853,0.0995,0.448,0.8283333333333333,0.04
2018-12-27,0.04372507556019589,0.004965736298307988,0.025968523469360738,0.006165500811799118,-0.04137325989448981,msft,0.75,0.29959999084472655,0.04722791912325708,0.9135612241358269,1.097702923101383,-0.49836228150188366,1.0044521817507064,1.0175708431657238,0.2214650132054121,-0.02078757659819095,0.45626062089739816,0.0915,0.75525,0.1535,0.07855000000000001,0.04175,0.8375,0.1205,0.7203999999999999,0.8416666666666667,0.08
2018-12-28,0.02809660826171978,0.012056539097422991,0.03236509406433896,-0.007807876192375662,-0.22833419194521043,msft,1.0,0.2834000015258789,0.014917332982499297,0.9163633777312348,1.1004378046083316,-0.3634589353177808,1.0104097372729046,1.0232984210697245,0.16711495591874248,-0.02084035906091297,0.44996359689065923,0.0,1.0,0.0,0.0,0.017,0.868,0.115,0.9984,0.7979166666666667,0.12
2018-12-31,-0.007836178382409908,-9.766757028417672e-05,0.009244431565240907,0.011754161892120196,-0.13149179370776753,msft,0.0,0.25420000076293947,0.026699002670589295,0.9033437689403783,1.0818563323442099,-0.28569276799290655,0.9975969372654246,1.009339887737156,0.1671149559187425,-0.019385463864819822,0.46144850753942357,0.302,0.698,0.0,-0.5994,0.042,0.893,0.064,0.25,0.6079166666666667,0.12
2019-01-02,-0.017178377411810386,-0.006347671056573523,-0.014934288764828052,-0.0044304120271165814,0.06497597501642871,msft,0.5,0.2321999931335449,0.08743013005699193,0.9059548663018722,1.078777675969703,-0.32574062349447364,1.0000814068647395,1.0120567429663943,0.21611853020256747,-0.018637192140349604,0.4576784569276202,0.08266666666666667,0.9173333333333332,0.0,-0.11826666666666667,0.04083333333333333,0.8593333333333333,0.09999999999999999,0.6184333333333333,0.8066666666666668,0.12
2019-01-03,0.005524815725794996,-0.015331671337530883,-0.017586471095899725,-0.03678798575615028,0.2052064433770271,msft,0.75,0.2545000076293945,0.10652882275340993,0.9363182875949678,1.1096968068563866,-0.45732251868055984,1.034689454273491,1.0483630562476711,0.2694193531466144,-0.02138295090016791,0.42778937691103236,0.0,0.8793333333333333,0.12066666666666666,0.09316666666666668,0.03166666666666667,0.8649999999999999,0.10366666666666667,0.6289666666666667,0.845,0.1
2019-01-04,-0.0037961764156890787,0.023155999982942932,0.017798389004629156,0.046509226984901675,0.03479406563313936,msft,1.0,0.21379999160766602,0.057489333902326925,0.8944743628845735,1.0543867705337242,-0.23921543208012735,0.9878585942039108,1.0004423035367291,0.1572647164863649,-0.01830932308305558,0.47128546541009164,0.0,0.9245,0.0755,0.07655,0.021,0.9099999999999999,0.0695,0.44665,0.8358333333333333,0.16
2019-01-07,0.019253892353008784,0.007413857096851162,0.020721753213727157,0.0012753581185986906,-0.19074865072196023,msft,0.0,0.21399999618530277,0.05090069619493912,0.8945125209799205,1.0451403796851508,-0.17290900019896224,0.9867103783290703,0.997640277403177,0.12253523332556812,-0.01631832291994451,0.47247606651130747,0.0,0.8075,0.1925,0.3062,0.037,0.8285,0.1345,0.9957499999999999,0.82125,0.19
2019-01-08,0.01377411977849241,0.006778392566973324,0.007229111737684812,0.00725069087660124,-0.11615684272817273,msft,0.25,0.2046999931335449,0.057417389116631086,0.8876536204963178,1.036144916886453,-0.12065910342846804,0.9795107717696382,0.9900055862306355,0.09031910454842111,-0.01393284425247065,0.4793788474245597,0.0,0.7713333333333333,0.22866666666666668,0.2852,0.021666666666666667,0.8758333333333334,0.1025,0.9055833333333334,0.8695833333333333,0.22
2019-01-09,0.007958071501731334,0.008752486506017565,0.01504275678958722,0.014299548129084183,0.024319041454065493,msft,0.5,0.1997999954223633,0.04662794188472505,0.8763481746226391,1.0172632773572095,-0.03260977975797355,0.9660710051023359,0.9758662604485281,0.048502834193627525,-0.010745266741339032,0.4930114688203111,0.031625,0.835375,0.133,0.1008625,0.015375,0.86625,0.11837500000000001,0.908425,0.8670833333333333,0.27
2019-01-10,-0.006162135431228233,-0.01077419224838061,-0.0083301106949496,-0.006425608425392304,-0.06856087829297908,msft,0.75,0.195,0.05126186250387418,0.8845689303475642,1.0166516107812429,-0.08946938528026287,0.9714297139440958,0.9813256929904592,0.08399342433209588,-0.008829544553830365,0.48699879453796074,0.0,0.79175,0.20825000000000002,0.322925,0.02325,0.8955,0.08099999999999999,0.620475,0.8616666666666667,0.31
